[12Aug2025 21:56:16.965] [main/INFO] [cpw.mods.modlauncher.Launcher/MODLAUNCHER]: ModLauncher running: args [--launchTarget, forgeserver, --fml.forgeVersion, 47.3.7, --fml.mcVersion, 1.20.1, --fml.forgeGroup, net.minecraftforge, --fml.mcpVersion, 20230612.114412, nogui]
[12Aug2025 21:56:16.970] [main/INFO] [cpw.mods.modlauncher.Launcher/MODLAUNCHER]: ModLauncher 10.0.9+10.0.9+main.dcd20f30 starting: java version 17.0.15 by Ubuntu; OS Linux arch amd64 version 6.8.0-1030-azure
[12Aug2025 21:56:16.995] [main/DEBUG] [cpw.mods.modlauncher.LaunchServiceHandler/MODLAUNCHER]: Found launch services [fmlclientdev,forgeclient,minecraft,forgegametestserverdev,fmlserveruserdev,fmlclient,fmldatauserdev,forgeserverdev,forgeserveruserdev,forgeclientdev,forgeclientuserdev,forgeserver,forgedatadev,fmlserver,fmlclientuserdev,fmlserverdev,forgedatauserdev,testharness,forgegametestserveruserdev]
[12Aug2025 21:56:17.006] [main/DEBUG] [cpw.mods.modlauncher.NameMappingServiceHandler/MODLAUNCHER]: Found naming services : [srgtomcp]
[12Aug2025 21:56:17.021] [main/DEBUG] [cpw.mods.modlauncher.LaunchPluginHandler/MODLAUNCHER]: Found launch plugins: [mixin,eventbus,slf4jfixer,object_holder_definalize,runtime_enum_extender,capability_token_subclass,accesstransformer,runtimedistcleaner]
[12Aug2025 21:56:17.033] [main/DEBUG] [cpw.mods.modlauncher.TransformationServicesHandler/MODLAUNCHER]: Discovering transformation services
[12Aug2025 21:56:17.038] [main/DEBUG] [net.minecraftforge.fml.loading.FMLPaths/CORE]: Path GAMEDIR is /workspaces/VxW-Next-Gen/servidor_minecraft
[12Aug2025 21:56:17.038] [main/DEBUG] [net.minecraftforge.fml.loading.FMLPaths/CORE]: Path MODSDIR is /workspaces/VxW-Next-Gen/servidor_minecraft/mods
[12Aug2025 21:56:17.038] [main/DEBUG] [net.minecraftforge.fml.loading.FMLPaths/CORE]: Path CONFIGDIR is /workspaces/VxW-Next-Gen/servidor_minecraft/config
[12Aug2025 21:56:17.038] [main/DEBUG] [net.minecraftforge.fml.loading.FMLPaths/CORE]: Path FMLCONFIG is /workspaces/VxW-Next-Gen/servidor_minecraft/config/fml.toml
[12Aug2025 21:56:18.352] [main/DEBUG] [cpw.mods.modlauncher.TransformationServicesHandler/MODLAUNCHER]: Found additional transformation services from discovery services: 
[12Aug2025 21:56:18.358] [main/INFO] [net.minecraftforge.fml.loading.ImmediateWindowHandler/]: ImmediateWindowProvider not loading because launch target is forgeserver
[12Aug2025 21:56:18.365] [main/DEBUG] [cpw.mods.modlauncher.TransformationServicesHandler/MODLAUNCHER]: Found transformer services : [mixin,fml]
[12Aug2025 21:56:18.365] [main/DEBUG] [cpw.mods.modlauncher.TransformationServicesHandler/MODLAUNCHER]: Transformation services loading
[12Aug2025 21:56:18.366] [main/DEBUG] [cpw.mods.modlauncher.TransformationServiceDecorator/MODLAUNCHER]: Loading service mixin
[12Aug2025 21:56:18.366] [main/DEBUG] [cpw.mods.modlauncher.TransformationServiceDecorator/MODLAUNCHER]: Loaded service mixin
[12Aug2025 21:56:18.366] [main/DEBUG] [cpw.mods.modlauncher.TransformationServiceDecorator/MODLAUNCHER]: Loading service fml
[12Aug2025 21:56:18.367] [main/DEBUG] [net.minecraftforge.fml.loading.LauncherVersion/CORE]: Found FMLLauncher version 1.0
[12Aug2025 21:56:18.367] [main/DEBUG] [net.minecraftforge.fml.loading.FMLLoader/CORE]: FML 1.0 loading
[12Aug2025 21:56:18.367] [main/DEBUG] [net.minecraftforge.fml.loading.FMLLoader/CORE]: FML found ModLauncher version : 10.0.9+10.0.9+main.dcd20f30
[12Aug2025 21:56:18.368] [main/DEBUG] [net.minecraftforge.fml.loading.FMLLoader/CORE]: FML found AccessTransformer version : 8.0.4+66+master.c09db6d7
[12Aug2025 21:56:18.368] [main/DEBUG] [net.minecraftforge.fml.loading.FMLLoader/CORE]: FML found EventBus version : 6.0.5+6.0.5+master.eb8e549b
[12Aug2025 21:56:18.368] [main/DEBUG] [net.minecraftforge.fml.loading.FMLLoader/CORE]: Found Runtime Dist Cleaner
[12Aug2025 21:56:18.369] [main/DEBUG] [net.minecraftforge.fml.loading.FMLLoader/CORE]: FML found CoreMod version : 5.1.6
[12Aug2025 21:56:18.370] [main/DEBUG] [net.minecraftforge.fml.loading.FMLLoader/CORE]: Found ForgeSPI package implementation version 7.0.1+7.0.1+master.d2b38bf6
[12Aug2025 21:56:18.370] [main/DEBUG] [net.minecraftforge.fml.loading.FMLLoader/CORE]: Found ForgeSPI package specification 5
[12Aug2025 21:56:18.370] [main/DEBUG] [cpw.mods.modlauncher.TransformationServiceDecorator/MODLAUNCHER]: Loaded service fml
[12Aug2025 21:56:18.371] [main/DEBUG] [cpw.mods.modlauncher.TransformationServicesHandler/MODLAUNCHER]: Configuring option handling for services
[12Aug2025 21:56:18.376] [main/DEBUG] [cpw.mods.modlauncher.TransformationServicesHandler/MODLAUNCHER]: Transformation services initializing
[12Aug2025 21:56:18.376] [main/DEBUG] [cpw.mods.modlauncher.TransformationServiceDecorator/MODLAUNCHER]: Initializing transformation service mixin
[12Aug2025 21:56:18.390] [main/DEBUG] [mixin/]: MixinService [ModLauncher] was successfully booted in cpw.mods.cl.ModuleClassLoader@1e7c7811
[12Aug2025 21:56:18.410] [main/INFO] [mixin/]: SpongePowered MIXIN Subsystem Version=0.8.5 Source=union:/workspaces/VxW-Next-Gen/servidor_minecraft/libraries/org/spongepowered/mixin/0.8.5/mixin-0.8.5.jar%2365!/ Service=ModLauncher Env=SERVER
[12Aug2025 21:56:18.413] [main/DEBUG] [mixin/]: Initialising Mixin Platform Manager
[12Aug2025 21:56:18.414] [main/DEBUG] [mixin/]: Adding mixin platform agents for container ModLauncher Root Container(ModLauncher:4f56a0a2)
[12Aug2025 21:56:18.414] [main/DEBUG] [mixin/]: Instancing new MixinPlatformAgentMinecraftForge for ModLauncher Root Container(ModLauncher:4f56a0a2)
[12Aug2025 21:56:18.415] [main/DEBUG] [mixin/]: MixinPlatformAgentMinecraftForge rejected container ModLauncher Root Container(ModLauncher:4f56a0a2)
[12Aug2025 21:56:18.415] [main/DEBUG] [mixin/]: Instancing new MixinPlatformAgentDefault for ModLauncher Root Container(ModLauncher:4f56a0a2)
[12Aug2025 21:56:18.415] [main/DEBUG] [mixin/]: MixinPlatformAgentDefault accepted container ModLauncher Root Container(ModLauncher:4f56a0a2)
[12Aug2025 21:56:18.419] [main/DEBUG] [cpw.mods.modlauncher.TransformationServiceDecorator/MODLAUNCHER]: Initialized transformation service mixin
[12Aug2025 21:56:18.419] [main/DEBUG] [cpw.mods.modlauncher.TransformationServiceDecorator/MODLAUNCHER]: Initializing transformation service fml
[12Aug2025 21:56:18.419] [main/DEBUG] [net.minecraftforge.fml.loading.FMLServiceProvider/CORE]: Setting up basic FML game directories
[12Aug2025 21:56:18.419] [main/DEBUG] [net.minecraftforge.fml.loading.FMLPaths/CORE]: Path GAMEDIR is /workspaces/VxW-Next-Gen/servidor_minecraft
[12Aug2025 21:56:18.420] [main/DEBUG] [net.minecraftforge.fml.loading.FMLPaths/CORE]: Path MODSDIR is /workspaces/VxW-Next-Gen/servidor_minecraft/mods
[12Aug2025 21:56:18.420] [main/DEBUG] [net.minecraftforge.fml.loading.FMLPaths/CORE]: Path CONFIGDIR is /workspaces/VxW-Next-Gen/servidor_minecraft/config
[12Aug2025 21:56:18.420] [main/DEBUG] [net.minecraftforge.fml.loading.FMLPaths/CORE]: Path FMLCONFIG is /workspaces/VxW-Next-Gen/servidor_minecraft/config/fml.toml
[12Aug2025 21:56:18.420] [main/DEBUG] [net.minecraftforge.fml.loading.FMLServiceProvider/CORE]: Loading configuration
[12Aug2025 21:56:18.422] [main/DEBUG] [net.minecraftforge.fml.loading.FMLServiceProvider/CORE]: Preparing ModFile
[12Aug2025 21:56:18.425] [main/DEBUG] [net.minecraftforge.fml.loading.FMLServiceProvider/CORE]: Preparing launch handler
[12Aug2025 21:56:18.425] [main/DEBUG] [net.minecraftforge.fml.loading.FMLLoader/CORE]: Using forgeserver as launch service
[12Aug2025 21:56:18.439] [main/DEBUG] [net.minecraftforge.fml.loading.FMLLoader/CORE]: Received command line version data  : VersionInfo[forgeVersion=47.3.7, mcVersion=1.20.1, mcpVersion=20230612.114412, forgeGroup=net.minecraftforge]
[12Aug2025 21:56:18.441] [main/DEBUG] [cpw.mods.modlauncher.TransformationServiceDecorator/MODLAUNCHER]: Initialized transformation service fml
[12Aug2025 21:56:18.441] [main/DEBUG] [cpw.mods.modlauncher.NameMappingServiceHandler/MODLAUNCHER]: Current naming domain is 'srg'
[12Aug2025 21:56:18.441] [main/DEBUG] [cpw.mods.modlauncher.NameMappingServiceHandler/MODLAUNCHER]: Identified name mapping providers {}
[12Aug2025 21:56:18.442] [main/DEBUG] [cpw.mods.modlauncher.TransformationServicesHandler/MODLAUNCHER]: Transformation services begin scanning
[12Aug2025 21:56:18.442] [main/DEBUG] [cpw.mods.modlauncher.TransformationServiceDecorator/MODLAUNCHER]: Beginning scan trigger - transformation service mixin
[12Aug2025 21:56:18.443] [main/DEBUG] [cpw.mods.modlauncher.TransformationServiceDecorator/MODLAUNCHER]: End scan trigger - transformation service mixin
[12Aug2025 21:56:18.443] [main/DEBUG] [cpw.mods.modlauncher.TransformationServiceDecorator/MODLAUNCHER]: Beginning scan trigger - transformation service fml
[12Aug2025 21:56:18.443] [main/DEBUG] [net.minecraftforge.fml.loading.FMLServiceProvider/CORE]: Initiating mod scan
[12Aug2025 21:56:18.453] [main/DEBUG] [net.minecraftforge.fml.loading.moddiscovery.ModListHandler/CORE]: Found mod coordinates from lists: []
[12Aug2025 21:56:18.457] [main/DEBUG] [net.minecraftforge.fml.loading.moddiscovery.ModDiscoverer/CORE]: Found Mod Locators : (mods folder:null),(maven libs:null),(exploded directory:null),(minecraft:null),(userdev classpath:null)
[12Aug2025 21:56:18.458] [main/DEBUG] [net.minecraftforge.fml.loading.moddiscovery.ModDiscoverer/CORE]: Found Dependency Locators : (JarInJar:null)
[12Aug2025 21:56:18.466] [main/DEBUG] [net.minecraftforge.fml.loading.moddiscovery.ModFileParser/LOADING]: Considering mod file candidate /workspaces/VxW-Next-Gen/servidor_minecraft/mods/Actual_mod_AerluneRPG0.0.4.jar
[12Aug2025 21:56:18.502] [main/DEBUG] [net.minecraftforge.fml.loading.moddiscovery.ModFileInfo/LOADING]: Found valid mod file Actual_mod_AerluneRPG0.0.4.jar with {world} mods - versions {0.0.4}
[12Aug2025 21:56:18.504] [main/DEBUG] [net.minecraftforge.fml.loading.moddiscovery.ModFileParser/LOADING]: Considering mod file candidate /workspaces/VxW-Next-Gen/servidor_minecraft/mods/aerlunerpg-1.0.3.jar
[12Aug2025 21:56:18.505] [main/DEBUG] [net.minecraftforge.fml.loading.moddiscovery.ModFileInfo/LOADING]: Found valid mod file aerlunerpg-1.0.3.jar with {aerlunerpg} mods - versions {1.0.0}
[12Aug2025 21:56:18.509] [main/DEBUG] [net.minecraftforge.fml.loading.moddiscovery.ModFileParser/LOADING]: Considering mod file candidate /workspaces/VxW-Next-Gen/servidor_minecraft/mods/alexscaves-2.0.2.jar
[12Aug2025 21:56:18.513] [main/DEBUG] [net.minecraftforge.fml.loading.moddiscovery.ModFileInfo/LOADING]: Found valid mod file alexscaves-2.0.2.jar with {alexscaves} mods - versions {2.0.2}
[12Aug2025 21:56:18.516] [main/DEBUG] [net.minecraftforge.fml.loading.moddiscovery.ModFileParser/LOADING]: Considering mod file candidate /workspaces/VxW-Next-Gen/servidor_minecraft/mods/alexsmobs-1.22.9.jar
[12Aug2025 21:56:18.518] [main/DEBUG] [net.minecraftforge.fml.loading.moddiscovery.ModFileInfo/LOADING]: Found valid mod file alexsmobs-1.22.9.jar with {alexsmobs} mods - versions {1.22.9}
[12Aug2025 21:56:18.518] [main/DEBUG] [net.minecraftforge.fml.loading.moddiscovery.ModFileParser/LOADING]: Considering mod file candidate /workspaces/VxW-Next-Gen/servidor_minecraft/mods/architectury-9.2.14-forge.jar
[12Aug2025 21:56:18.519] [main/DEBUG] [net.minecraftforge.fml.loading.moddiscovery.ModFileInfo/LOADING]: Found valid mod file architectury-9.2.14-forge.jar with {architectury} mods - versions {9.2.14}
[12Aug2025 21:56:18.520] [main/DEBUG] [net.minecraftforge.fml.loading.moddiscovery.ModFileParser/LOADING]: Considering mod file candidate /workspaces/VxW-Next-Gen/servidor_minecraft/mods/artifacts-forge-9.5.16.jar
[12Aug2025 21:56:18.522] [main/DEBUG] [net.minecraftforge.fml.loading.moddiscovery.ModFileInfo/LOADING]: Found valid mod file artifacts-forge-9.5.16.jar with {artifacts} mods - versions {9.5.16}
[12Aug2025 21:56:18.523] [main/DEBUG] [net.minecraftforge.fml.loading.moddiscovery.ModFileParser/LOADING]: Considering mod file candidate /workspaces/VxW-Next-Gen/servidor_minecraft/mods/balm-forge-1.20.1-7.3.33-all.jar
[12Aug2025 21:56:18.525] [main/DEBUG] [net.minecraftforge.fml.loading.moddiscovery.ModFileInfo/LOADING]: Found valid mod file balm-forge-1.20.1-7.3.33-all.jar with {balm} mods - versions {7.3.33}
[12Aug2025 21:56:18.525] [main/DEBUG] [net.minecraftforge.fml.loading.moddiscovery.ModFileParser/LOADING]: Considering mod file candidate /workspaces/VxW-Next-Gen/servidor_minecraft/mods/carryon-forge-1.20.1-2.1.2.7.jar
[12Aug2025 21:56:18.528] [main/DEBUG] [net.minecraftforge.fml.loading.moddiscovery.ModFileInfo/LOADING]: Found valid mod file carryon-forge-1.20.1-2.1.2.7.jar with {carryon} mods - versions {2.1.2.7}
[12Aug2025 21:56:18.530] [main/DEBUG] [net.minecraftforge.fml.loading.moddiscovery.ModFileParser/LOADING]: Considering mod file candidate /workspaces/VxW-Next-Gen/servidor_minecraft/mods/citadel-2.6.2-1.20.1.jar
[12Aug2025 21:56:18.532] [main/DEBUG] [net.minecraftforge.fml.loading.moddiscovery.ModFileInfo/LOADING]: Found valid mod file citadel-2.6.2-1.20.1.jar with {citadel} mods - versions {2.6.2}
[12Aug2025 21:56:18.533] [main/DEBUG] [net.minecraftforge.fml.loading.moddiscovery.ModFileParser/LOADING]: Considering mod file candidate /workspaces/VxW-Next-Gen/servidor_minecraft/mods/cloth-config-11.1.136-forge.jar
[12Aug2025 21:56:18.534] [main/DEBUG] [net.minecraftforge.fml.loading.moddiscovery.ModFileInfo/LOADING]: Found valid mod file cloth-config-11.1.136-forge.jar with {cloth_config} mods - versions {11.1.136}
[12Aug2025 21:56:18.535] [main/DEBUG] [net.minecraftforge.fml.loading.moddiscovery.ModFileParser/LOADING]: Considering mod file candidate /workspaces/VxW-Next-Gen/servidor_minecraft/mods/cupboard-1.20.1-2.7.jar
[12Aug2025 21:56:18.536] [main/DEBUG] [net.minecraftforge.fml.loading.moddiscovery.ModFileInfo/LOADING]: Found valid mod file cupboard-1.20.1-2.7.jar with {cupboard} mods - versions {1.20.1-2.7}
[12Aug2025 21:56:18.537] [main/DEBUG] [net.minecraftforge.fml.loading.moddiscovery.ModFileParser/LOADING]: Considering mod file candidate /workspaces/VxW-Next-Gen/servidor_minecraft/mods/curios-forge-5.14.1+1.20.1.jar
[12Aug2025 21:56:18.538] [main/DEBUG] [net.minecraftforge.fml.loading.moddiscovery.ModFileInfo/LOADING]: Found valid mod file curios-forge-5.14.1+1.20.1.jar with {curios} mods - versions {5.14.1+1.20.1}
[12Aug2025 21:56:18.541] [main/DEBUG] [net.minecraftforge.fml.loading.moddiscovery.ModFileParser/LOADING]: Considering mod file candidate /workspaces/VxW-Next-Gen/servidor_minecraft/mods/dragonsurvival-1.20.1-28.05.2025.jar
[12Aug2025 21:56:18.542] [main/DEBUG] [net.minecraftforge.fml.loading.moddiscovery.ModFileInfo/LOADING]: Found valid mod file dragonsurvival-1.20.1-28.05.2025.jar with {dragonsurvival} mods - versions {1.5.58}
[12Aug2025 21:56:18.544] [main/DEBUG] [net.minecraftforge.fml.loading.moddiscovery.ModFileParser/LOADING]: Considering mod file candidate /workspaces/VxW-Next-Gen/servidor_minecraft/mods/DungeonsArise-1.20.x-2.1.58-release.jar
[12Aug2025 21:56:18.545] [main/DEBUG] [net.minecraftforge.fml.loading.moddiscovery.ModFileInfo/LOADING]: Found valid mod file DungeonsArise-1.20.x-2.1.58-release.jar with {dungeons_arise} mods - versions {2.1.58-1.20.x}
[12Aug2025 21:56:18.545] [main/DEBUG] [net.minecraftforge.fml.loading.moddiscovery.ModFileParser/LOADING]: Considering mod file candidate /workspaces/VxW-Next-Gen/servidor_minecraft/mods/EnchantmentMachine-1.20.1-1.1.4.jar
[12Aug2025 21:56:18.546] [main/DEBUG] [net.minecraftforge.fml.loading.moddiscovery.ModFileInfo/LOADING]: Found valid mod file EnchantmentMachine-1.20.1-1.1.4.jar with {enchantmentmachine} mods - versions {1.1.4}
[12Aug2025 21:56:18.551] [main/DEBUG] [net.minecraftforge.fml.loading.moddiscovery.ModFileParser/LOADING]: Considering mod file candidate /workspaces/VxW-Next-Gen/servidor_minecraft/mods/ferritecore-6.0.1-forge.jar
[12Aug2025 21:56:18.551] [main/DEBUG] [net.minecraftforge.fml.loading.moddiscovery.ModFileInfo/LOADING]: Found valid mod file ferritecore-6.0.1-forge.jar with {ferritecore} mods - versions {6.0.1}
[12Aug2025 21:56:18.552] [main/DEBUG] [net.minecraftforge.fml.loading.moddiscovery.ModFileParser/LOADING]: Considering mod file candidate /workspaces/VxW-Next-Gen/servidor_minecraft/mods/ftb-library-forge-2001.2.10.jar
[12Aug2025 21:56:18.553] [main/DEBUG] [net.minecraftforge.fml.loading.moddiscovery.ModFileInfo/LOADING]: Found valid mod file ftb-library-forge-2001.2.10.jar with {ftblibrary} mods - versions {2001.2.10}
[12Aug2025 21:56:18.554] [main/DEBUG] [net.minecraftforge.fml.loading.moddiscovery.ModFileParser/LOADING]: Considering mod file candidate /workspaces/VxW-Next-Gen/servidor_minecraft/mods/ftb-ultimine-forge-2001.1.6.jar
[12Aug2025 21:56:18.554] [main/DEBUG] [net.minecraftforge.fml.loading.moddiscovery.ModFileInfo/LOADING]: Found valid mod file ftb-ultimine-forge-2001.1.6.jar with {ftbultimine} mods - versions {2001.1.6}
[12Aug2025 21:56:18.555] [main/DEBUG] [net.minecraftforge.fml.loading.moddiscovery.ModFileParser/LOADING]: Considering mod file candidate /workspaces/VxW-Next-Gen/servidor_minecraft/mods/geckolib-forge-1.20.1-4.7.3.jar
[12Aug2025 21:56:18.556] [main/DEBUG] [net.minecraftforge.fml.loading.moddiscovery.ModFileInfo/LOADING]: Found valid mod file geckolib-forge-1.20.1-4.7.3.jar with {geckolib} mods - versions {4.7.3}
[12Aug2025 21:56:18.556] [main/DEBUG] [net.minecraftforge.fml.loading.moddiscovery.ModFileParser/LOADING]: Considering mod file candidate /workspaces/VxW-Next-Gen/servidor_minecraft/mods/GodlyVampirism-1.20.1-1.10.0.jar
[12Aug2025 21:56:18.557] [main/DEBUG] [net.minecraftforge.fml.loading.moddiscovery.ModFileInfo/LOADING]: Found valid mod file GodlyVampirism-1.20.1-1.10.0.jar with {godly_vampirism} mods - versions {1.10.0}
[12Aug2025 21:56:18.558] [main/DEBUG] [net.minecraftforge.fml.loading.moddiscovery.ModFileParser/LOADING]: Considering mod file candidate /workspaces/VxW-Next-Gen/servidor_minecraft/mods/gravestone-forge-1.20.1-1.0.32.jar
[12Aug2025 21:56:18.559] [main/DEBUG] [net.minecraftforge.fml.loading.moddiscovery.ModFileInfo/LOADING]: Found valid mod file gravestone-forge-1.20.1-1.0.32.jar with {gravestone} mods - versions {1.20.1-1.0.32}
[12Aug2025 21:56:18.559] [main/DEBUG] [net.minecraftforge.fml.loading.moddiscovery.ModFileParser/LOADING]: Considering mod file candidate /workspaces/VxW-Next-Gen/servidor_minecraft/mods/Guide-API-VP-1.20.1-2.2.6.jar
[12Aug2025 21:56:18.560] [main/DEBUG] [net.minecraftforge.fml.loading.moddiscovery.ModFileInfo/LOADING]: Found valid mod file Guide-API-VP-1.20.1-2.2.6.jar with {guideapi_vp} mods - versions {2.2.6}
[12Aug2025 21:56:18.560] [main/DEBUG] [net.minecraftforge.fml.loading.moddiscovery.ModFileParser/LOADING]: Considering mod file candidate /workspaces/VxW-Next-Gen/servidor_minecraft/mods/iaf_patcher-1.0-all.jar
[12Aug2025 21:56:18.561] [main/DEBUG] [net.minecraftforge.fml.loading.moddiscovery.ModFileInfo/LOADING]: Found valid mod file iaf_patcher-1.0-all.jar with {iaf_patcher} mods - versions {1.0}
[12Aug2025 21:56:18.565] [main/DEBUG] [net.minecraftforge.fml.loading.moddiscovery.ModFileParser/LOADING]: Considering mod file candidate /workspaces/VxW-Next-Gen/servidor_minecraft/mods/iceandfire-2.1.13-1.20.1-beta-5.jar
[12Aug2025 21:56:18.566] [main/DEBUG] [net.minecraftforge.fml.loading.moddiscovery.ModFileInfo/LOADING]: Found valid mod file iceandfire-2.1.13-1.20.1-beta-5.jar with {iceandfire} mods - versions {2.1.13-1.20.1}
[12Aug2025 21:56:18.567] [main/DEBUG] [net.minecraftforge.fml.loading.moddiscovery.ModFileParser/LOADING]: Considering mod file candidate /workspaces/VxW-Next-Gen/servidor_minecraft/mods/Jade-1.20.1-Forge-11.13.1.jar
[12Aug2025 21:56:18.567] [main/DEBUG] [net.minecraftforge.fml.loading.moddiscovery.ModFileInfo/LOADING]: Found valid mod file Jade-1.20.1-Forge-11.13.1.jar with {jade} mods - versions {11.13.1+forge}
[12Aug2025 21:56:18.569] [main/DEBUG] [net.minecraftforge.fml.loading.moddiscovery.ModFileParser/LOADING]: Considering mod file candidate /workspaces/VxW-Next-Gen/servidor_minecraft/mods/jei-1.20.1-forge-15.20.0.112.jar
[12Aug2025 21:56:18.569] [main/DEBUG] [net.minecraftforge.fml.loading.moddiscovery.ModFileInfo/LOADING]: Found valid mod file jei-1.20.1-forge-15.20.0.112.jar with {jei} mods - versions {15.20.0.112}
[12Aug2025 21:56:18.570] [main/DEBUG] [net.minecraftforge.fml.loading.moddiscovery.ModFileParser/LOADING]: Considering mod file candidate /workspaces/VxW-Next-Gen/servidor_minecraft/mods/jeiintegration_1.20.1-10.0.0.jar
[12Aug2025 21:56:18.571] [main/DEBUG] [net.minecraftforge.fml.loading.moddiscovery.ModFileInfo/LOADING]: Found valid mod file jeiintegration_1.20.1-10.0.0.jar with {jeiintegration} mods - versions {10.0.0}
[12Aug2025 21:56:18.571] [main/DEBUG] [net.minecraftforge.fml.loading.moddiscovery.ModFileParser/LOADING]: Considering mod file candidate /workspaces/VxW-Next-Gen/servidor_minecraft/mods/jmi-forge-1.20.1-0.14-48.jar
[12Aug2025 21:56:18.572] [main/DEBUG] [net.minecraftforge.fml.loading.moddiscovery.ModFileInfo/LOADING]: Found valid mod file jmi-forge-1.20.1-0.14-48.jar with {jmi} mods - versions {1.20.1-0.14-48}
[12Aug2025 21:56:18.575] [main/DEBUG] [net.minecraftforge.fml.loading.moddiscovery.ModFileParser/LOADING]: Considering mod file candidate /workspaces/VxW-Next-Gen/servidor_minecraft/mods/journeymap-1.20.1-5.10.3-forge.jar
[12Aug2025 21:56:18.576] [main/DEBUG] [net.minecraftforge.fml.loading.moddiscovery.ModFileInfo/LOADING]: Found valid mod file journeymap-1.20.1-5.10.3-forge.jar with {journeymap} mods - versions {5.10.3}
[12Aug2025 21:56:18.576] [main/DEBUG] [net.minecraftforge.fml.loading.moddiscovery.ModFileParser/LOADING]: Considering mod file candidate /workspaces/VxW-Next-Gen/servidor_minecraft/mods/lionfishapi-2.4-Fix.jar
[12Aug2025 21:56:18.576] [main/DEBUG] [net.minecraftforge.fml.loading.moddiscovery.ModFileInfo/LOADING]: Found valid mod file lionfishapi-2.4-Fix.jar with {lionfishapi} mods - versions {2.4-Fix}
[12Aug2025 21:56:18.579] [main/DEBUG] [net.minecraftforge.fml.loading.moddiscovery.ModFileParser/LOADING]: Considering mod file candidate /workspaces/VxW-Next-Gen/servidor_minecraft/mods/minecraft-comes-alive-7.6.11+1.20.1-universal.jar
[12Aug2025 21:56:18.580] [main/DEBUG] [net.minecraftforge.fml.loading.moddiscovery.ModFileInfo/LOADING]: Found valid mod file minecraft-comes-alive-7.6.11+1.20.1-universal.jar with {mca} mods - versions {7.6.11+1.20.1}
[12Aug2025 21:56:18.581] [main/DEBUG] [net.minecraftforge.fml.loading.moddiscovery.ModFileParser/LOADING]: Considering mod file candidate /workspaces/VxW-Next-Gen/servidor_minecraft/mods/modernfix-forge-5.24.3+mc1.20.1.jar
[12Aug2025 21:56:18.582] [main/DEBUG] [net.minecraftforge.fml.loading.moddiscovery.ModFileInfo/LOADING]: Found valid mod file modernfix-forge-5.24.3+mc1.20.1.jar with {modernfix} mods - versions {5.24.3+mc1.20.1}
[12Aug2025 21:56:18.584] [main/DEBUG] [net.minecraftforge.fml.loading.moddiscovery.ModFileParser/LOADING]: Considering mod file candidate /workspaces/VxW-Next-Gen/servidor_minecraft/mods/mowziesmobs-1.7.3.jar
[12Aug2025 21:56:18.585] [main/DEBUG] [net.minecraftforge.fml.loading.moddiscovery.ModFileInfo/LOADING]: Found valid mod file mowziesmobs-1.7.3.jar with {mowziesmobs} mods - versions {1.7.3}
[12Aug2025 21:56:18.585] [main/DEBUG] [net.minecraftforge.fml.loading.moddiscovery.ModFileParser/LOADING]: Considering mod file candidate /workspaces/VxW-Next-Gen/servidor_minecraft/mods/MyServerIsCompatible-1.20-1.0.jar
[12Aug2025 21:56:18.586] [main/DEBUG] [net.minecraftforge.fml.loading.moddiscovery.ModFileInfo/LOADING]: Found valid mod file MyServerIsCompatible-1.20-1.0.jar with {myserveriscompatible} mods - versions {1.0}
[12Aug2025 21:56:18.586] [main/DEBUG] [net.minecraftforge.fml.loading.moddiscovery.ModFileParser/LOADING]: Considering mod file candidate /workspaces/VxW-Next-Gen/servidor_minecraft/mods/OctoLib-FORGE-0.5.0.1+1.20.1.jar
[12Aug2025 21:56:18.587] [main/DEBUG] [net.minecraftforge.fml.loading.moddiscovery.ModFileInfo/LOADING]: Found valid mod file OctoLib-FORGE-0.5.0.1+1.20.1.jar with {octolib} mods - versions {0.5.0.1}
[12Aug2025 21:56:18.588] [main/DEBUG] [net.minecraftforge.fml.loading.moddiscovery.ModFileParser/LOADING]: Considering mod file candidate /workspaces/VxW-Next-Gen/servidor_minecraft/mods/ParCool-1.20.1-3.4.1.1.jar
[12Aug2025 21:56:18.589] [main/DEBUG] [net.minecraftforge.fml.loading.moddiscovery.ModFileInfo/LOADING]: Found valid mod file ParCool-1.20.1-3.4.1.1.jar with {parcool} mods - versions {3.4.1.1}
[12Aug2025 21:56:18.590] [main/DEBUG] [net.minecraftforge.fml.loading.moddiscovery.ModFileParser/LOADING]: Considering mod file candidate /workspaces/VxW-Next-Gen/servidor_minecraft/mods/ParCool-CompatibilityAddon-1.20.1-3.3.1.0-1.0.jar
[12Aug2025 21:56:18.591] [main/DEBUG] [net.minecraftforge.fml.loading.moddiscovery.ModFileInfo/LOADING]: Found valid mod file ParCool-CompatibilityAddon-1.20.1-3.3.1.0-1.0.jar with {parcool_compat_addon} mods - versions {1.0}
[12Aug2025 21:56:18.592] [main/DEBUG] [net.minecraftforge.fml.loading.moddiscovery.ModFileParser/LOADING]: Considering mod file candidate /workspaces/VxW-Next-Gen/servidor_minecraft/mods/prefab-1.10.0.1.jar
[12Aug2025 21:56:18.592] [main/DEBUG] [net.minecraftforge.fml.loading.moddiscovery.ModFileInfo/LOADING]: Found valid mod file prefab-1.10.0.1.jar with {prefab} mods - versions {1.10.0.1}
[12Aug2025 21:56:18.593] [main/DEBUG] [net.minecraftforge.fml.loading.moddiscovery.ModFileParser/LOADING]: Considering mod file candidate /workspaces/VxW-Next-Gen/servidor_minecraft/mods/raccompat-1.20.1-0.1.3.jar
[12Aug2025 21:56:18.594] [main/DEBUG] [net.minecraftforge.fml.loading.moddiscovery.ModFileInfo/LOADING]: Found valid mod file raccompat-1.20.1-0.1.3.jar with {raccompat} mods - versions {0.1.3}
[12Aug2025 21:56:18.594] [main/DEBUG] [net.minecraftforge.fml.loading.moddiscovery.ModFileParser/LOADING]: Considering mod file candidate /workspaces/VxW-Next-Gen/servidor_minecraft/mods/ramcompat-1.20.1-0.1.4.jar
[12Aug2025 21:56:18.595] [main/DEBUG] [net.minecraftforge.fml.loading.moddiscovery.ModFileInfo/LOADING]: Found valid mod file ramcompat-1.20.1-0.1.4.jar with {ramcompat} mods - versions {0.1.4}
[12Aug2025 21:56:18.595] [main/DEBUG] [net.minecraftforge.fml.loading.moddiscovery.ModFileParser/LOADING]: Considering mod file candidate /workspaces/VxW-Next-Gen/servidor_minecraft/mods/rarcompat-1.20.1-0.1.7.jar
[12Aug2025 21:56:18.596] [main/DEBUG] [net.minecraftforge.fml.loading.moddiscovery.ModFileInfo/LOADING]: Found valid mod file rarcompat-1.20.1-0.1.7.jar with {rarcompat} mods - versions {0.1.7}
[12Aug2025 21:56:18.597] [main/DEBUG] [net.minecraftforge.fml.loading.moddiscovery.ModFileParser/LOADING]: Considering mod file candidate /workspaces/VxW-Next-Gen/servidor_minecraft/mods/relics-1.20.1-0.8.0.9.jar
[12Aug2025 21:56:18.598] [main/DEBUG] [net.minecraftforge.fml.loading.moddiscovery.ModFileInfo/LOADING]: Found valid mod file relics-1.20.1-0.8.0.9.jar with {relics} mods - versions {0.8.0.9}
[12Aug2025 21:56:18.599] [main/DEBUG] [net.minecraftforge.fml.loading.moddiscovery.ModFileParser/LOADING]: Considering mod file candidate /workspaces/VxW-Next-Gen/servidor_minecraft/mods/ROGContinued-forge-1.2.8.jar
[12Aug2025 21:56:18.600] [main/DEBUG] [net.minecraftforge.fml.loading.moddiscovery.ModFileInfo/LOADING]: Found valid mod file ROGContinued-forge-1.2.8.jar with {rogcontinued} mods - versions {1.2.8}
[12Aug2025 21:56:18.601] [main/DEBUG] [net.minecraftforge.fml.loading.moddiscovery.ModFileParser/LOADING]: Considering mod file candidate /workspaces/VxW-Next-Gen/servidor_minecraft/mods/spark-1.10.53-forge.jar
[12Aug2025 21:56:18.601] [main/DEBUG] [net.minecraftforge.fml.loading.moddiscovery.ModFileInfo/LOADING]: Found valid mod file spark-1.10.53-forge.jar with {spark} mods - versions {1.10.53}
[12Aug2025 21:56:18.602] [main/DEBUG] [net.minecraftforge.fml.loading.moddiscovery.ModFileParser/LOADING]: Considering mod file candidate /workspaces/VxW-Next-Gen/servidor_minecraft/mods/travelersbackpack-forge-1.20.1-9.1.39.jar
[12Aug2025 21:56:18.602] [main/DEBUG] [net.minecraftforge.fml.loading.moddiscovery.ModFileInfo/LOADING]: Found valid mod file travelersbackpack-forge-1.20.1-9.1.39.jar with {travelersbackpack} mods - versions {9.1.39}
[12Aug2025 21:56:18.603] [main/DEBUG] [net.minecraftforge.fml.loading.moddiscovery.ModFileParser/LOADING]: Considering mod file candidate /workspaces/VxW-Next-Gen/servidor_minecraft/mods/vampiricageing-1.20.1-1.3.26.jar
[12Aug2025 21:56:18.605] [main/DEBUG] [net.minecraftforge.fml.loading.moddiscovery.ModFileInfo/LOADING]: Found valid mod file vampiricageing-1.20.1-1.3.26.jar with {vampiricageing} mods - versions {1.20.1-1.3.26}
[12Aug2025 21:56:18.607] [main/DEBUG] [net.minecraftforge.fml.loading.moddiscovery.ModFileParser/LOADING]: Considering mod file candidate /workspaces/VxW-Next-Gen/servidor_minecraft/mods/Vampirism-1.20.1-1.10.13.jar
[12Aug2025 21:56:18.608] [main/DEBUG] [net.minecraftforge.fml.loading.moddiscovery.ModFileInfo/LOADING]: Found valid mod file Vampirism-1.20.1-1.10.13.jar with {vampirism,teamlapenlib} mods - versions {1.10.13,1.10.13}
[12Aug2025 21:56:18.609] [main/DEBUG] [net.minecraftforge.fml.loading.moddiscovery.ModFileParser/LOADING]: Considering mod file candidate /workspaces/VxW-Next-Gen/servidor_minecraft/mods/vampirism_integrations-1.20.1-1.8.0.jar
[12Aug2025 21:56:18.609] [main/DEBUG] [net.minecraftforge.fml.loading.moddiscovery.ModFileInfo/LOADING]: Found valid mod file vampirism_integrations-1.20.1-1.8.0.jar with {vampirism_integrations} mods - versions {1.8.0}
[12Aug2025 21:56:18.610] [main/DEBUG] [net.minecraftforge.fml.loading.moddiscovery.ModFileParser/LOADING]: Considering mod file candidate /workspaces/VxW-Next-Gen/servidor_minecraft/mods/waystones-forge-1.20.1-14.1.16.jar
[12Aug2025 21:56:18.610] [main/DEBUG] [net.minecraftforge.fml.loading.moddiscovery.ModFileInfo/LOADING]: Found valid mod file waystones-forge-1.20.1-14.1.16.jar with {waystones} mods - versions {14.1.16}
[12Aug2025 21:56:18.612] [main/DEBUG] [net.minecraftforge.fml.loading.moddiscovery.ModFileParser/LOADING]: Considering mod file candidate /workspaces/VxW-Next-Gen/servidor_minecraft/mods/Werewolves-1.20.1-2.0.2.7.jar
[12Aug2025 21:56:18.612] [main/DEBUG] [net.minecraftforge.fml.loading.moddiscovery.ModFileInfo/LOADING]: Found valid mod file Werewolves-1.20.1-2.0.2.7.jar with {werewolves} mods - versions {2.0.2.7}
[12Aug2025 21:56:18.613] [main/DEBUG] [net.minecraftforge.fml.loading.moddiscovery.ModFileParser/LOADING]: Considering mod file candidate /workspaces/VxW-Next-Gen/servidor_minecraft/mods/wings-2.1.4-all.jar
[12Aug2025 21:56:18.613] [main/DEBUG] [net.minecraftforge.fml.loading.moddiscovery.ModFileInfo/LOADING]: Found valid mod file wings-2.1.4-all.jar with {wings} mods - versions {2.1.4}
[12Aug2025 21:56:18.615] [main/DEBUG] [net.minecraftforge.fml.loading.moddiscovery.ModFileParser/LOADING]: Considering mod file candidate /workspaces/VxW-Next-Gen/servidor_minecraft/mods/worldedit-mod-7.2.15.jar
[12Aug2025 21:56:18.616] [main/DEBUG] [net.minecraftforge.fml.loading.moddiscovery.ModFileInfo/LOADING]: Found valid mod file worldedit-mod-7.2.15.jar with {worldedit} mods - versions {7.2.15+6463-5ca4dff}
[12Aug2025 21:56:18.753] [main/DEBUG] [net.minecraftforge.fml.loading.moddiscovery.ModFileInfo/LOADING]: Found valid mod file server-1.20.1-20230612.114412-srg.jar with {minecraft} mods - versions {1.20.1}
[12Aug2025 21:56:18.757] [main/DEBUG] [net.minecraftforge.fml.loading.moddiscovery.ModFileParser/LOADING]: Considering mod file candidate /workspaces/VxW-Next-Gen/servidor_minecraft/libraries/net/minecraftforge/fmlcore/1.20.1-47.3.7/fmlcore-1.20.1-47.3.7.jar
[12Aug2025 21:56:18.758] [main/WARN] [net.minecraftforge.fml.loading.moddiscovery.ModFileParser/LOADING]: Mod file /workspaces/VxW-Next-Gen/servidor_minecraft/libraries/net/minecraftforge/fmlcore/1.20.1-47.3.7/fmlcore-1.20.1-47.3.7.jar is missing mods.toml file
[12Aug2025 21:56:18.759] [main/DEBUG] [net.minecraftforge.fml.loading.moddiscovery.ModFileParser/LOADING]: Considering mod file candidate /workspaces/VxW-Next-Gen/servidor_minecraft/libraries/net/minecraftforge/javafmllanguage/1.20.1-47.3.7/javafmllanguage-1.20.1-47.3.7.jar
[12Aug2025 21:56:18.759] [main/WARN] [net.minecraftforge.fml.loading.moddiscovery.ModFileParser/LOADING]: Mod file /workspaces/VxW-Next-Gen/servidor_minecraft/libraries/net/minecraftforge/javafmllanguage/1.20.1-47.3.7/javafmllanguage-1.20.1-47.3.7.jar is missing mods.toml file
[12Aug2025 21:56:18.760] [main/DEBUG] [net.minecraftforge.fml.loading.moddiscovery.ModFileParser/LOADING]: Considering mod file candidate /workspaces/VxW-Next-Gen/servidor_minecraft/libraries/net/minecraftforge/lowcodelanguage/1.20.1-47.3.7/lowcodelanguage-1.20.1-47.3.7.jar
[12Aug2025 21:56:18.760] [main/WARN] [net.minecraftforge.fml.loading.moddiscovery.ModFileParser/LOADING]: Mod file /workspaces/VxW-Next-Gen/servidor_minecraft/libraries/net/minecraftforge/lowcodelanguage/1.20.1-47.3.7/lowcodelanguage-1.20.1-47.3.7.jar is missing mods.toml file
[12Aug2025 21:56:18.761] [main/DEBUG] [net.minecraftforge.fml.loading.moddiscovery.ModFileParser/LOADING]: Considering mod file candidate /workspaces/VxW-Next-Gen/servidor_minecraft/libraries/net/minecraftforge/mclanguage/1.20.1-47.3.7/mclanguage-1.20.1-47.3.7.jar
[12Aug2025 21:56:18.761] [main/WARN] [net.minecraftforge.fml.loading.moddiscovery.ModFileParser/LOADING]: Mod file /workspaces/VxW-Next-Gen/servidor_minecraft/libraries/net/minecraftforge/mclanguage/1.20.1-47.3.7/mclanguage-1.20.1-47.3.7.jar is missing mods.toml file
[12Aug2025 21:56:18.816] [main/DEBUG] [net.minecraftforge.fml.loading.moddiscovery.ModFileParser/LOADING]: Considering mod file candidate /workspaces/VxW-Next-Gen/servidor_minecraft/libraries/net/minecraftforge/forge/1.20.1-47.3.7/forge-1.20.1-47.3.7-universal.jar
[12Aug2025 21:56:18.817] [main/DEBUG] [net.minecraftforge.fml.loading.moddiscovery.ModFileInfo/LOADING]: Found valid mod file forge-1.20.1-47.3.7-universal.jar with {forge} mods - versions {47.3.7}
[12Aug2025 21:56:18.828] [main/DEBUG] [net.minecraftforge.fml.loading.moddiscovery.AbstractJarFileDependencyLocator/]: Failed to load resource META-INF/jarjar/metadata.json from mowziesmobs-1.7.3.jar, it does not contain dependency information.
[12Aug2025 21:56:18.828] [main/DEBUG] [net.minecraftforge.fml.loading.moddiscovery.AbstractJarFileDependencyLocator/]: Failed to load resource META-INF/jarjar/metadata.json from raccompat-1.20.1-0.1.3.jar, it does not contain dependency information.
[12Aug2025 21:56:18.828] [main/DEBUG] [net.minecraftforge.fml.loading.moddiscovery.AbstractJarFileDependencyLocator/]: Failed to load resource META-INF/jarjar/metadata.json from jmi-forge-1.20.1-0.14-48.jar, it does not contain dependency information.
[12Aug2025 21:56:18.829] [main/DEBUG] [net.minecraftforge.fml.loading.moddiscovery.AbstractJarFileDependencyLocator/]: Failed to load resource META-INF/jarjar/metadata.json from ftb-library-forge-2001.2.10.jar, it does not contain dependency information.
[12Aug2025 21:56:18.829] [main/DEBUG] [net.minecraftforge.fml.loading.moddiscovery.AbstractJarFileDependencyLocator/]: Failed to load resource META-INF/jarjar/metadata.json from alexsmobs-1.22.9.jar, it does not contain dependency information.
[12Aug2025 21:56:18.829] [main/DEBUG] [net.minecraftforge.fml.loading.moddiscovery.AbstractJarFileDependencyLocator/]: Failed to load resource META-INF/jarjar/metadata.json from ParCool-CompatibilityAddon-1.20.1-3.3.1.0-1.0.jar, it does not contain dependency information.
[12Aug2025 21:56:18.829] [main/DEBUG] [net.minecraftforge.fml.loading.moddiscovery.AbstractJarFileDependencyLocator/]: Failed to load resource META-INF/jarjar/metadata.json from vampirism_integrations-1.20.1-1.8.0.jar, it does not contain dependency information.
[12Aug2025 21:56:18.829] [main/DEBUG] [net.minecraftforge.fml.loading.moddiscovery.AbstractJarFileDependencyLocator/]: Failed to load resource META-INF/jarjar/metadata.json from minecraft-comes-alive-7.6.11+1.20.1-universal.jar, it does not contain dependency information.
[12Aug2025 21:56:18.829] [main/DEBUG] [net.minecraftforge.fml.loading.moddiscovery.AbstractJarFileDependencyLocator/]: Failed to load resource META-INF/jarjar/metadata.json from jei-1.20.1-forge-15.20.0.112.jar, it does not contain dependency information.
[12Aug2025 21:56:18.830] [main/DEBUG] [net.minecraftforge.fml.loading.moddiscovery.AbstractJarFileDependencyLocator/]: Failed to load resource META-INF/jarjar/metadata.json from prefab-1.10.0.1.jar, it does not contain dependency information.
[12Aug2025 21:56:18.830] [main/DEBUG] [net.minecraftforge.fml.loading.moddiscovery.AbstractJarFileDependencyLocator/]: Failed to load resource META-INF/jarjar/metadata.json from waystones-forge-1.20.1-14.1.16.jar, it does not contain dependency information.
[12Aug2025 21:56:18.830] [main/DEBUG] [net.minecraftforge.fml.loading.moddiscovery.AbstractJarFileDependencyLocator/]: Failed to load resource META-INF/jarjar/metadata.json from journeymap-1.20.1-5.10.3-forge.jar, it does not contain dependency information.
[12Aug2025 21:56:18.830] [main/DEBUG] [net.minecraftforge.fml.loading.moddiscovery.AbstractJarFileDependencyLocator/]: Failed to load resource META-INF/jarjar/metadata.json from citadel-2.6.2-1.20.1.jar, it does not contain dependency information.
[12Aug2025 21:56:18.830] [main/DEBUG] [net.minecraftforge.fml.loading.moddiscovery.AbstractJarFileDependencyLocator/]: Failed to load resource META-INF/jarjar/metadata.json from travelersbackpack-forge-1.20.1-9.1.39.jar, it does not contain dependency information.
[12Aug2025 21:56:18.830] [main/DEBUG] [net.minecraftforge.fml.loading.moddiscovery.AbstractJarFileDependencyLocator/]: Failed to load resource META-INF/jarjar/metadata.json from MyServerIsCompatible-1.20-1.0.jar, it does not contain dependency information.
[12Aug2025 21:56:18.830] [main/DEBUG] [net.minecraftforge.fml.loading.moddiscovery.AbstractJarFileDependencyLocator/]: Failed to load resource META-INF/jarjar/metadata.json from vampiricageing-1.20.1-1.3.26.jar, it does not contain dependency information.
[12Aug2025 21:56:18.831] [main/DEBUG] [net.minecraftforge.fml.loading.moddiscovery.AbstractJarFileDependencyLocator/]: Failed to load resource META-INF/jarjar/metadata.json from Guide-API-VP-1.20.1-2.2.6.jar, it does not contain dependency information.
[12Aug2025 21:56:18.831] [main/DEBUG] [net.minecraftforge.fml.loading.moddiscovery.AbstractJarFileDependencyLocator/]: Failed to load resource META-INF/jarjar/metadata.json from relics-1.20.1-0.8.0.9.jar, it does not contain dependency information.
[12Aug2025 21:56:18.831] [main/DEBUG] [net.minecraftforge.fml.loading.moddiscovery.AbstractJarFileDependencyLocator/]: Failed to load resource META-INF/jarjar/metadata.json from iceandfire-2.1.13-1.20.1-beta-5.jar, it does not contain dependency information.
[12Aug2025 21:56:18.831] [main/DEBUG] [net.minecraftforge.fml.loading.moddiscovery.AbstractJarFileDependencyLocator/]: Failed to load resource META-INF/jarjar/metadata.json from ramcompat-1.20.1-0.1.4.jar, it does not contain dependency information.
[12Aug2025 21:56:18.831] [main/DEBUG] [net.minecraftforge.fml.loading.moddiscovery.AbstractJarFileDependencyLocator/]: Failed to load resource META-INF/jarjar/metadata.json from cloth-config-11.1.136-forge.jar, it does not contain dependency information.
[12Aug2025 21:56:18.831] [main/DEBUG] [net.minecraftforge.fml.loading.moddiscovery.AbstractJarFileDependencyLocator/]: Failed to load resource META-INF/jarjar/metadata.json from forge-1.20.1-47.3.7-universal.jar, it does not contain dependency information.
[12Aug2025 21:56:18.832] [main/DEBUG] [net.minecraftforge.fml.loading.moddiscovery.AbstractJarFileDependencyLocator/]: Failed to load resource META-INF/jarjar/metadata.json from DungeonsArise-1.20.x-2.1.58-release.jar, it does not contain dependency information.
[12Aug2025 21:56:18.832] [main/DEBUG] [net.minecraftforge.fml.loading.moddiscovery.AbstractJarFileDependencyLocator/]: Failed to load resource META-INF/jarjar/metadata.json from server-1.20.1-20230612.114412-srg.jar, it does not contain dependency information.
[12Aug2025 21:56:18.832] [main/DEBUG] [net.minecraftforge.fml.loading.moddiscovery.AbstractJarFileDependencyLocator/]: Failed to load resource META-INF/jarjar/metadata.json from alexscaves-2.0.2.jar, it does not contain dependency information.
[12Aug2025 21:56:18.832] [main/DEBUG] [net.minecraftforge.fml.loading.moddiscovery.AbstractJarFileDependencyLocator/]: Failed to load resource META-INF/jarjar/metadata.json from aerlunerpg-1.0.3.jar, it does not contain dependency information.
[12Aug2025 21:56:18.832] [main/DEBUG] [net.minecraftforge.fml.loading.moddiscovery.AbstractJarFileDependencyLocator/]: Failed to load resource META-INF/jarjar/metadata.json from Jade-1.20.1-Forge-11.13.1.jar, it does not contain dependency information.
[12Aug2025 21:56:18.832] [main/DEBUG] [net.minecraftforge.fml.loading.moddiscovery.AbstractJarFileDependencyLocator/]: Failed to load resource META-INF/jarjar/metadata.json from Werewolves-1.20.1-2.0.2.7.jar, it does not contain dependency information.
[12Aug2025 21:56:18.833] [main/DEBUG] [net.minecraftforge.fml.loading.moddiscovery.AbstractJarFileDependencyLocator/]: Failed to load resource META-INF/jarjar/metadata.json from lionfishapi-2.4-Fix.jar, it does not contain dependency information.
[12Aug2025 21:56:18.833] [main/DEBUG] [net.minecraftforge.fml.loading.moddiscovery.AbstractJarFileDependencyLocator/]: Failed to load resource META-INF/jarjar/metadata.json from Actual_mod_AerluneRPG0.0.4.jar, it does not contain dependency information.
[12Aug2025 21:56:18.833] [main/DEBUG] [net.minecraftforge.fml.loading.moddiscovery.AbstractJarFileDependencyLocator/]: Failed to load resource META-INF/jarjar/metadata.json from spark-1.10.53-forge.jar, it does not contain dependency information.
[12Aug2025 21:56:18.833] [main/DEBUG] [net.minecraftforge.fml.loading.moddiscovery.AbstractJarFileDependencyLocator/]: Failed to load resource META-INF/jarjar/metadata.json from ROGContinued-forge-1.2.8.jar, it does not contain dependency information.
[12Aug2025 21:56:18.833] [main/DEBUG] [net.minecraftforge.fml.loading.moddiscovery.AbstractJarFileDependencyLocator/]: Failed to load resource META-INF/jarjar/metadata.json from jeiintegration_1.20.1-10.0.0.jar, it does not contain dependency information.
[12Aug2025 21:56:18.833] [main/DEBUG] [net.minecraftforge.fml.loading.moddiscovery.AbstractJarFileDependencyLocator/]: Failed to load resource META-INF/jarjar/metadata.json from EnchantmentMachine-1.20.1-1.1.4.jar, it does not contain dependency information.
[12Aug2025 21:56:18.833] [main/DEBUG] [net.minecraftforge.fml.loading.moddiscovery.AbstractJarFileDependencyLocator/]: Failed to load resource META-INF/jarjar/metadata.json from curios-forge-5.14.1+1.20.1.jar, it does not contain dependency information.
[12Aug2025 21:56:18.834] [main/DEBUG] [net.minecraftforge.fml.loading.moddiscovery.AbstractJarFileDependencyLocator/]: Failed to load resource META-INF/jarjar/metadata.json from GodlyVampirism-1.20.1-1.10.0.jar, it does not contain dependency information.
[12Aug2025 21:56:18.834] [main/DEBUG] [net.minecraftforge.fml.loading.moddiscovery.AbstractJarFileDependencyLocator/]: Failed to load resource META-INF/jarjar/metadata.json from gravestone-forge-1.20.1-1.0.32.jar, it does not contain dependency information.
[12Aug2025 21:56:18.834] [main/DEBUG] [net.minecraftforge.fml.loading.moddiscovery.AbstractJarFileDependencyLocator/]: Failed to load resource META-INF/jarjar/metadata.json from ParCool-1.20.1-3.4.1.1.jar, it does not contain dependency information.
[12Aug2025 21:56:18.834] [main/DEBUG] [net.minecraftforge.fml.loading.moddiscovery.AbstractJarFileDependencyLocator/]: Failed to load resource META-INF/jarjar/metadata.json from ftb-ultimine-forge-2001.1.6.jar, it does not contain dependency information.
[12Aug2025 21:56:18.834] [main/DEBUG] [net.minecraftforge.fml.loading.moddiscovery.AbstractJarFileDependencyLocator/]: Failed to load resource META-INF/jarjar/metadata.json from worldedit-mod-7.2.15.jar, it does not contain dependency information.
[12Aug2025 21:56:18.834] [main/DEBUG] [net.minecraftforge.fml.loading.moddiscovery.AbstractJarFileDependencyLocator/]: Failed to load resource META-INF/jarjar/metadata.json from architectury-9.2.14-forge.jar, it does not contain dependency information.
[12Aug2025 21:56:18.834] [main/DEBUG] [net.minecraftforge.fml.loading.moddiscovery.AbstractJarFileDependencyLocator/]: Failed to load resource META-INF/jarjar/metadata.json from Vampirism-1.20.1-1.10.13.jar, it does not contain dependency information.
[12Aug2025 21:56:18.835] [main/DEBUG] [net.minecraftforge.fml.loading.moddiscovery.AbstractJarFileDependencyLocator/]: Failed to load resource META-INF/jarjar/metadata.json from ferritecore-6.0.1-forge.jar, it does not contain dependency information.
[12Aug2025 21:56:18.835] [main/DEBUG] [net.minecraftforge.fml.loading.moddiscovery.AbstractJarFileDependencyLocator/]: Failed to load resource META-INF/jarjar/metadata.json from cupboard-1.20.1-2.7.jar, it does not contain dependency information.
[12Aug2025 21:56:18.835] [main/DEBUG] [net.minecraftforge.fml.loading.moddiscovery.AbstractJarFileDependencyLocator/]: Failed to load resource META-INF/jarjar/metadata.json from rarcompat-1.20.1-0.1.7.jar, it does not contain dependency information.
[12Aug2025 21:56:18.835] [main/DEBUG] [net.minecraftforge.fml.loading.moddiscovery.AbstractJarFileDependencyLocator/]: Failed to load resource META-INF/jarjar/metadata.json from mclanguage-1.20.1-47.3.7.jar, it does not contain dependency information.
[12Aug2025 21:56:18.835] [main/DEBUG] [net.minecraftforge.fml.loading.moddiscovery.AbstractJarFileDependencyLocator/]: Failed to load resource META-INF/jarjar/metadata.json from javafmllanguage-1.20.1-47.3.7.jar, it does not contain dependency information.
[12Aug2025 21:56:18.835] [main/DEBUG] [net.minecraftforge.fml.loading.moddiscovery.AbstractJarFileDependencyLocator/]: Failed to load resource META-INF/jarjar/metadata.json from fmlcore-1.20.1-47.3.7.jar, it does not contain dependency information.
[12Aug2025 21:56:18.835] [main/DEBUG] [net.minecraftforge.fml.loading.moddiscovery.AbstractJarFileDependencyLocator/]: Failed to load resource META-INF/jarjar/metadata.json from lowcodelanguage-1.20.1-47.3.7.jar, it does not contain dependency information.
[12Aug2025 21:56:18.879] [main/DEBUG] [net.minecraftforge.fml.loading.moddiscovery.ModFileParser/LOADING]: Considering mod file candidate 
[12Aug2025 21:56:18.880] [main/DEBUG] [net.minecraftforge.fml.loading.moddiscovery.ModFileInfo/LOADING]: Found valid mod file mixinextras-forge-0.2.0-beta.6.jar with {mixinextras} mods - versions {0.2.0-beta.6}
[12Aug2025 21:56:18.882] [main/DEBUG] [net.minecraftforge.fml.loading.moddiscovery.ModFileParser/LOADING]: Considering mod file candidate 
[12Aug2025 21:56:18.883] [main/DEBUG] [net.minecraftforge.fml.loading.moddiscovery.ModFileInfo/LOADING]: Found valid mod file mixinextras-forge-0.3.5.jar with {mixinextras} mods - versions {0.3.5}
[12Aug2025 21:56:18.885] [main/DEBUG] [net.minecraftforge.fml.loading.moddiscovery.ModFileParser/LOADING]: Considering mod file candidate 
[12Aug2025 21:56:18.886] [main/DEBUG] [net.minecraftforge.fml.loading.moddiscovery.ModFileInfo/LOADING]: Found valid mod file expandability-forge-9.0.4.jar with {expandability} mods - versions {9.0.4}
[12Aug2025 21:56:18.888] [main/DEBUG] [net.minecraftforge.fml.loading.moddiscovery.ModFileParser/LOADING]: Considering mod file candidate 
[12Aug2025 21:56:18.888] [main/DEBUG] [net.minecraftforge.fml.loading.moddiscovery.ModFileInfo/LOADING]: Found valid mod file mixinextras-forge-0.3.5.jar with {mixinextras} mods - versions {0.3.5}
[12Aug2025 21:56:18.891] [main/DEBUG] [net.minecraftforge.fml.loading.moddiscovery.ModFileParser/LOADING]: Considering mod file candidate 
[12Aug2025 21:56:18.892] [main/DEBUG] [net.minecraftforge.fml.loading.moddiscovery.ModFileInfo/LOADING]: Found valid mod file mixinextras-forge-0.4.1.jar with {mixinextras} mods - versions {0.4.1}
[12Aug2025 21:56:18.913] [main/DEBUG] [net.minecraftforge.fml.loading.moddiscovery.ModFileParser/LOADING]: Considering mod file candidate 
[12Aug2025 21:56:18.914] [main/DEBUG] [net.minecraftforge.fml.loading.moddiscovery.ModFileInfo/LOADING]: Found valid mod file mixinextras-forge-0.3.6.jar with {mixinextras} mods - versions {0.3.6}
[12Aug2025 21:56:18.915] [main/DEBUG] [net.minecraftforge.fml.loading.moddiscovery.ModFileParser/LOADING]: Considering mod file candidate 
[12Aug2025 21:56:18.916] [main/DEBUG] [net.minecraftforge.fml.loading.moddiscovery.ModFileInfo/LOADING]: Found valid mod file kuma-api-forge-20.1.10+1.20.1.jar with {kuma_api} mods - versions {20.1.10}
[12Aug2025 21:56:18.918] [main/DEBUG] [net.minecraftforge.fml.loading.moddiscovery.ModFileParser/LOADING]: Considering mod file candidate 
[12Aug2025 21:56:18.919] [main/DEBUG] [net.minecraftforge.fml.loading.moddiscovery.ModFileInfo/LOADING]: Found valid mod file mixinextras-forge-0.2.0.jar with {mixinextras} mods - versions {0.2.0}
[12Aug2025 21:56:18.943] [main/DEBUG] [net.minecraftforge.fml.loading.moddiscovery.AbstractJarFileDependencyLocator/]: Failed to load resource META-INF/jarjar/metadata.json from snakeyaml-2.2.jar, it does not contain dependency information.
[12Aug2025 21:56:18.943] [main/DEBUG] [net.minecraftforge.fml.loading.moddiscovery.AbstractJarFileDependencyLocator/]: Failed to load resource META-INF/jarjar/metadata.json from mclib-20.jar, it does not contain dependency information.
[12Aug2025 21:56:18.948] [main/DEBUG] [net.minecraftforge.fml.loading.moddiscovery.AbstractJarFileDependencyLocator/]: Failed to load resource META-INF/jarjar/metadata.json from kuma-api-forge-20.1.10+1.20.1.jar, it does not contain dependency information.
[12Aug2025 21:56:18.953] [main/DEBUG] [net.minecraftforge.fml.loading.moddiscovery.AbstractJarFileDependencyLocator/]: Failed to load resource META-INF/jarjar/metadata.json from MixinExtras-0.2.0-beta.6.jar, it does not contain dependency information.
[12Aug2025 21:56:18.953] [main/DEBUG] [net.minecraftforge.fml.loading.moddiscovery.AbstractJarFileDependencyLocator/]: Failed to load resource META-INF/jarjar/metadata.json from MixinExtras-0.3.5.jar, it does not contain dependency information.
[12Aug2025 21:56:18.953] [main/DEBUG] [net.minecraftforge.fml.loading.moddiscovery.AbstractJarFileDependencyLocator/]: Failed to load resource META-INF/jarjar/metadata.json from MixinExtras-0.1.1.jar, it does not contain dependency information.
[12Aug2025 21:56:18.953] [main/DEBUG] [net.minecraftforge.fml.loading.moddiscovery.AbstractJarFileDependencyLocator/]: Failed to load resource META-INF/jarjar/metadata.json from MixinExtras-0.3.5.jar, it does not contain dependency information.
[12Aug2025 21:56:18.953] [main/DEBUG] [net.minecraftforge.fml.loading.moddiscovery.AbstractJarFileDependencyLocator/]: Failed to load resource META-INF/jarjar/metadata.json from MixinExtras-0.4.1.jar, it does not contain dependency information.
[12Aug2025 21:56:18.953] [main/DEBUG] [net.minecraftforge.fml.loading.moddiscovery.AbstractJarFileDependencyLocator/]: Failed to load resource META-INF/jarjar/metadata.json from MixinExtras-0.3.6.jar, it does not contain dependency information.
[12Aug2025 21:56:18.954] [main/DEBUG] [net.minecraftforge.fml.loading.moddiscovery.AbstractJarFileDependencyLocator/]: Failed to load resource META-INF/jarjar/metadata.json from MixinExtras-0.2.0.jar, it does not contain dependency information.
[12Aug2025 21:56:18.981] [main/DEBUG] [net.minecraftforge.fml.loading.moddiscovery.ModFileParser/LOADING]: Considering mod file candidate 
[12Aug2025 21:56:18.981] [main/DEBUG] [net.minecraftforge.fml.loading.moddiscovery.ModFileInfo/LOADING]: Found valid mod file expandability-forge-9.0.4.jar with {expandability} mods - versions {9.0.4}
[12Aug2025 21:56:18.983] [main/DEBUG] [net.minecraftforge.fml.loading.moddiscovery.ModFileParser/LOADING]: Considering mod file candidate 
[12Aug2025 21:56:18.983] [main/DEBUG] [net.minecraftforge.fml.loading.moddiscovery.ModFileInfo/LOADING]: Found valid mod file mixinextras-forge-0.4.1.jar with {mixinextras} mods - versions {0.4.1}
[12Aug2025 21:56:18.984] [main/DEBUG] [net.minecraftforge.fml.loading.moddiscovery.ModFileParser/LOADING]: Considering mod file candidate 
[12Aug2025 21:56:18.985] [main/DEBUG] [net.minecraftforge.fml.loading.moddiscovery.ModFileInfo/LOADING]: Found valid mod file kuma-api-forge-20.1.10+1.20.1.jar with {kuma_api} mods - versions {20.1.10}
[12Aug2025 21:56:18.986] [main/DEBUG] [net.minecraftforge.fml.loading.moddiscovery.ModFileParser/LOADING]: Considering mod file candidate 
[12Aug2025 21:56:18.986] [main/DEBUG] [net.minecraftforge.fml.loading.moddiscovery.ModFileInfo/LOADING]: Found valid mod file mixinextras-forge-0.2.0-beta.6.jar with {mixinextras} mods - versions {0.2.0-beta.6}
[12Aug2025 21:56:18.993] [main/WARN] [net.minecraftforge.jarjar.selection.JarSelector/]: Attempted to select two dependency jars from JarJar which have the same identification: Mod File:  and Mod File: . Using Mod File: 
[12Aug2025 21:56:18.994] [main/INFO] [net.minecraftforge.fml.loading.moddiscovery.JarInJarDependencyLocator/]: Found 6 dependencies adding them to mods collection
[12Aug2025 21:56:18.996] [main/DEBUG] [net.minecraftforge.fml.loading.moddiscovery.ModFileParser/LOADING]: Considering mod file candidate 
[12Aug2025 21:56:18.997] [main/DEBUG] [net.minecraftforge.fml.loading.moddiscovery.ModFileInfo/LOADING]: Found valid mod file kuma-api-forge-20.1.10+1.20.1.jar with {kuma_api} mods - versions {20.1.10}
[12Aug2025 21:56:18.999] [main/DEBUG] [net.minecraftforge.fml.loading.moddiscovery.ModFile/LOADING]: Loading mod file  with languages [LanguageSpec[languageName=javafml, acceptedVersions=[47,)]]
[12Aug2025 21:56:19.000] [main/DEBUG] [net.minecraftforge.fml.loading.moddiscovery.ModFileParser/LOADING]: Considering mod file candidate /workspaces/VxW-Next-Gen/servidor_minecraft/mods/mowziesmobs-1.7.3.jar
[12Aug2025 21:56:19.001] [main/DEBUG] [net.minecraftforge.fml.loading.moddiscovery.ModFileInfo/LOADING]: Found valid mod file mowziesmobs-1.7.3.jar with {mowziesmobs} mods - versions {1.7.3}
[12Aug2025 21:56:19.001] [main/DEBUG] [net.minecraftforge.fml.loading.moddiscovery.ModFile/LOADING]: Loading mod file /workspaces/VxW-Next-Gen/servidor_minecraft/mods/mowziesmobs-1.7.3.jar with languages [LanguageSpec[languageName=javafml, acceptedVersions=[43,)]]
[12Aug2025 21:56:19.001] [main/DEBUG] [net.minecraftforge.fml.loading.moddiscovery.ModFileParser/LOADING]: Considering mod file candidate /workspaces/VxW-Next-Gen/servidor_minecraft/mods/raccompat-1.20.1-0.1.3.jar
[12Aug2025 21:56:19.001] [main/DEBUG] [net.minecraftforge.fml.loading.moddiscovery.ModFileInfo/LOADING]: Found valid mod file raccompat-1.20.1-0.1.3.jar with {raccompat} mods - versions {0.1.3}
[12Aug2025 21:56:19.002] [main/DEBUG] [net.minecraftforge.fml.loading.moddiscovery.ModFile/LOADING]: Loading mod file /workspaces/VxW-Next-Gen/servidor_minecraft/mods/raccompat-1.20.1-0.1.3.jar with languages [LanguageSpec[languageName=javafml, acceptedVersions=[47,)]]
[12Aug2025 21:56:19.002] [main/DEBUG] [net.minecraftforge.fml.loading.moddiscovery.ModFileParser/LOADING]: Considering mod file candidate /workspaces/VxW-Next-Gen/servidor_minecraft/mods/alexsmobs-1.22.9.jar
[12Aug2025 21:56:19.002] [main/DEBUG] [net.minecraftforge.fml.loading.moddiscovery.ModFileInfo/LOADING]: Found valid mod file alexsmobs-1.22.9.jar with {alexsmobs} mods - versions {1.22.9}
[12Aug2025 21:56:19.002] [main/DEBUG] [net.minecraftforge.fml.loading.moddiscovery.ModFile/LOADING]: Loading mod file /workspaces/VxW-Next-Gen/servidor_minecraft/mods/alexsmobs-1.22.9.jar with languages [LanguageSpec[languageName=javafml, acceptedVersions=[46,)]]
[12Aug2025 21:56:19.003] [main/DEBUG] [net.minecraftforge.fml.loading.moddiscovery.ModFileParser/LOADING]: Considering mod file candidate /workspaces/VxW-Next-Gen/servidor_minecraft/mods/ftb-library-forge-2001.2.10.jar
[12Aug2025 21:56:19.003] [main/DEBUG] [net.minecraftforge.fml.loading.moddiscovery.ModFileInfo/LOADING]: Found valid mod file ftb-library-forge-2001.2.10.jar with {ftblibrary} mods - versions {2001.2.10}
[12Aug2025 21:56:19.003] [main/DEBUG] [net.minecraftforge.fml.loading.moddiscovery.ModFile/LOADING]: Loading mod file /workspaces/VxW-Next-Gen/servidor_minecraft/mods/ftb-library-forge-2001.2.10.jar with languages [LanguageSpec[languageName=javafml, acceptedVersions=[47,)]]
[12Aug2025 21:56:19.003] [main/DEBUG] [net.minecraftforge.fml.loading.moddiscovery.ModFileParser/LOADING]: Considering mod file candidate /workspaces/VxW-Next-Gen/servidor_minecraft/mods/jmi-forge-1.20.1-0.14-48.jar
[12Aug2025 21:56:19.004] [main/DEBUG] [net.minecraftforge.fml.loading.moddiscovery.ModFileInfo/LOADING]: Found valid mod file jmi-forge-1.20.1-0.14-48.jar with {jmi} mods - versions {1.20.1-0.14-48}
[12Aug2025 21:56:19.004] [main/DEBUG] [net.minecraftforge.fml.loading.moddiscovery.ModFile/LOADING]: Loading mod file /workspaces/VxW-Next-Gen/servidor_minecraft/mods/jmi-forge-1.20.1-0.14-48.jar with languages [LanguageSpec[languageName=javafml, acceptedVersions=[47,)]]
[12Aug2025 21:56:19.004] [main/DEBUG] [net.minecraftforge.fml.loading.moddiscovery.ModFileParser/LOADING]: Considering mod file candidate /workspaces/VxW-Next-Gen/servidor_minecraft/mods/ParCool-CompatibilityAddon-1.20.1-3.3.1.0-1.0.jar
[12Aug2025 21:56:19.005] [main/DEBUG] [net.minecraftforge.fml.loading.moddiscovery.ModFileInfo/LOADING]: Found valid mod file ParCool-CompatibilityAddon-1.20.1-3.3.1.0-1.0.jar with {parcool_compat_addon} mods - versions {1.0}
[12Aug2025 21:56:19.005] [main/DEBUG] [net.minecraftforge.fml.loading.moddiscovery.ModFile/LOADING]: Loading mod file /workspaces/VxW-Next-Gen/servidor_minecraft/mods/ParCool-CompatibilityAddon-1.20.1-3.3.1.0-1.0.jar with languages [LanguageSpec[languageName=javafml, acceptedVersions=[36,)]]
[12Aug2025 21:56:19.005] [main/DEBUG] [net.minecraftforge.fml.loading.moddiscovery.ModFileParser/LOADING]: Considering mod file candidate /workspaces/VxW-Next-Gen/servidor_minecraft/mods/vampirism_integrations-1.20.1-1.8.0.jar
[12Aug2025 21:56:19.006] [main/DEBUG] [net.minecraftforge.fml.loading.moddiscovery.ModFileInfo/LOADING]: Found valid mod file vampirism_integrations-1.20.1-1.8.0.jar with {vampirism_integrations} mods - versions {1.8.0}
[12Aug2025 21:56:19.006] [main/DEBUG] [net.minecraftforge.fml.loading.moddiscovery.ModFile/LOADING]: Loading mod file /workspaces/VxW-Next-Gen/servidor_minecraft/mods/vampirism_integrations-1.20.1-1.8.0.jar with languages [LanguageSpec[languageName=javafml, acceptedVersions=[47,)]]
[12Aug2025 21:56:19.006] [main/DEBUG] [net.minecraftforge.fml.loading.moddiscovery.ModFileParser/LOADING]: Considering mod file candidate /workspaces/VxW-Next-Gen/servidor_minecraft/mods/geckolib-forge-1.20.1-4.7.3.jar
[12Aug2025 21:56:19.007] [main/DEBUG] [net.minecraftforge.fml.loading.moddiscovery.ModFileInfo/LOADING]: Found valid mod file geckolib-forge-1.20.1-4.7.3.jar with {geckolib} mods - versions {4.7.3}
[12Aug2025 21:56:19.007] [main/DEBUG] [net.minecraftforge.fml.loading.moddiscovery.ModFile/LOADING]: Loading mod file /workspaces/VxW-Next-Gen/servidor_minecraft/mods/geckolib-forge-1.20.1-4.7.3.jar with languages [LanguageSpec[languageName=javafml, acceptedVersions=[47,)]]
[12Aug2025 21:56:19.007] [main/DEBUG] [net.minecraftforge.fml.loading.moddiscovery.ModFileParser/LOADING]: Considering mod file candidate /workspaces/VxW-Next-Gen/servidor_minecraft/mods/minecraft-comes-alive-7.6.11+1.20.1-universal.jar
[12Aug2025 21:56:19.008] [main/DEBUG] [net.minecraftforge.fml.loading.moddiscovery.ModFileInfo/LOADING]: Found valid mod file minecraft-comes-alive-7.6.11+1.20.1-universal.jar with {mca} mods - versions {7.6.11+1.20.1}
[12Aug2025 21:56:19.008] [main/DEBUG] [net.minecraftforge.fml.loading.moddiscovery.ModFile/LOADING]: Loading mod file /workspaces/VxW-Next-Gen/servidor_minecraft/mods/minecraft-comes-alive-7.6.11+1.20.1-universal.jar with languages [LanguageSpec[languageName=javafml, acceptedVersions=[44,)]]
[12Aug2025 21:56:19.008] [main/DEBUG] [net.minecraftforge.fml.loading.moddiscovery.ModFileParser/LOADING]: Considering mod file candidate /workspaces/VxW-Next-Gen/servidor_minecraft/mods/OctoLib-FORGE-0.5.0.1+1.20.1.jar
[12Aug2025 21:56:19.008] [main/DEBUG] [net.minecraftforge.fml.loading.moddiscovery.ModFileInfo/LOADING]: Found valid mod file OctoLib-FORGE-0.5.0.1+1.20.1.jar with {octolib} mods - versions {0.5.0.1}
[12Aug2025 21:56:19.009] [main/DEBUG] [net.minecraftforge.fml.loading.moddiscovery.ModFile/LOADING]: Loading mod file /workspaces/VxW-Next-Gen/servidor_minecraft/mods/OctoLib-FORGE-0.5.0.1+1.20.1.jar with languages [LanguageSpec[languageName=javafml, acceptedVersions=[47,)]]
[12Aug2025 21:56:19.009] [main/DEBUG] [net.minecraftforge.fml.loading.moddiscovery.ModFileParser/LOADING]: Considering mod file candidate /workspaces/VxW-Next-Gen/servidor_minecraft/mods/jei-1.20.1-forge-15.20.0.112.jar
[12Aug2025 21:56:19.009] [main/DEBUG] [net.minecraftforge.fml.loading.moddiscovery.ModFileInfo/LOADING]: Found valid mod file jei-1.20.1-forge-15.20.0.112.jar with {jei} mods - versions {15.20.0.112}
[12Aug2025 21:56:19.009] [main/DEBUG] [net.minecraftforge.fml.loading.moddiscovery.ModFile/LOADING]: Loading mod file /workspaces/VxW-Next-Gen/servidor_minecraft/mods/jei-1.20.1-forge-15.20.0.112.jar with languages [LanguageSpec[languageName=javafml, acceptedVersions=[47,)]]
[12Aug2025 21:56:19.010] [main/DEBUG] [net.minecraftforge.fml.loading.moddiscovery.ModFileParser/LOADING]: Considering mod file candidate /workspaces/VxW-Next-Gen/servidor_minecraft/mods/prefab-1.10.0.1.jar
[12Aug2025 21:56:19.010] [main/DEBUG] [net.minecraftforge.fml.loading.moddiscovery.ModFileInfo/LOADING]: Found valid mod file prefab-1.10.0.1.jar with {prefab} mods - versions {1.10.0.1}
[12Aug2025 21:56:19.010] [main/DEBUG] [net.minecraftforge.fml.loading.moddiscovery.ModFile/LOADING]: Loading mod file /workspaces/VxW-Next-Gen/servidor_minecraft/mods/prefab-1.10.0.1.jar with languages [LanguageSpec[languageName=javafml, acceptedVersions=[47,)]]
[12Aug2025 21:56:19.010] [main/DEBUG] [net.minecraftforge.fml.loading.moddiscovery.ModFileParser/LOADING]: Considering mod file candidate /workspaces/VxW-Next-Gen/servidor_minecraft/mods/waystones-forge-1.20.1-14.1.16.jar
[12Aug2025 21:56:19.011] [main/DEBUG] [net.minecraftforge.fml.loading.moddiscovery.ModFileInfo/LOADING]: Found valid mod file waystones-forge-1.20.1-14.1.16.jar with {waystones} mods - versions {14.1.16}
[12Aug2025 21:56:19.011] [main/DEBUG] [net.minecraftforge.fml.loading.moddiscovery.ModFile/LOADING]: Loading mod file /workspaces/VxW-Next-Gen/servidor_minecraft/mods/waystones-forge-1.20.1-14.1.16.jar with languages [LanguageSpec[languageName=javafml, acceptedVersions=[46,)]]
[12Aug2025 21:56:19.011] [main/DEBUG] [net.minecraftforge.fml.loading.moddiscovery.ModFileParser/LOADING]: Considering mod file candidate /workspaces/VxW-Next-Gen/servidor_minecraft/mods/journeymap-1.20.1-5.10.3-forge.jar
[12Aug2025 21:56:19.012] [main/DEBUG] [net.minecraftforge.fml.loading.moddiscovery.ModFileInfo/LOADING]: Found valid mod file journeymap-1.20.1-5.10.3-forge.jar with {journeymap} mods - versions {5.10.3}
[12Aug2025 21:56:19.012] [main/DEBUG] [net.minecraftforge.fml.loading.moddiscovery.ModFile/LOADING]: Loading mod file /workspaces/VxW-Next-Gen/servidor_minecraft/mods/journeymap-1.20.1-5.10.3-forge.jar with languages [LanguageSpec[languageName=javafml, acceptedVersions=[44,)]]
[12Aug2025 21:56:19.014] [main/DEBUG] [net.minecraftforge.fml.loading.moddiscovery.ModFileParser/LOADING]: Found coremod journeymap potion effect transformer with Javascript path potion-effects-shift.js
[12Aug2025 21:56:19.014] [main/DEBUG] [net.minecraftforge.fml.loading.moddiscovery.ModFile/LOADING]: Found coremod potion-effects-shift.js
[12Aug2025 21:56:19.014] [main/DEBUG] [net.minecraftforge.fml.loading.moddiscovery.ModFileParser/LOADING]: Considering mod file candidate /workspaces/VxW-Next-Gen/servidor_minecraft/mods/citadel-2.6.2-1.20.1.jar
[12Aug2025 21:56:19.015] [main/DEBUG] [net.minecraftforge.fml.loading.moddiscovery.ModFileInfo/LOADING]: Found valid mod file citadel-2.6.2-1.20.1.jar with {citadel} mods - versions {2.6.2}
[12Aug2025 21:56:19.015] [main/DEBUG] [net.minecraftforge.fml.loading.moddiscovery.ModFile/LOADING]: Loading mod file /workspaces/VxW-Next-Gen/servidor_minecraft/mods/citadel-2.6.2-1.20.1.jar with languages [LanguageSpec[languageName=javafml, acceptedVersions=[47,)]]
[12Aug2025 21:56:19.015] [main/DEBUG] [net.minecraftforge.fml.loading.moddiscovery.ModFileParser/LOADING]: Considering mod file candidate /workspaces/VxW-Next-Gen/servidor_minecraft/mods/modernfix-forge-5.24.3+mc1.20.1.jar
[12Aug2025 21:56:19.016] [main/DEBUG] [net.minecraftforge.fml.loading.moddiscovery.ModFileInfo/LOADING]: Found valid mod file modernfix-forge-5.24.3+mc1.20.1.jar with {modernfix} mods - versions {5.24.3+mc1.20.1}
[12Aug2025 21:56:19.016] [main/DEBUG] [net.minecraftforge.fml.loading.moddiscovery.ModFile/LOADING]: Loading mod file /workspaces/VxW-Next-Gen/servidor_minecraft/mods/modernfix-forge-5.24.3+mc1.20.1.jar with languages [LanguageSpec[languageName=javafml, acceptedVersions=[46,)]]
[12Aug2025 21:56:19.016] [main/DEBUG] [net.minecraftforge.fml.loading.moddiscovery.ModFileParser/LOADING]: Considering mod file candidate /workspaces/VxW-Next-Gen/servidor_minecraft/mods/artifacts-forge-9.5.16.jar
[12Aug2025 21:56:19.016] [main/DEBUG] [net.minecraftforge.fml.loading.moddiscovery.ModFileInfo/LOADING]: Found valid mod file artifacts-forge-9.5.16.jar with {artifacts} mods - versions {9.5.16}
[12Aug2025 21:56:19.017] [main/DEBUG] [net.minecraftforge.fml.loading.moddiscovery.ModFile/LOADING]: Loading mod file /workspaces/VxW-Next-Gen/servidor_minecraft/mods/artifacts-forge-9.5.16.jar with languages [LanguageSpec[languageName=javafml, acceptedVersions=[47,)]]
[12Aug2025 21:56:19.017] [main/DEBUG] [net.minecraftforge.fml.loading.moddiscovery.ModFileParser/LOADING]: Considering mod file candidate /workspaces/VxW-Next-Gen/servidor_minecraft/mods/travelersbackpack-forge-1.20.1-9.1.39.jar
[12Aug2025 21:56:19.017] [main/DEBUG] [net.minecraftforge.fml.loading.moddiscovery.ModFileInfo/LOADING]: Found valid mod file travelersbackpack-forge-1.20.1-9.1.39.jar with {travelersbackpack} mods - versions {9.1.39}
[12Aug2025 21:56:19.017] [main/DEBUG] [net.minecraftforge.fml.loading.moddiscovery.ModFile/LOADING]: Loading mod file /workspaces/VxW-Next-Gen/servidor_minecraft/mods/travelersbackpack-forge-1.20.1-9.1.39.jar with languages [LanguageSpec[languageName=javafml, acceptedVersions=[46,)]]
[12Aug2025 21:56:19.017] [main/DEBUG] [net.minecraftforge.fml.loading.moddiscovery.ModFileParser/LOADING]: Considering mod file candidate /workspaces/VxW-Next-Gen/servidor_minecraft/mods/MyServerIsCompatible-1.20-1.0.jar
[12Aug2025 21:56:19.018] [main/DEBUG] [net.minecraftforge.fml.loading.moddiscovery.ModFileInfo/LOADING]: Found valid mod file MyServerIsCompatible-1.20-1.0.jar with {myserveriscompatible} mods - versions {1.0}
[12Aug2025 21:56:19.018] [main/DEBUG] [net.minecraftforge.fml.loading.moddiscovery.ModFile/LOADING]: Loading mod file /workspaces/VxW-Next-Gen/servidor_minecraft/mods/MyServerIsCompatible-1.20-1.0.jar with languages [LanguageSpec[languageName=javafml, acceptedVersions=[46,)]]
[12Aug2025 21:56:19.018] [main/DEBUG] [net.minecraftforge.fml.loading.moddiscovery.ModFileParser/LOADING]: Considering mod file candidate /workspaces/VxW-Next-Gen/servidor_minecraft/mods/vampiricageing-1.20.1-1.3.26.jar
[12Aug2025 21:56:19.019] [main/DEBUG] [net.minecraftforge.fml.loading.moddiscovery.ModFileInfo/LOADING]: Found valid mod file vampiricageing-1.20.1-1.3.26.jar with {vampiricageing} mods - versions {1.20.1-1.3.26}
[12Aug2025 21:56:19.019] [main/DEBUG] [net.minecraftforge.fml.loading.moddiscovery.ModFile/LOADING]: Loading mod file /workspaces/VxW-Next-Gen/servidor_minecraft/mods/vampiricageing-1.20.1-1.3.26.jar with languages [LanguageSpec[languageName=javafml, acceptedVersions=[47,)]]
[12Aug2025 21:56:19.019] [main/DEBUG] [net.minecraftforge.fml.loading.moddiscovery.ModFileParser/LOADING]: Considering mod file candidate /workspaces/VxW-Next-Gen/servidor_minecraft/mods/Guide-API-VP-1.20.1-2.2.6.jar
[12Aug2025 21:56:19.019] [main/DEBUG] [net.minecraftforge.fml.loading.moddiscovery.ModFileInfo/LOADING]: Found valid mod file Guide-API-VP-1.20.1-2.2.6.jar with {guideapi_vp} mods - versions {2.2.6}
[12Aug2025 21:56:19.020] [main/DEBUG] [net.minecraftforge.fml.loading.moddiscovery.ModFile/LOADING]: Loading mod file /workspaces/VxW-Next-Gen/servidor_minecraft/mods/Guide-API-VP-1.20.1-2.2.6.jar with languages [LanguageSpec[languageName=javafml, acceptedVersions=[46,)]]
[12Aug2025 21:56:19.020] [main/DEBUG] [net.minecraftforge.fml.loading.moddiscovery.ModFileParser/LOADING]: Considering mod file candidate /workspaces/VxW-Next-Gen/servidor_minecraft/mods/relics-1.20.1-0.8.0.9.jar
[12Aug2025 21:56:19.020] [main/DEBUG] [net.minecraftforge.fml.loading.moddiscovery.ModFileInfo/LOADING]: Found valid mod file relics-1.20.1-0.8.0.9.jar with {relics} mods - versions {0.8.0.9}
[12Aug2025 21:56:19.021] [main/DEBUG] [net.minecraftforge.fml.loading.moddiscovery.ModFile/LOADING]: Loading mod file /workspaces/VxW-Next-Gen/servidor_minecraft/mods/relics-1.20.1-0.8.0.9.jar with languages [LanguageSpec[languageName=javafml, acceptedVersions=[47,)]]
[12Aug2025 21:56:19.021] [main/DEBUG] [net.minecraftforge.fml.loading.moddiscovery.ModFileParser/LOADING]: Considering mod file candidate /workspaces/VxW-Next-Gen/servidor_minecraft/mods/iceandfire-2.1.13-1.20.1-beta-5.jar
[12Aug2025 21:56:19.021] [main/DEBUG] [net.minecraftforge.fml.loading.moddiscovery.ModFileInfo/LOADING]: Found valid mod file iceandfire-2.1.13-1.20.1-beta-5.jar with {iceandfire} mods - versions {2.1.13-1.20.1}
[12Aug2025 21:56:19.021] [main/DEBUG] [net.minecraftforge.fml.loading.moddiscovery.ModFile/LOADING]: Loading mod file /workspaces/VxW-Next-Gen/servidor_minecraft/mods/iceandfire-2.1.13-1.20.1-beta-5.jar with languages [LanguageSpec[languageName=javafml, acceptedVersions=[37.0,)]]
[12Aug2025 21:56:19.021] [main/DEBUG] [net.minecraftforge.fml.loading.moddiscovery.ModFileParser/LOADING]: Considering mod file candidate /workspaces/VxW-Next-Gen/servidor_minecraft/mods/balm-forge-1.20.1-7.3.33-all.jar
[12Aug2025 21:56:19.022] [main/DEBUG] [net.minecraftforge.fml.loading.moddiscovery.ModFileInfo/LOADING]: Found valid mod file balm-forge-1.20.1-7.3.33-all.jar with {balm} mods - versions {7.3.33}
[12Aug2025 21:56:19.022] [main/DEBUG] [net.minecraftforge.fml.loading.moddiscovery.ModFile/LOADING]: Loading mod file /workspaces/VxW-Next-Gen/servidor_minecraft/mods/balm-forge-1.20.1-7.3.33-all.jar with languages [LanguageSpec[languageName=javafml, acceptedVersions=[46,)]]
[12Aug2025 21:56:19.022] [main/DEBUG] [net.minecraftforge.fml.loading.moddiscovery.ModFileParser/LOADING]: Considering mod file candidate /workspaces/VxW-Next-Gen/servidor_minecraft/mods/carryon-forge-1.20.1-2.1.2.7.jar
[12Aug2025 21:56:19.023] [main/DEBUG] [net.minecraftforge.fml.loading.moddiscovery.ModFileInfo/LOADING]: Found valid mod file carryon-forge-1.20.1-2.1.2.7.jar with {carryon} mods - versions {2.1.2.7}
[12Aug2025 21:56:19.023] [main/DEBUG] [net.minecraftforge.fml.loading.moddiscovery.ModFile/LOADING]: Loading mod file /workspaces/VxW-Next-Gen/servidor_minecraft/mods/carryon-forge-1.20.1-2.1.2.7.jar with languages [LanguageSpec[languageName=javafml, acceptedVersions=[46,)]]
[12Aug2025 21:56:19.023] [main/DEBUG] [net.minecraftforge.fml.loading.moddiscovery.ModFileParser/LOADING]: Considering mod file candidate /workspaces/VxW-Next-Gen/servidor_minecraft/mods/ramcompat-1.20.1-0.1.4.jar
[12Aug2025 21:56:19.024] [main/DEBUG] [net.minecraftforge.fml.loading.moddiscovery.ModFileInfo/LOADING]: Found valid mod file ramcompat-1.20.1-0.1.4.jar with {ramcompat} mods - versions {0.1.4}
[12Aug2025 21:56:19.024] [main/DEBUG] [net.minecraftforge.fml.loading.moddiscovery.ModFile/LOADING]: Loading mod file /workspaces/VxW-Next-Gen/servidor_minecraft/mods/ramcompat-1.20.1-0.1.4.jar with languages [LanguageSpec[languageName=javafml, acceptedVersions=[47,)]]
[12Aug2025 21:56:19.024] [main/DEBUG] [net.minecraftforge.fml.loading.moddiscovery.ModFileParser/LOADING]: Considering mod file candidate /workspaces/VxW-Next-Gen/servidor_minecraft/mods/cloth-config-11.1.136-forge.jar
[12Aug2025 21:56:19.024] [main/DEBUG] [net.minecraftforge.fml.loading.moddiscovery.ModFileInfo/LOADING]: Found valid mod file cloth-config-11.1.136-forge.jar with {cloth_config} mods - versions {11.1.136}
[12Aug2025 21:56:19.025] [main/DEBUG] [net.minecraftforge.fml.loading.moddiscovery.ModFile/LOADING]: Loading mod file /workspaces/VxW-Next-Gen/servidor_minecraft/mods/cloth-config-11.1.136-forge.jar with languages [LanguageSpec[languageName=javafml, acceptedVersions=[34,)]]
[12Aug2025 21:56:19.025] [main/DEBUG] [net.minecraftforge.fml.loading.moddiscovery.ModFileParser/LOADING]: Considering mod file candidate /workspaces/VxW-Next-Gen/servidor_minecraft/libraries/net/minecraftforge/forge/1.20.1-47.3.7/forge-1.20.1-47.3.7-universal.jar
[12Aug2025 21:56:19.025] [main/DEBUG] [net.minecraftforge.fml.loading.moddiscovery.ModFileInfo/LOADING]: Found valid mod file forge-1.20.1-47.3.7-universal.jar with {forge} mods - versions {47.3.7}
[12Aug2025 21:56:19.025] [main/DEBUG] [net.minecraftforge.fml.loading.moddiscovery.ModFile/LOADING]: Loading mod file /workspaces/VxW-Next-Gen/servidor_minecraft/libraries/net/minecraftforge/forge/1.20.1-47.3.7/forge-1.20.1-47.3.7-universal.jar with languages [LanguageSpec[languageName=javafml, acceptedVersions=[24,]]]
[12Aug2025 21:56:19.026] [main/DEBUG] [net.minecraftforge.fml.loading.moddiscovery.ModFileParser/LOADING]: Found coremod field_to_method with Javascript path coremods/field_to_method.js
[12Aug2025 21:56:19.026] [main/DEBUG] [net.minecraftforge.fml.loading.moddiscovery.ModFileParser/LOADING]: Found coremod field_to_instanceof with Javascript path coremods/field_to_instanceof.js
[12Aug2025 21:56:19.026] [main/DEBUG] [net.minecraftforge.fml.loading.moddiscovery.ModFileParser/LOADING]: Found coremod add_bouncer_method with Javascript path coremods/add_bouncer_method.js
[12Aug2025 21:56:19.026] [main/DEBUG] [net.minecraftforge.fml.loading.moddiscovery.ModFileParser/LOADING]: Found coremod method_redirector with Javascript path coremods/method_redirector.js
[12Aug2025 21:56:19.026] [main/DEBUG] [net.minecraftforge.fml.loading.moddiscovery.ModFile/LOADING]: Found coremod coremods/field_to_method.js
[12Aug2025 21:56:19.026] [main/DEBUG] [net.minecraftforge.fml.loading.moddiscovery.ModFile/LOADING]: Found coremod coremods/field_to_instanceof.js
[12Aug2025 21:56:19.026] [main/DEBUG] [net.minecraftforge.fml.loading.moddiscovery.ModFile/LOADING]: Found coremod coremods/add_bouncer_method.js
[12Aug2025 21:56:19.026] [main/DEBUG] [net.minecraftforge.fml.loading.moddiscovery.ModFile/LOADING]: Found coremod coremods/method_redirector.js
[12Aug2025 21:56:19.026] [main/DEBUG] [net.minecraftforge.fml.loading.moddiscovery.ModFileParser/LOADING]: Considering mod file candidate /workspaces/VxW-Next-Gen/servidor_minecraft/mods/DungeonsArise-1.20.x-2.1.58-release.jar
[12Aug2025 21:56:19.027] [main/DEBUG] [net.minecraftforge.fml.loading.moddiscovery.ModFileInfo/LOADING]: Found valid mod file DungeonsArise-1.20.x-2.1.58-release.jar with {dungeons_arise} mods - versions {2.1.58-1.20.x}
[12Aug2025 21:56:19.027] [main/DEBUG] [net.minecraftforge.fml.loading.moddiscovery.ModFile/LOADING]: Loading mod file /workspaces/VxW-Next-Gen/servidor_minecraft/mods/DungeonsArise-1.20.x-2.1.58-release.jar with languages [LanguageSpec[languageName=javafml, acceptedVersions=[41,)]]
[12Aug2025 21:56:19.027] [main/DEBUG] [net.minecraftforge.fml.loading.moddiscovery.ModFileInfo/LOADING]: Found valid mod file server-1.20.1-20230612.114412-srg.jar with {minecraft} mods - versions {1.20.1}
[12Aug2025 21:56:19.027] [main/DEBUG] [net.minecraftforge.fml.loading.moddiscovery.ModFile/LOADING]: Loading mod file /workspaces/VxW-Next-Gen/servidor_minecraft/libraries/net/minecraft/server/1.20.1-20230612.114412/server-1.20.1-20230612.114412-srg.jar with languages [LanguageSpec[languageName=minecraft, acceptedVersions=1]]
[12Aug2025 21:56:19.028] [main/DEBUG] [net.minecraftforge.fml.loading.moddiscovery.ModFileParser/LOADING]: Considering mod file candidate /workspaces/VxW-Next-Gen/servidor_minecraft/mods/alexscaves-2.0.2.jar
[12Aug2025 21:56:19.028] [main/DEBUG] [net.minecraftforge.fml.loading.moddiscovery.ModFileInfo/LOADING]: Found valid mod file alexscaves-2.0.2.jar with {alexscaves} mods - versions {2.0.2}
[12Aug2025 21:56:19.028] [main/DEBUG] [net.minecraftforge.fml.loading.moddiscovery.ModFile/LOADING]: Loading mod file /workspaces/VxW-Next-Gen/servidor_minecraft/mods/alexscaves-2.0.2.jar with languages [LanguageSpec[languageName=javafml, acceptedVersions=[46,)]]
[12Aug2025 21:56:19.029] [main/DEBUG] [net.minecraftforge.fml.loading.moddiscovery.ModFileParser/LOADING]: Considering mod file candidate /workspaces/VxW-Next-Gen/servidor_minecraft/mods/iaf_patcher-1.0-all.jar
[12Aug2025 21:56:19.029] [main/DEBUG] [net.minecraftforge.fml.loading.moddiscovery.ModFileInfo/LOADING]: Found valid mod file iaf_patcher-1.0-all.jar with {iaf_patcher} mods - versions {1.0}
[12Aug2025 21:56:19.029] [main/DEBUG] [net.minecraftforge.fml.loading.moddiscovery.ModFile/LOADING]: Loading mod file /workspaces/VxW-Next-Gen/servidor_minecraft/mods/iaf_patcher-1.0-all.jar with languages [LanguageSpec[languageName=javafml, acceptedVersions=[47,)]]
[12Aug2025 21:56:19.030] [main/DEBUG] [net.minecraftforge.fml.loading.moddiscovery.ModFileParser/LOADING]: Considering mod file candidate /workspaces/VxW-Next-Gen/servidor_minecraft/mods/aerlunerpg-1.0.3.jar
[12Aug2025 21:56:19.030] [main/DEBUG] [net.minecraftforge.fml.loading.moddiscovery.ModFileInfo/LOADING]: Found valid mod file aerlunerpg-1.0.3.jar with {aerlunerpg} mods - versions {1.0.0}
[12Aug2025 21:56:19.030] [main/DEBUG] [net.minecraftforge.fml.loading.moddiscovery.ModFile/LOADING]: Loading mod file /workspaces/VxW-Next-Gen/servidor_minecraft/mods/aerlunerpg-1.0.3.jar with languages [LanguageSpec[languageName=javafml, acceptedVersions=[47,)]]
[12Aug2025 21:56:19.030] [main/DEBUG] [net.minecraftforge.fml.loading.moddiscovery.ModFileParser/LOADING]: Considering mod file candidate /workspaces/VxW-Next-Gen/servidor_minecraft/mods/Jade-1.20.1-Forge-11.13.1.jar
[12Aug2025 21:56:19.031] [main/DEBUG] [net.minecraftforge.fml.loading.moddiscovery.ModFileInfo/LOADING]: Found valid mod file Jade-1.20.1-Forge-11.13.1.jar with {jade} mods - versions {11.13.1+forge}
[12Aug2025 21:56:19.031] [main/DEBUG] [net.minecraftforge.fml.loading.moddiscovery.ModFile/LOADING]: Loading mod file /workspaces/VxW-Next-Gen/servidor_minecraft/mods/Jade-1.20.1-Forge-11.13.1.jar with languages [LanguageSpec[languageName=javafml, acceptedVersions=[46,)]]
[12Aug2025 21:56:19.031] [main/DEBUG] [net.minecraftforge.fml.loading.moddiscovery.ModFileParser/LOADING]: Considering mod file candidate /workspaces/VxW-Next-Gen/servidor_minecraft/mods/Werewolves-1.20.1-2.0.2.7.jar
[12Aug2025 21:56:19.032] [main/DEBUG] [net.minecraftforge.fml.loading.moddiscovery.ModFileInfo/LOADING]: Found valid mod file Werewolves-1.20.1-2.0.2.7.jar with {werewolves} mods - versions {2.0.2.7}
[12Aug2025 21:56:19.032] [main/DEBUG] [net.minecraftforge.fml.loading.moddiscovery.ModFile/LOADING]: Loading mod file /workspaces/VxW-Next-Gen/servidor_minecraft/mods/Werewolves-1.20.1-2.0.2.7.jar with languages [LanguageSpec[languageName=javafml, acceptedVersions=[47,)]]
[12Aug2025 21:56:19.032] [main/DEBUG] [net.minecraftforge.fml.loading.moddiscovery.ModFileParser/LOADING]: Considering mod file candidate /workspaces/VxW-Next-Gen/servidor_minecraft/mods/Actual_mod_AerluneRPG0.0.4.jar
[12Aug2025 21:56:19.032] [main/DEBUG] [net.minecraftforge.fml.loading.moddiscovery.ModFileInfo/LOADING]: Found valid mod file Actual_mod_AerluneRPG0.0.4.jar with {world} mods - versions {0.0.4}
[12Aug2025 21:56:19.032] [main/DEBUG] [net.minecraftforge.fml.loading.moddiscovery.ModFile/LOADING]: Loading mod file /workspaces/VxW-Next-Gen/servidor_minecraft/mods/Actual_mod_AerluneRPG0.0.4.jar with languages [LanguageSpec[languageName=javafml, acceptedVersions=[47,)]]
[12Aug2025 21:56:19.033] [main/DEBUG] [net.minecraftforge.fml.loading.moddiscovery.ModFileParser/LOADING]: Considering mod file candidate /workspaces/VxW-Next-Gen/servidor_minecraft/mods/lionfishapi-2.4-Fix.jar
[12Aug2025 21:56:19.033] [main/DEBUG] [net.minecraftforge.fml.loading.moddiscovery.ModFileInfo/LOADING]: Found valid mod file lionfishapi-2.4-Fix.jar with {lionfishapi} mods - versions {2.4-Fix}
[12Aug2025 21:56:19.033] [main/DEBUG] [net.minecraftforge.fml.loading.moddiscovery.ModFile/LOADING]: Loading mod file /workspaces/VxW-Next-Gen/servidor_minecraft/mods/lionfishapi-2.4-Fix.jar with languages [LanguageSpec[languageName=javafml, acceptedVersions=[47,)]]
[12Aug2025 21:56:19.033] [main/DEBUG] [net.minecraftforge.fml.loading.moddiscovery.ModFileParser/LOADING]: Considering mod file candidate /workspaces/VxW-Next-Gen/servidor_minecraft/mods/ROGContinued-forge-1.2.8.jar
[12Aug2025 21:56:19.034] [main/DEBUG] [net.minecraftforge.fml.loading.moddiscovery.ModFileInfo/LOADING]: Found valid mod file ROGContinued-forge-1.2.8.jar with {rogcontinued} mods - versions {1.2.8}
[12Aug2025 21:56:19.034] [main/DEBUG] [net.minecraftforge.fml.loading.moddiscovery.ModFile/LOADING]: Loading mod file /workspaces/VxW-Next-Gen/servidor_minecraft/mods/ROGContinued-forge-1.2.8.jar with languages [LanguageSpec[languageName=javafml, acceptedVersions=[47,)]]
[12Aug2025 21:56:19.034] [main/DEBUG] [net.minecraftforge.fml.loading.moddiscovery.ModFileParser/LOADING]: Considering mod file candidate /workspaces/VxW-Next-Gen/servidor_minecraft/mods/spark-1.10.53-forge.jar
[12Aug2025 21:56:19.034] [main/DEBUG] [net.minecraftforge.fml.loading.moddiscovery.ModFileInfo/LOADING]: Found valid mod file spark-1.10.53-forge.jar with {spark} mods - versions {1.10.53}
[12Aug2025 21:56:19.035] [main/DEBUG] [net.minecraftforge.fml.loading.moddiscovery.ModFile/LOADING]: Loading mod file /workspaces/VxW-Next-Gen/servidor_minecraft/mods/spark-1.10.53-forge.jar with languages [LanguageSpec[languageName=javafml, acceptedVersions=[34,)]]
[12Aug2025 21:56:19.035] [main/DEBUG] [net.minecraftforge.fml.loading.moddiscovery.ModFileParser/LOADING]: Considering mod file candidate /workspaces/VxW-Next-Gen/servidor_minecraft/mods/jeiintegration_1.20.1-10.0.0.jar
[12Aug2025 21:56:19.035] [main/DEBUG] [net.minecraftforge.fml.loading.moddiscovery.ModFileInfo/LOADING]: Found valid mod file jeiintegration_1.20.1-10.0.0.jar with {jeiintegration} mods - versions {10.0.0}
[12Aug2025 21:56:19.035] [main/DEBUG] [net.minecraftforge.fml.loading.moddiscovery.ModFile/LOADING]: Loading mod file /workspaces/VxW-Next-Gen/servidor_minecraft/mods/jeiintegration_1.20.1-10.0.0.jar with languages [LanguageSpec[languageName=javafml, acceptedVersions=[43,)]]
[12Aug2025 21:56:19.036] [main/DEBUG] [net.minecraftforge.fml.loading.moddiscovery.ModFileParser/LOADING]: Considering mod file candidate /workspaces/VxW-Next-Gen/servidor_minecraft/mods/EnchantmentMachine-1.20.1-1.1.4.jar
[12Aug2025 21:56:19.036] [main/DEBUG] [net.minecraftforge.fml.loading.moddiscovery.ModFileInfo/LOADING]: Found valid mod file EnchantmentMachine-1.20.1-1.1.4.jar with {enchantmentmachine} mods - versions {1.1.4}
[12Aug2025 21:56:19.036] [main/DEBUG] [net.minecraftforge.fml.loading.moddiscovery.ModFile/LOADING]: Loading mod file /workspaces/VxW-Next-Gen/servidor_minecraft/mods/EnchantmentMachine-1.20.1-1.1.4.jar with languages [LanguageSpec[languageName=javafml, acceptedVersions=[41,)]]
[12Aug2025 21:56:19.036] [main/DEBUG] [net.minecraftforge.fml.loading.moddiscovery.ModFileParser/LOADING]: Considering mod file candidate /workspaces/VxW-Next-Gen/servidor_minecraft/mods/curios-forge-5.14.1+1.20.1.jar
[12Aug2025 21:56:19.037] [main/DEBUG] [net.minecraftforge.fml.loading.moddiscovery.ModFileInfo/LOADING]: Found valid mod file curios-forge-5.14.1+1.20.1.jar with {curios} mods - versions {5.14.1+1.20.1}
[12Aug2025 21:56:19.037] [main/DEBUG] [net.minecraftforge.fml.loading.moddiscovery.ModFile/LOADING]: Loading mod file /workspaces/VxW-Next-Gen/servidor_minecraft/mods/curios-forge-5.14.1+1.20.1.jar with languages [LanguageSpec[languageName=javafml, acceptedVersions=[41,)]]
[12Aug2025 21:56:19.037] [main/DEBUG] [net.minecraftforge.fml.loading.moddiscovery.ModFileParser/LOADING]: Considering mod file candidate /workspaces/VxW-Next-Gen/servidor_minecraft/mods/GodlyVampirism-1.20.1-1.10.0.jar
[12Aug2025 21:56:19.037] [main/DEBUG] [net.minecraftforge.fml.loading.moddiscovery.ModFileInfo/LOADING]: Found valid mod file GodlyVampirism-1.20.1-1.10.0.jar with {godly_vampirism} mods - versions {1.10.0}
[12Aug2025 21:56:19.037] [main/DEBUG] [net.minecraftforge.fml.loading.moddiscovery.ModFile/LOADING]: Loading mod file /workspaces/VxW-Next-Gen/servidor_minecraft/mods/GodlyVampirism-1.20.1-1.10.0.jar with languages [LanguageSpec[languageName=javafml, acceptedVersions=[42,)]]
[12Aug2025 21:56:19.037] [main/DEBUG] [net.minecraftforge.fml.loading.moddiscovery.ModFileParser/LOADING]: Considering mod file candidate /workspaces/VxW-Next-Gen/servidor_minecraft/mods/gravestone-forge-1.20.1-1.0.32.jar
[12Aug2025 21:56:19.038] [main/DEBUG] [net.minecraftforge.fml.loading.moddiscovery.ModFileInfo/LOADING]: Found valid mod file gravestone-forge-1.20.1-1.0.32.jar with {gravestone} mods - versions {1.20.1-1.0.32}
[12Aug2025 21:56:19.038] [main/DEBUG] [net.minecraftforge.fml.loading.moddiscovery.ModFile/LOADING]: Loading mod file /workspaces/VxW-Next-Gen/servidor_minecraft/mods/gravestone-forge-1.20.1-1.0.32.jar with languages [LanguageSpec[languageName=javafml, acceptedVersions=*]]
[12Aug2025 21:56:19.038] [main/DEBUG] [net.minecraftforge.fml.loading.moddiscovery.ModFileParser/LOADING]: Considering mod file candidate /workspaces/VxW-Next-Gen/servidor_minecraft/mods/ParCool-1.20.1-3.4.1.1.jar
[12Aug2025 21:56:19.039] [main/DEBUG] [net.minecraftforge.fml.loading.moddiscovery.ModFileInfo/LOADING]: Found valid mod file ParCool-1.20.1-3.4.1.1.jar with {parcool} mods - versions {3.4.1.1}
[12Aug2025 21:56:19.039] [main/DEBUG] [net.minecraftforge.fml.loading.moddiscovery.ModFile/LOADING]: Loading mod file /workspaces/VxW-Next-Gen/servidor_minecraft/mods/ParCool-1.20.1-3.4.1.1.jar with languages [LanguageSpec[languageName=javafml, acceptedVersions=[43,)]]
[12Aug2025 21:56:19.039] [main/DEBUG] [net.minecraftforge.fml.loading.moddiscovery.ModFileParser/LOADING]: Considering mod file candidate /workspaces/VxW-Next-Gen/servidor_minecraft/mods/ftb-ultimine-forge-2001.1.6.jar
[12Aug2025 21:56:19.040] [main/DEBUG] [net.minecraftforge.fml.loading.moddiscovery.ModFileInfo/LOADING]: Found valid mod file ftb-ultimine-forge-2001.1.6.jar with {ftbultimine} mods - versions {2001.1.6}
[12Aug2025 21:56:19.040] [main/DEBUG] [net.minecraftforge.fml.loading.moddiscovery.ModFile/LOADING]: Loading mod file /workspaces/VxW-Next-Gen/servidor_minecraft/mods/ftb-ultimine-forge-2001.1.6.jar with languages [LanguageSpec[languageName=javafml, acceptedVersions=[47,)]]
[12Aug2025 21:56:19.040] [main/DEBUG] [net.minecraftforge.fml.loading.moddiscovery.ModFileParser/LOADING]: Considering mod file candidate /workspaces/VxW-Next-Gen/servidor_minecraft/mods/worldedit-mod-7.2.15.jar
[12Aug2025 21:56:19.040] [main/DEBUG] [net.minecraftforge.fml.loading.moddiscovery.ModFileInfo/LOADING]: Found valid mod file worldedit-mod-7.2.15.jar with {worldedit} mods - versions {7.2.15+6463-5ca4dff}
[12Aug2025 21:56:19.041] [main/DEBUG] [net.minecraftforge.fml.loading.moddiscovery.ModFile/LOADING]: Loading mod file /workspaces/VxW-Next-Gen/servidor_minecraft/mods/worldedit-mod-7.2.15.jar with languages [LanguageSpec[languageName=javafml, acceptedVersions=[24,)]]
[12Aug2025 21:56:19.041] [main/DEBUG] [net.minecraftforge.fml.loading.moddiscovery.ModFileParser/LOADING]: Considering mod file candidate /workspaces/VxW-Next-Gen/servidor_minecraft/mods/architectury-9.2.14-forge.jar
[12Aug2025 21:56:19.041] [main/DEBUG] [net.minecraftforge.fml.loading.moddiscovery.ModFileInfo/LOADING]: Found valid mod file architectury-9.2.14-forge.jar with {architectury} mods - versions {9.2.14}
[12Aug2025 21:56:19.041] [main/DEBUG] [net.minecraftforge.fml.loading.moddiscovery.ModFile/LOADING]: Loading mod file /workspaces/VxW-Next-Gen/servidor_minecraft/mods/architectury-9.2.14-forge.jar with languages [LanguageSpec[languageName=javafml, acceptedVersions=[46,)]]
[12Aug2025 21:56:19.041] [main/DEBUG] [net.minecraftforge.fml.loading.moddiscovery.ModFileParser/LOADING]: Considering mod file candidate /workspaces/VxW-Next-Gen/servidor_minecraft/mods/ferritecore-6.0.1-forge.jar
[12Aug2025 21:56:19.042] [main/DEBUG] [net.minecraftforge.fml.loading.moddiscovery.ModFileInfo/LOADING]: Found valid mod file ferritecore-6.0.1-forge.jar with {ferritecore} mods - versions {6.0.1}
[12Aug2025 21:56:19.042] [main/DEBUG] [net.minecraftforge.fml.loading.moddiscovery.ModFile/LOADING]: Loading mod file /workspaces/VxW-Next-Gen/servidor_minecraft/mods/ferritecore-6.0.1-forge.jar with languages [LanguageSpec[languageName=javafml, acceptedVersions=[28,)]]
[12Aug2025 21:56:19.042] [main/DEBUG] [net.minecraftforge.fml.loading.moddiscovery.ModFileParser/LOADING]: Considering mod file candidate /workspaces/VxW-Next-Gen/servidor_minecraft/mods/Vampirism-1.20.1-1.10.13.jar
[12Aug2025 21:56:19.043] [main/DEBUG] [net.minecraftforge.fml.loading.moddiscovery.ModFileInfo/LOADING]: Found valid mod file Vampirism-1.20.1-1.10.13.jar with {vampirism,teamlapenlib} mods - versions {1.10.13,1.10.13}
[12Aug2025 21:56:19.043] [main/DEBUG] [net.minecraftforge.fml.loading.moddiscovery.ModFile/LOADING]: Loading mod file /workspaces/VxW-Next-Gen/servidor_minecraft/mods/Vampirism-1.20.1-1.10.13.jar with languages [LanguageSpec[languageName=javafml, acceptedVersions=[47,)]]
[12Aug2025 21:56:19.043] [main/DEBUG] [net.minecraftforge.fml.loading.moddiscovery.ModFileParser/LOADING]: Considering mod file candidate /workspaces/VxW-Next-Gen/servidor_minecraft/mods/cupboard-1.20.1-2.7.jar
[12Aug2025 21:56:19.044] [main/DEBUG] [net.minecraftforge.fml.loading.moddiscovery.ModFileInfo/LOADING]: Found valid mod file cupboard-1.20.1-2.7.jar with {cupboard} mods - versions {1.20.1-2.7}
[12Aug2025 21:56:19.044] [main/DEBUG] [net.minecraftforge.fml.loading.moddiscovery.ModFile/LOADING]: Loading mod file /workspaces/VxW-Next-Gen/servidor_minecraft/mods/cupboard-1.20.1-2.7.jar with languages [LanguageSpec[languageName=javafml, acceptedVersions=[36,)]]
[12Aug2025 21:56:19.044] [main/DEBUG] [net.minecraftforge.fml.loading.moddiscovery.ModFileParser/LOADING]: Considering mod file candidate /workspaces/VxW-Next-Gen/servidor_minecraft/mods/rarcompat-1.20.1-0.1.7.jar
[12Aug2025 21:56:19.045] [main/DEBUG] [net.minecraftforge.fml.loading.moddiscovery.ModFileInfo/LOADING]: Found valid mod file rarcompat-1.20.1-0.1.7.jar with {rarcompat} mods - versions {0.1.7}
[12Aug2025 21:56:19.045] [main/DEBUG] [net.minecraftforge.fml.loading.moddiscovery.ModFile/LOADING]: Loading mod file /workspaces/VxW-Next-Gen/servidor_minecraft/mods/rarcompat-1.20.1-0.1.7.jar with languages [LanguageSpec[languageName=javafml, acceptedVersions=[47,)]]
[12Aug2025 21:56:19.045] [main/DEBUG] [net.minecraftforge.fml.loading.moddiscovery.ModFileParser/LOADING]: Considering mod file candidate /workspaces/VxW-Next-Gen/servidor_minecraft/mods/wings-2.1.4-all.jar
[12Aug2025 21:56:19.046] [main/DEBUG] [net.minecraftforge.fml.loading.moddiscovery.ModFileInfo/LOADING]: Found valid mod file wings-2.1.4-all.jar with {wings} mods - versions {2.1.4}
[12Aug2025 21:56:19.046] [main/DEBUG] [net.minecraftforge.fml.loading.moddiscovery.ModFile/LOADING]: Loading mod file /workspaces/VxW-Next-Gen/servidor_minecraft/mods/wings-2.1.4-all.jar with languages [LanguageSpec[languageName=javafml, acceptedVersions=[47,)]]
[12Aug2025 21:56:19.046] [main/DEBUG] [net.minecraftforge.fml.loading.moddiscovery.ModFileParser/LOADING]: Found coremod wings with Javascript path wings_core.js
[12Aug2025 21:56:19.046] [main/DEBUG] [net.minecraftforge.fml.loading.moddiscovery.ModFile/LOADING]: Found coremod wings_core.js
[12Aug2025 21:56:19.046] [main/DEBUG] [net.minecraftforge.fml.loading.moddiscovery.ModFileParser/LOADING]: Considering mod file candidate 
[12Aug2025 21:56:19.046] [main/DEBUG] [net.minecraftforge.fml.loading.moddiscovery.ModFileInfo/LOADING]: Found valid mod file expandability-forge-9.0.4.jar with {expandability} mods - versions {9.0.4}
[12Aug2025 21:56:19.047] [main/DEBUG] [net.minecraftforge.fml.loading.moddiscovery.ModFile/LOADING]: Loading mod file  with languages [LanguageSpec[languageName=javafml, acceptedVersions=[46,)]]
[12Aug2025 21:56:19.047] [main/DEBUG] [net.minecraftforge.fml.loading.moddiscovery.ModFileParser/LOADING]: Considering mod file candidate /workspaces/VxW-Next-Gen/servidor_minecraft/mods/dragonsurvival-1.20.1-28.05.2025.jar
[12Aug2025 21:56:19.047] [main/DEBUG] [net.minecraftforge.fml.loading.moddiscovery.ModFileInfo/LOADING]: Found valid mod file dragonsurvival-1.20.1-28.05.2025.jar with {dragonsurvival} mods - versions {1.5.58}
[12Aug2025 21:56:19.047] [main/DEBUG] [net.minecraftforge.fml.loading.moddiscovery.ModFile/LOADING]: Loading mod file /workspaces/VxW-Next-Gen/servidor_minecraft/mods/dragonsurvival-1.20.1-28.05.2025.jar with languages [LanguageSpec[languageName=javafml, acceptedVersions=[46,)]]
[12Aug2025 21:56:19.047] [main/DEBUG] [net.minecraftforge.fml.loading.moddiscovery.ModFile/LOADING]: Loading mod file  with languages []
[12Aug2025 21:56:19.047] [main/DEBUG] [net.minecraftforge.fml.loading.moddiscovery.ModFileParser/LOADING]: Considering mod file candidate 
[12Aug2025 21:56:19.048] [main/DEBUG] [net.minecraftforge.fml.loading.moddiscovery.ModFileInfo/LOADING]: Found valid mod file mixinextras-forge-0.4.1.jar with {mixinextras} mods - versions {0.4.1}
[12Aug2025 21:56:19.048] [main/DEBUG] [net.minecraftforge.fml.loading.moddiscovery.ModFile/LOADING]: Loading mod file  with languages [LanguageSpec[languageName=javafml, acceptedVersions=*]]
[12Aug2025 21:56:19.048] [main/DEBUG] [net.minecraftforge.fml.loading.moddiscovery.ModFile/LOADING]: Loading mod file  with languages []
[12Aug2025 21:56:19.048] [main/DEBUG] [net.minecraftforge.fml.loading.moddiscovery.ModFile/LOADING]: Loading mod file  with languages []
[12Aug2025 21:56:19.048] [main/DEBUG] [net.minecraftforge.fml.loading.moddiscovery.ModFile/LOADING]: Loading mod file  with languages []
[12Aug2025 21:56:19.048] [main/DEBUG] [net.minecraftforge.fml.loading.moddiscovery.ModFileParser/LOADING]: Considering mod file candidate 
[12Aug2025 21:56:19.049] [main/DEBUG] [net.minecraftforge.fml.loading.moddiscovery.ModFileInfo/LOADING]: Found valid mod file mixinextras-forge-0.4.1.jar with {mixinextras} mods - versions {0.4.1}
[12Aug2025 21:56:19.049] [main/DEBUG] [net.minecraftforge.fml.loading.moddiscovery.ModFile/LOADING]: Loading mod file  with languages [LanguageSpec[languageName=javafml, acceptedVersions=*]]
[12Aug2025 21:56:19.049] [main/DEBUG] [net.minecraftforge.fml.loading.moddiscovery.ModFile/LOADING]: Loading mod file  with languages []
[12Aug2025 21:56:19.049] [main/DEBUG] [net.minecraftforge.fml.loading.moddiscovery.ModFile/LOADING]: Loading mod file  with languages []
[12Aug2025 21:56:19.049] [main/DEBUG] [cpw.mods.modlauncher.TransformationServiceDecorator/MODLAUNCHER]: End scan trigger - transformation service fml
[12Aug2025 21:56:19.059] [main/DEBUG] [net.minecraftforge.fml.loading.LanguageLoadingProvider/CORE]: Found 3 language providers
[12Aug2025 21:56:19.059] [main/DEBUG] [net.minecraftforge.fml.loading.LanguageLoadingProvider/CORE]: Found language provider minecraft, version 1.0
[12Aug2025 21:56:19.060] [main/DEBUG] [net.minecraftforge.fml.loading.LanguageLoadingProvider/CORE]: Found language provider lowcodefml, version 47
[12Aug2025 21:56:19.060] [main/DEBUG] [net.minecraftforge.fml.loading.LanguageLoadingProvider/CORE]: Found language provider javafml, version 47
[12Aug2025 21:56:19.064] [main/DEBUG] [net.minecraftforge.fml.loading.UniqueModListBuilder/]: Found 2 mods for first modid mclib, selecting most recent based on version data
[12Aug2025 21:56:19.065] [main/DEBUG] [net.minecraftforge.fml.loading.UniqueModListBuilder/]: Selected file mclib-20.jar for modid mclib with version 0.0NONE
[12Aug2025 21:56:19.065] [main/DEBUG] [net.minecraftforge.fml.loading.UniqueModListBuilder/]: Found 2 mods for first modid mixinextras, selecting most recent based on version data
[12Aug2025 21:56:19.065] [main/DEBUG] [net.minecraftforge.fml.loading.UniqueModListBuilder/]: Selected file mixinextras-forge-0.4.1.jar for modid mixinextras with version 0.4.1
[12Aug2025 21:56:19.065] [main/DEBUG] [net.minecraftforge.fml.loading.UniqueModListBuilder/]: Found 2 mods for first modid org.yaml.snakeyaml, selecting most recent based on version data
[12Aug2025 21:56:19.065] [main/DEBUG] [net.minecraftforge.fml.loading.UniqueModListBuilder/]: Selected file snakeyaml-2.2.jar for modid org.yaml.snakeyaml with version 0.0NONE
[12Aug2025 21:56:19.065] [main/DEBUG] [net.minecraftforge.fml.loading.UniqueModListBuilder/]: Found 2 mods for first modid MixinExtras, selecting most recent based on version data
[12Aug2025 21:56:19.066] [main/DEBUG] [net.minecraftforge.fml.loading.UniqueModListBuilder/]: Selected file MixinExtras-0.4.1.jar for modid MixinExtras with version 0.0NONE
[12Aug2025 21:56:19.067] [main/DEBUG] [net.minecraftforge.fml.loading.ModSorter/]: Configured system mods: [minecraft, forge]
[12Aug2025 21:56:19.067] [main/DEBUG] [net.minecraftforge.fml.loading.ModSorter/]: Found system mod: minecraft
[12Aug2025 21:56:19.067] [main/DEBUG] [net.minecraftforge.fml.loading.ModSorter/]: Found system mod: forge
[12Aug2025 21:56:19.070] [main/DEBUG] [net.minecraftforge.fml.loading.ModSorter/LOADING]: Found 139 mod requirements (121 mandatory, 18 optional)
[12Aug2025 21:56:19.071] [main/DEBUG] [net.minecraftforge.fml.loading.ModSorter/LOADING]: Found 0 mod requirements missing (0 mandatory, 0 optional)
[12Aug2025 21:56:19.584] [main/DEBUG] [cpw.mods.modlauncher.TransformationServicesHandler/MODLAUNCHER]: Transformation services loading transformers
[12Aug2025 21:56:19.584] [main/DEBUG] [cpw.mods.modlauncher.TransformationServiceDecorator/MODLAUNCHER]: Initializing transformers for transformation service mixin
[12Aug2025 21:56:19.585] [main/DEBUG] [cpw.mods.modlauncher.TransformationServiceDecorator/MODLAUNCHER]: Initialized transformers for transformation service mixin
[12Aug2025 21:56:19.585] [main/DEBUG] [cpw.mods.modlauncher.TransformationServiceDecorator/MODLAUNCHER]: Initializing transformers for transformation service fml
[12Aug2025 21:56:19.585] [main/DEBUG] [net.minecraftforge.fml.loading.FMLServiceProvider/CORE]: Loading coremod transformers
[12Aug2025 21:56:19.585] [main/DEBUG] [net.minecraftforge.coremod.CoreModEngine/COREMOD]: Loading CoreMod from potion-effects-shift.js
[12Aug2025 21:56:19.800] [main/DEBUG] [net.minecraftforge.coremod.CoreModEngine/COREMOD]: CoreMod loaded successfully
[12Aug2025 21:56:19.800] [main/DEBUG] [net.minecraftforge.coremod.CoreModEngine/COREMOD]: Loading CoreMod from coremods/field_to_method.js
[12Aug2025 21:56:19.830] [main/DEBUG] [net.minecraftforge.coremod.CoreModEngine/COREMOD]: CoreMod loaded successfully
[12Aug2025 21:56:19.830] [main/DEBUG] [net.minecraftforge.coremod.CoreModEngine/COREMOD]: Loading CoreMod from coremods/field_to_instanceof.js
[12Aug2025 21:56:19.862] [main/DEBUG] [net.minecraftforge.coremod.CoreModEngine/COREMOD]: CoreMod loaded successfully
[12Aug2025 21:56:19.862] [main/DEBUG] [net.minecraftforge.coremod.CoreModEngine/COREMOD]: Loading CoreMod from coremods/add_bouncer_method.js
[12Aug2025 21:56:19.893] [main/DEBUG] [net.minecraftforge.coremod.CoreModEngine/COREMOD]: CoreMod loaded successfully
[12Aug2025 21:56:19.893] [main/DEBUG] [net.minecraftforge.coremod.CoreModEngine/COREMOD]: Loading CoreMod from coremods/method_redirector.js
[12Aug2025 21:56:19.944] [main/DEBUG] [net.minecraftforge.coremod.CoreModEngine/COREMOD]: CoreMod loaded successfully
[12Aug2025 21:56:19.944] [main/DEBUG] [net.minecraftforge.coremod.CoreModEngine/COREMOD]: Loading CoreMod from wings_core.js
[12Aug2025 21:56:20.631] [main/DEBUG] [net.minecraftforge.coremod.CoreModEngine/COREMOD]: CoreMod loaded successfully
[12Aug2025 21:56:20.640] [main/DEBUG] [cpw.mods.modlauncher.TransformStore/MODLAUNCHER]: Adding transformer net.minecraftforge.coremod.transformer.CoreModClassTransformer@30036a18 to Target : CLASS {Lnet/minecraft/world/level/biome/Biome;} {} {V}
[12Aug2025 21:56:20.641] [main/DEBUG] [cpw.mods.modlauncher.TransformStore/MODLAUNCHER]: Adding transformer net.minecraftforge.coremod.transformer.CoreModClassTransformer@119d4443 to Target : CLASS {Lnet/minecraft/world/level/levelgen/structure/Structure;} {} {V}
[12Aug2025 21:56:20.642] [main/DEBUG] [cpw.mods.modlauncher.TransformStore/MODLAUNCHER]: Adding transformer net.minecraftforge.coremod.transformer.CoreModClassTransformer@773eca84 to Target : CLASS {Lnet/minecraft/world/effect/MobEffectInstance;} {} {V}
[12Aug2025 21:56:20.642] [main/DEBUG] [cpw.mods.modlauncher.TransformStore/MODLAUNCHER]: Adding transformer net.minecraftforge.coremod.transformer.CoreModClassTransformer@7d47dfed to Target : CLASS {Lnet/minecraft/world/level/block/LiquidBlock;} {} {V}
[12Aug2025 21:56:20.642] [main/DEBUG] [cpw.mods.modlauncher.TransformStore/MODLAUNCHER]: Adding transformer net.minecraftforge.coremod.transformer.CoreModClassTransformer@3a38e4dc to Target : CLASS {Lnet/minecraft/world/item/BucketItem;} {} {V}
[12Aug2025 21:56:20.642] [main/DEBUG] [cpw.mods.modlauncher.TransformStore/MODLAUNCHER]: Adding transformer net.minecraftforge.coremod.transformer.CoreModClassTransformer@41fc0084 to Target : CLASS {Lnet/minecraft/world/level/block/StairBlock;} {} {V}
[12Aug2025 21:56:20.643] [main/DEBUG] [cpw.mods.modlauncher.TransformStore/MODLAUNCHER]: Adding transformer net.minecraftforge.coremod.transformer.CoreModClassTransformer@401788d5 to Target : CLASS {Lnet/minecraft/world/level/block/FlowerPotBlock;} {} {V}
[12Aug2025 21:56:20.643] [main/DEBUG] [cpw.mods.modlauncher.TransformStore/MODLAUNCHER]: Adding transformer net.minecraftforge.coremod.transformer.CoreModClassTransformer@3ec9f8d to Target : CLASS {Lnet/minecraft/world/item/ItemStack;} {} {V}
[12Aug2025 21:56:20.643] [main/DEBUG] [cpw.mods.modlauncher.TransformStore/MODLAUNCHER]: Adding transformer net.minecraftforge.coremod.transformer.CoreModClassTransformer@7e0f9528 to Target : CLASS {Lnet/minecraft/network/play/client/CClientSettingsPacket;} {} {V}
[12Aug2025 21:56:20.644] [main/DEBUG] [cpw.mods.modlauncher.TransformStore/MODLAUNCHER]: Adding transformer net.minecraftforge.coremod.transformer.CoreModClassTransformer@5f56424d to Target : CLASS {Lnet/minecraft/world/level/levelgen/PhantomSpawner;} {} {V}
[12Aug2025 21:56:20.644] [main/DEBUG] [cpw.mods.modlauncher.TransformStore/MODLAUNCHER]: Adding transformer net.minecraftforge.coremod.transformer.CoreModClassTransformer@5f56424d to Target : CLASS {Lnet/minecraft/world/entity/EntityType;} {} {V}
[12Aug2025 21:56:20.644] [main/DEBUG] [cpw.mods.modlauncher.TransformStore/MODLAUNCHER]: Adding transformer net.minecraftforge.coremod.transformer.CoreModClassTransformer@5f56424d to Target : CLASS {Lnet/minecraft/world/level/levelgen/structure/structures/SwampHutPiece;} {} {V}
[12Aug2025 21:56:20.644] [main/DEBUG] [cpw.mods.modlauncher.TransformStore/MODLAUNCHER]: Adding transformer net.minecraftforge.coremod.transformer.CoreModClassTransformer@5f56424d to Target : CLASS {Lnet/minecraft/world/entity/monster/ZombieVillager;} {} {V}
[12Aug2025 21:56:20.644] [main/DEBUG] [cpw.mods.modlauncher.TransformStore/MODLAUNCHER]: Adding transformer net.minecraftforge.coremod.transformer.CoreModClassTransformer@5f56424d to Target : CLASS {Lnet/minecraft/world/level/levelgen/structure/structures/OceanRuinPieces$OceanRuinPiece;} {} {V}
[12Aug2025 21:56:20.645] [main/DEBUG] [cpw.mods.modlauncher.TransformStore/MODLAUNCHER]: Adding transformer net.minecraftforge.coremod.transformer.CoreModClassTransformer@5f56424d to Target : CLASS {Lnet/minecraft/world/entity/monster/Evoker$EvokerSummonSpellGoal;} {} {V}
[12Aug2025 21:56:20.645] [main/DEBUG] [cpw.mods.modlauncher.TransformStore/MODLAUNCHER]: Adding transformer net.minecraftforge.coremod.transformer.CoreModClassTransformer@5f56424d to Target : CLASS {Lnet/minecraft/world/level/levelgen/structure/structures/WoodlandMansionPieces$WoodlandMansionPiece;} {} {V}
[12Aug2025 21:56:20.645] [main/DEBUG] [cpw.mods.modlauncher.TransformStore/MODLAUNCHER]: Adding transformer net.minecraftforge.coremod.transformer.CoreModClassTransformer@5f56424d to Target : CLASS {Lnet/minecraft/world/entity/animal/horse/SkeletonTrapGoal;} {} {V}
[12Aug2025 21:56:20.645] [main/DEBUG] [cpw.mods.modlauncher.TransformStore/MODLAUNCHER]: Adding transformer net.minecraftforge.coremod.transformer.CoreModClassTransformer@5f56424d to Target : CLASS {Lnet/minecraft/world/entity/monster/Strider;} {} {V}
[12Aug2025 21:56:20.645] [main/DEBUG] [cpw.mods.modlauncher.TransformStore/MODLAUNCHER]: Adding transformer net.minecraftforge.coremod.transformer.CoreModClassTransformer@5f56424d to Target : CLASS {Lnet/minecraft/server/commands/RaidCommand;} {} {V}
[12Aug2025 21:56:20.645] [main/DEBUG] [cpw.mods.modlauncher.TransformStore/MODLAUNCHER]: Adding transformer net.minecraftforge.coremod.transformer.CoreModClassTransformer@5f56424d to Target : CLASS {Lnet/minecraft/world/entity/animal/frog/Tadpole;} {} {V}
[12Aug2025 21:56:20.645] [main/DEBUG] [cpw.mods.modlauncher.TransformStore/MODLAUNCHER]: Adding transformer net.minecraftforge.coremod.transformer.CoreModClassTransformer@5f56424d to Target : CLASS {Lnet/minecraft/world/entity/npc/CatSpawner;} {} {V}
[12Aug2025 21:56:20.646] [main/DEBUG] [cpw.mods.modlauncher.TransformStore/MODLAUNCHER]: Adding transformer net.minecraftforge.coremod.transformer.CoreModClassTransformer@5f56424d to Target : CLASS {Lnet/minecraft/world/level/NaturalSpawner;} {} {V}
[12Aug2025 21:56:20.646] [main/DEBUG] [cpw.mods.modlauncher.TransformStore/MODLAUNCHER]: Adding transformer net.minecraftforge.coremod.transformer.CoreModClassTransformer@5f56424d to Target : CLASS {Lnet/minecraft/world/entity/npc/Villager;} {} {V}
[12Aug2025 21:56:20.646] [main/DEBUG] [cpw.mods.modlauncher.TransformStore/MODLAUNCHER]: Adding transformer net.minecraftforge.coremod.transformer.CoreModClassTransformer@5f56424d to Target : CLASS {Lnet/minecraft/world/entity/monster/Spider;} {} {V}
[12Aug2025 21:56:20.646] [main/DEBUG] [cpw.mods.modlauncher.TransformStore/MODLAUNCHER]: Adding transformer net.minecraftforge.coremod.transformer.CoreModClassTransformer@5f56424d to Target : CLASS {Lnet/minecraft/world/entity/ai/village/VillageSiege;} {} {V}
[12Aug2025 21:56:20.646] [main/DEBUG] [cpw.mods.modlauncher.TransformStore/MODLAUNCHER]: Adding transformer net.minecraftforge.coremod.transformer.CoreModClassTransformer@5f56424d to Target : CLASS {Lnet/minecraft/world/entity/monster/Zombie;} {} {V}
[12Aug2025 21:56:20.646] [main/DEBUG] [cpw.mods.modlauncher.TransformStore/MODLAUNCHER]: Adding transformer net.minecraftforge.coremod.transformer.CoreModClassTransformer@5f56424d to Target : CLASS {Lnet/minecraft/world/entity/raid/Raid;} {} {V}
[12Aug2025 21:56:20.646] [main/DEBUG] [cpw.mods.modlauncher.TransformStore/MODLAUNCHER]: Adding transformer net.minecraftforge.coremod.transformer.CoreModClassTransformer@5f56424d to Target : CLASS {Lnet/minecraft/world/level/levelgen/structure/templatesystem/StructureTemplate;} {} {V}
[12Aug2025 21:56:20.646] [main/DEBUG] [cpw.mods.modlauncher.TransformStore/MODLAUNCHER]: Adding transformer net.minecraftforge.coremod.transformer.CoreModClassTransformer@5f56424d to Target : CLASS {Lnet/minecraft/world/level/levelgen/structure/structures/OceanMonumentPieces$OceanMonumentPiece;} {} {V}
[12Aug2025 21:56:20.646] [main/DEBUG] [cpw.mods.modlauncher.TransformStore/MODLAUNCHER]: Adding transformer net.minecraftforge.coremod.transformer.CoreModClassTransformer@5f56424d to Target : CLASS {Lnet/minecraft/server/commands/SummonCommand;} {} {V}
[12Aug2025 21:56:20.646] [main/DEBUG] [cpw.mods.modlauncher.TransformStore/MODLAUNCHER]: Adding transformer net.minecraftforge.coremod.transformer.CoreModClassTransformer@5f56424d to Target : CLASS {Lnet/minecraft/world/level/levelgen/PatrolSpawner;} {} {V}
[12Aug2025 21:56:20.647] [main/DEBUG] [cpw.mods.modlauncher.TransformStore/MODLAUNCHER]: Adding transformer net.minecraftforge.coremod.transformer.CoreModClassTransformer@237b2852 to Target : CLASS {Lnet/minecraft/world/entity/player/Player;} {} {V}
[12Aug2025 21:56:20.647] [main/DEBUG] [cpw.mods.modlauncher.TransformStore/MODLAUNCHER]: Adding transformer net.minecraftforge.coremod.transformer.CoreModClassTransformer@448cdb47 to Target : CLASS {Lnet/minecraft/server/network/ServerGamePacketListenerImpl;} {} {V}
[12Aug2025 21:56:20.647] [main/DEBUG] [cpw.mods.modlauncher.TransformStore/MODLAUNCHER]: Adding transformer net.minecraftforge.coremod.transformer.CoreModClassTransformer@4628a02b to Target : CLASS {Lnet/minecraft/client/Camera;} {} {V}
[12Aug2025 21:56:20.647] [main/DEBUG] [cpw.mods.modlauncher.TransformStore/MODLAUNCHER]: Adding transformer net.minecraftforge.coremod.transformer.CoreModClassTransformer@2b01c689 to Target : CLASS {Lnet/minecraft/world/entity/LivingEntity;} {} {V}
[12Aug2025 21:56:20.647] [main/DEBUG] [cpw.mods.modlauncher.TransformStore/MODLAUNCHER]: Adding transformer net.minecraftforge.coremod.transformer.CoreModClassTransformer@51424203 to Target : CLASS {Lnet/minecraft/client/renderer/ItemInHandRenderer;} {} {V}
[12Aug2025 21:56:20.647] [main/DEBUG] [cpw.mods.modlauncher.TransformStore/MODLAUNCHER]: Adding transformer net.minecraftforge.coremod.transformer.CoreModClassTransformer@7336fd8f to Target : CLASS {Lnet/minecraftforge/client/ForgeHooksClient;} {} {V}
[12Aug2025 21:56:20.647] [main/DEBUG] [cpw.mods.modlauncher.TransformStore/MODLAUNCHER]: Adding transformer net.minecraftforge.coremod.transformer.CoreModClassTransformer@701c223a to Target : CLASS {Lnet/minecraft/client/model/PlayerModel;} {} {V}
[12Aug2025 21:56:20.647] [main/DEBUG] [cpw.mods.modlauncher.TransformStore/MODLAUNCHER]: Adding transformer net.minecraftforge.coremod.transformer.CoreModClassTransformer@550c973e to Target : CLASS {Lnet/minecraft/client/renderer/entity/player/PlayerRenderer;} {} {V}
[12Aug2025 21:56:20.648] [main/DEBUG] [cpw.mods.modlauncher.TransformStore/MODLAUNCHER]: Adding transformer net.minecraftforge.coremod.transformer.CoreModMethodTransformer@5203c80f to Target : METHOD {Lnet/minecraft/client/gui/Gui;} {m_93028_} {(Lcom/mojang/blaze3d/vertex/PoseStack;)V}
[12Aug2025 21:56:20.648] [main/DEBUG] [cpw.mods.modlauncher.TransformationServiceDecorator/MODLAUNCHER]: Initialized transformers for transformation service fml
[12Aug2025 21:56:21.953] [main/DEBUG] [mixin/]: Processing prepare() for PlatformAgent[MixinPlatformAgentDefault:ModLauncher Root Container(ModLauncher:4f56a0a2)]
[12Aug2025 21:56:21.953] [main/DEBUG] [mixin/]: Processing launch tasks for PlatformAgent[MixinPlatformAgentDefault:ModLauncher Root Container(ModLauncher:4f56a0a2)]
[12Aug2025 21:56:21.953] [main/DEBUG] [mixin/]: Adding mixin platform agents for container SecureJarResource(mowziesmobs)
[12Aug2025 21:56:21.953] [main/DEBUG] [mixin/]: Instancing new MixinPlatformAgentMinecraftForge for SecureJarResource(mowziesmobs)
[12Aug2025 21:56:21.953] [main/DEBUG] [mixin/]: MixinPlatformAgentMinecraftForge rejected container SecureJarResource(mowziesmobs)
[12Aug2025 21:56:21.953] [main/DEBUG] [mixin/]: Instancing new MixinPlatformAgentDefault for SecureJarResource(mowziesmobs)
[12Aug2025 21:56:21.953] [main/DEBUG] [mixin/]: MixinPlatformAgentDefault accepted container SecureJarResource(mowziesmobs)
[12Aug2025 21:56:21.953] [main/DEBUG] [mixin/]: Processing prepare() for PlatformAgent[MixinPlatformAgentDefault:SecureJarResource(mowziesmobs)]
[12Aug2025 21:56:21.954] [main/DEBUG] [mixin/]: Registering mixin config: mowziesmobs.mixins.json
[12Aug2025 21:56:21.969] [main/DEBUG] [mixin/]: Compatibility level JAVA_17 specified by mowziesmobs.mixins.json is higher than the maximum level supported by this version of mixin (JAVA_13).
[12Aug2025 21:56:21.973] [main/INFO] [mixin/]: Compatibility level set to JAVA_17
[12Aug2025 21:56:21.973] [main/DEBUG] [mixin/]: Adding mixin platform agents for container SecureJarResource(kuma_api)
[12Aug2025 21:56:21.974] [main/DEBUG] [mixin/]: Instancing new MixinPlatformAgentMinecraftForge for SecureJarResource(kuma_api)
[12Aug2025 21:56:21.974] [main/DEBUG] [mixin/]: MixinPlatformAgentMinecraftForge rejected container SecureJarResource(kuma_api)
[12Aug2025 21:56:21.974] [main/DEBUG] [mixin/]: Instancing new MixinPlatformAgentDefault for SecureJarResource(kuma_api)
[12Aug2025 21:56:21.974] [main/DEBUG] [mixin/]: MixinPlatformAgentDefault accepted container SecureJarResource(kuma_api)
[12Aug2025 21:56:21.974] [main/DEBUG] [mixin/]: Processing prepare() for PlatformAgent[MixinPlatformAgentDefault:SecureJarResource(kuma_api)]
[12Aug2025 21:56:21.974] [main/DEBUG] [mixin/]: Registering mixin config: kuma_api.mixins.json
[12Aug2025 21:56:21.977] [main/DEBUG] [mixin/]: Registering mixin config: kuma_api.forge.mixins.json
[12Aug2025 21:56:21.981] [main/DEBUG] [mixin/]: Adding mixin platform agents for container SecureJarResource(raccompat)
[12Aug2025 21:56:21.981] [main/DEBUG] [mixin/]: Instancing new MixinPlatformAgentMinecraftForge for SecureJarResource(raccompat)
[12Aug2025 21:56:21.981] [main/DEBUG] [mixin/]: MixinPlatformAgentMinecraftForge rejected container SecureJarResource(raccompat)
[12Aug2025 21:56:21.981] [main/DEBUG] [mixin/]: Instancing new MixinPlatformAgentDefault for SecureJarResource(raccompat)
[12Aug2025 21:56:21.981] [main/DEBUG] [mixin/]: MixinPlatformAgentDefault accepted container SecureJarResource(raccompat)
[12Aug2025 21:56:21.981] [main/DEBUG] [mixin/]: Processing prepare() for PlatformAgent[MixinPlatformAgentDefault:SecureJarResource(raccompat)]
[12Aug2025 21:56:21.982] [main/DEBUG] [mixin/]: Registering mixin config: raccompat.mixins.json
[12Aug2025 21:56:21.985] [main/DEBUG] [mixin/]: Compatibility level JAVA_8 specified by raccompat.mixins.json is lower than the default level supported by the current mixin service (JAVA_16).
[12Aug2025 21:56:21.985] [main/DEBUG] [mixin/]: Adding mixin platform agents for container SecureJarResource(jmi)
[12Aug2025 21:56:21.985] [main/DEBUG] [mixin/]: Instancing new MixinPlatformAgentMinecraftForge for SecureJarResource(jmi)
[12Aug2025 21:56:21.985] [main/DEBUG] [mixin/]: MixinPlatformAgentMinecraftForge rejected container SecureJarResource(jmi)
[12Aug2025 21:56:21.985] [main/DEBUG] [mixin/]: Instancing new MixinPlatformAgentDefault for SecureJarResource(jmi)
[12Aug2025 21:56:21.985] [main/DEBUG] [mixin/]: MixinPlatformAgentDefault accepted container SecureJarResource(jmi)
[12Aug2025 21:56:21.986] [main/DEBUG] [mixin/]: Processing prepare() for PlatformAgent[MixinPlatformAgentDefault:SecureJarResource(jmi)]
[12Aug2025 21:56:21.986] [main/DEBUG] [mixin/]: Registering mixin config: jmi.mixins.json
[12Aug2025 21:56:21.988] [main/DEBUG] [mixin/]: Adding mixin platform agents for container SecureJarResource(parcool_compat_addon)
[12Aug2025 21:56:21.988] [main/DEBUG] [mixin/]: Instancing new MixinPlatformAgentMinecraftForge for SecureJarResource(parcool_compat_addon)
[12Aug2025 21:56:21.988] [main/DEBUG] [mixin/]: MixinPlatformAgentMinecraftForge rejected container SecureJarResource(parcool_compat_addon)
[12Aug2025 21:56:21.988] [main/DEBUG] [mixin/]: Instancing new MixinPlatformAgentDefault for SecureJarResource(parcool_compat_addon)
[12Aug2025 21:56:21.988] [main/DEBUG] [mixin/]: MixinPlatformAgentDefault accepted container SecureJarResource(parcool_compat_addon)
[12Aug2025 21:56:21.988] [main/DEBUG] [mixin/]: Processing prepare() for PlatformAgent[MixinPlatformAgentDefault:SecureJarResource(parcool_compat_addon)]
[12Aug2025 21:56:21.988] [main/DEBUG] [mixin/]: Registering mixin config: parcool.mixins.json
[12Aug2025 21:56:21.990] [main/DEBUG] [mixin/]: Adding mixin platform agents for container SecureJarResource(geckolib)
[12Aug2025 21:56:21.990] [main/DEBUG] [mixin/]: Instancing new MixinPlatformAgentMinecraftForge for SecureJarResource(geckolib)
[12Aug2025 21:56:21.990] [main/DEBUG] [mixin/]: MixinPlatformAgentMinecraftForge rejected container SecureJarResource(geckolib)
[12Aug2025 21:56:21.990] [main/DEBUG] [mixin/]: Instancing new MixinPlatformAgentDefault for SecureJarResource(geckolib)
[12Aug2025 21:56:21.990] [main/DEBUG] [mixin/]: MixinPlatformAgentDefault accepted container SecureJarResource(geckolib)
[12Aug2025 21:56:21.991] [main/DEBUG] [mixin/]: Processing prepare() for PlatformAgent[MixinPlatformAgentDefault:SecureJarResource(geckolib)]
[12Aug2025 21:56:21.991] [main/DEBUG] [mixin/]: Registering mixin config: geckolib.mixins.json
[12Aug2025 21:56:21.993] [main/DEBUG] [mixin/]: Adding mixin platform agents for container SecureJarResource(jei)
[12Aug2025 21:56:21.993] [main/DEBUG] [mixin/]: Instancing new MixinPlatformAgentMinecraftForge for SecureJarResource(jei)
[12Aug2025 21:56:21.993] [main/DEBUG] [mixin/]: MixinPlatformAgentMinecraftForge rejected container SecureJarResource(jei)
[12Aug2025 21:56:21.993] [main/DEBUG] [mixin/]: Instancing new MixinPlatformAgentDefault for SecureJarResource(jei)
[12Aug2025 21:56:21.993] [main/DEBUG] [mixin/]: MixinPlatformAgentDefault accepted container SecureJarResource(jei)
[12Aug2025 21:56:21.993] [main/DEBUG] [mixin/]: Processing prepare() for PlatformAgent[MixinPlatformAgentDefault:SecureJarResource(jei)]
[12Aug2025 21:56:21.993] [main/DEBUG] [mixin/]: Adding mixin platform agents for container SecureJarResource(prefab)
[12Aug2025 21:56:21.993] [main/DEBUG] [mixin/]: Instancing new MixinPlatformAgentMinecraftForge for SecureJarResource(prefab)
[12Aug2025 21:56:21.993] [main/DEBUG] [mixin/]: MixinPlatformAgentMinecraftForge rejected container SecureJarResource(prefab)
[12Aug2025 21:56:21.994] [main/DEBUG] [mixin/]: Instancing new MixinPlatformAgentDefault for SecureJarResource(prefab)
[12Aug2025 21:56:21.994] [main/DEBUG] [mixin/]: MixinPlatformAgentDefault accepted container SecureJarResource(prefab)
[12Aug2025 21:56:21.994] [main/DEBUG] [mixin/]: Processing prepare() for PlatformAgent[MixinPlatformAgentDefault:SecureJarResource(prefab)]
[12Aug2025 21:56:21.994] [main/DEBUG] [mixin/]: Adding mixin platform agents for container SecureJarResource(waystones)
[12Aug2025 21:56:21.994] [main/DEBUG] [mixin/]: Instancing new MixinPlatformAgentMinecraftForge for SecureJarResource(waystones)
[12Aug2025 21:56:21.994] [main/DEBUG] [mixin/]: MixinPlatformAgentMinecraftForge rejected container SecureJarResource(waystones)
[12Aug2025 21:56:21.994] [main/DEBUG] [mixin/]: Instancing new MixinPlatformAgentDefault for SecureJarResource(waystones)
[12Aug2025 21:56:21.994] [main/DEBUG] [mixin/]: MixinPlatformAgentDefault accepted container SecureJarResource(waystones)
[12Aug2025 21:56:21.994] [main/DEBUG] [mixin/]: Processing prepare() for PlatformAgent[MixinPlatformAgentDefault:SecureJarResource(waystones)]
[12Aug2025 21:56:21.995] [main/DEBUG] [mixin/]: Registering mixin config: waystones.mixins.json
[12Aug2025 21:56:21.997] [main/DEBUG] [mixin/]: Adding mixin platform agents for container SecureJarResource(journeymap)
[12Aug2025 21:56:21.997] [main/DEBUG] [mixin/]: Instancing new MixinPlatformAgentMinecraftForge for SecureJarResource(journeymap)
[12Aug2025 21:56:21.997] [main/DEBUG] [mixin/]: MixinPlatformAgentMinecraftForge rejected container SecureJarResource(journeymap)
[12Aug2025 21:56:21.997] [main/DEBUG] [mixin/]: Instancing new MixinPlatformAgentDefault for SecureJarResource(journeymap)
[12Aug2025 21:56:21.997] [main/DEBUG] [mixin/]: MixinPlatformAgentDefault accepted container SecureJarResource(journeymap)
[12Aug2025 21:56:21.997] [main/DEBUG] [mixin/]: Processing prepare() for PlatformAgent[MixinPlatformAgentDefault:SecureJarResource(journeymap)]
[12Aug2025 21:56:21.997] [main/DEBUG] [mixin/]: Registering mixin config: journeymap.mixins.json
[12Aug2025 21:56:21.999] [main/DEBUG] [mixin/]: Adding mixin platform agents for container SecureJarResource(modernfix)
[12Aug2025 21:56:22.000] [main/DEBUG] [mixin/]: Instancing new MixinPlatformAgentMinecraftForge for SecureJarResource(modernfix)
[12Aug2025 21:56:22.000] [main/DEBUG] [mixin/]: MixinPlatformAgentMinecraftForge rejected container SecureJarResource(modernfix)
[12Aug2025 21:56:22.000] [main/DEBUG] [mixin/]: Instancing new MixinPlatformAgentDefault for SecureJarResource(modernfix)
[12Aug2025 21:56:22.000] [main/DEBUG] [mixin/]: MixinPlatformAgentDefault accepted container SecureJarResource(modernfix)
[12Aug2025 21:56:22.000] [main/DEBUG] [mixin/]: Processing prepare() for PlatformAgent[MixinPlatformAgentDefault:SecureJarResource(modernfix)]
[12Aug2025 21:56:22.000] [main/DEBUG] [mixin/]: Registering mixin config: modernfix-common.mixins.json
[12Aug2025 21:56:22.002] [main/DEBUG] [mixin/]: Registering mixin config: modernfix-forge.mixins.json
[12Aug2025 21:56:22.004] [main/DEBUG] [mixin/]: Adding mixin platform agents for container SecureJarResource(citadel)
[12Aug2025 21:56:22.004] [main/DEBUG] [mixin/]: Instancing new MixinPlatformAgentMinecraftForge for SecureJarResource(citadel)
[12Aug2025 21:56:22.004] [main/DEBUG] [mixin/]: MixinPlatformAgentMinecraftForge rejected container SecureJarResource(citadel)
[12Aug2025 21:56:22.004] [main/DEBUG] [mixin/]: Instancing new MixinPlatformAgentDefault for SecureJarResource(citadel)
[12Aug2025 21:56:22.005] [main/DEBUG] [mixin/]: MixinPlatformAgentDefault accepted container SecureJarResource(citadel)
[12Aug2025 21:56:22.005] [main/DEBUG] [mixin/]: Processing prepare() for PlatformAgent[MixinPlatformAgentDefault:SecureJarResource(citadel)]
[12Aug2025 21:56:22.005] [main/DEBUG] [mixin/]: Registering mixin config: citadel.mixins.json
[12Aug2025 21:56:22.007] [main/DEBUG] [mixin/]: Adding mixin platform agents for container SecureJarResource(alexsmobs)
[12Aug2025 21:56:22.007] [main/DEBUG] [mixin/]: Instancing new MixinPlatformAgentMinecraftForge for SecureJarResource(alexsmobs)
[12Aug2025 21:56:22.007] [main/DEBUG] [mixin/]: MixinPlatformAgentMinecraftForge rejected container SecureJarResource(alexsmobs)
[12Aug2025 21:56:22.007] [main/DEBUG] [mixin/]: Instancing new MixinPlatformAgentDefault for SecureJarResource(alexsmobs)
[12Aug2025 21:56:22.008] [main/DEBUG] [mixin/]: MixinPlatformAgentDefault accepted container SecureJarResource(alexsmobs)
[12Aug2025 21:56:22.008] [main/DEBUG] [mixin/]: Processing prepare() for PlatformAgent[MixinPlatformAgentDefault:SecureJarResource(alexsmobs)]
[12Aug2025 21:56:22.008] [main/DEBUG] [mixin/]: Registering mixin config: citadel.mixins.json
[12Aug2025 21:56:22.008] [main/DEBUG] [mixin/]: Adding mixin platform agents for container SecureJarResource(travelersbackpack)
[12Aug2025 21:56:22.008] [main/DEBUG] [mixin/]: Instancing new MixinPlatformAgentMinecraftForge for SecureJarResource(travelersbackpack)
[12Aug2025 21:56:22.008] [main/DEBUG] [mixin/]: MixinPlatformAgentMinecraftForge rejected container SecureJarResource(travelersbackpack)
[12Aug2025 21:56:22.008] [main/DEBUG] [mixin/]: Instancing new MixinPlatformAgentDefault for SecureJarResource(travelersbackpack)
[12Aug2025 21:56:22.009] [main/DEBUG] [mixin/]: MixinPlatformAgentDefault accepted container SecureJarResource(travelersbackpack)
[12Aug2025 21:56:22.009] [main/DEBUG] [mixin/]: Processing prepare() for PlatformAgent[MixinPlatformAgentDefault:SecureJarResource(travelersbackpack)]
[12Aug2025 21:56:22.009] [main/DEBUG] [mixin/]: Registering mixin config: mixins.travelersbackpack.json
[12Aug2025 21:56:22.010] [main/DEBUG] [mixin/]: Adding mixin platform agents for container SecureJarResource(artifacts)
[12Aug2025 21:56:22.010] [main/DEBUG] [mixin/]: Instancing new MixinPlatformAgentMinecraftForge for SecureJarResource(artifacts)
[12Aug2025 21:56:22.011] [main/DEBUG] [mixin/]: MixinPlatformAgentMinecraftForge rejected container SecureJarResource(artifacts)
[12Aug2025 21:56:22.011] [main/DEBUG] [mixin/]: Instancing new MixinPlatformAgentDefault for SecureJarResource(artifacts)
[12Aug2025 21:56:22.011] [main/DEBUG] [mixin/]: MixinPlatformAgentDefault accepted container SecureJarResource(artifacts)
[12Aug2025 21:56:22.011] [main/DEBUG] [mixin/]: Processing prepare() for PlatformAgent[MixinPlatformAgentDefault:SecureJarResource(artifacts)]
[12Aug2025 21:56:22.011] [main/DEBUG] [mixin/]: Registering mixin config: mixins.artifacts.common.json
[12Aug2025 21:56:22.013] [main/DEBUG] [mixin/]: Registering mixin config: mixins.artifacts.forge.json
[12Aug2025 21:56:22.015] [main/DEBUG] [mixin/]: Adding mixin platform agents for container SecureJarResource(mixinextras)
[12Aug2025 21:56:22.015] [main/DEBUG] [mixin/]: Instancing new MixinPlatformAgentMinecraftForge for SecureJarResource(mixinextras)
[12Aug2025 21:56:22.015] [main/DEBUG] [mixin/]: MixinPlatformAgentMinecraftForge rejected container SecureJarResource(mixinextras)
[12Aug2025 21:56:22.015] [main/DEBUG] [mixin/]: Instancing new MixinPlatformAgentDefault for SecureJarResource(mixinextras)
[12Aug2025 21:56:22.015] [main/DEBUG] [mixin/]: MixinPlatformAgentDefault accepted container SecureJarResource(mixinextras)
[12Aug2025 21:56:22.015] [main/DEBUG] [mixin/]: Processing prepare() for PlatformAgent[MixinPlatformAgentDefault:SecureJarResource(mixinextras)]
[12Aug2025 21:56:22.015] [main/DEBUG] [mixin/]: Registering mixin config: mixinextras.init.mixins.json
[12Aug2025 21:56:22.017] [main/DEBUG] [mixin/]: Adding mixin platform agents for container SecureJarResource(myserveriscompatible)
[12Aug2025 21:56:22.018] [main/DEBUG] [mixin/]: Instancing new MixinPlatformAgentMinecraftForge for SecureJarResource(myserveriscompatible)
[12Aug2025 21:56:22.018] [main/DEBUG] [mixin/]: MixinPlatformAgentMinecraftForge rejected container SecureJarResource(myserveriscompatible)
[12Aug2025 21:56:22.018] [main/DEBUG] [mixin/]: Instancing new MixinPlatformAgentDefault for SecureJarResource(myserveriscompatible)
[12Aug2025 21:56:22.018] [main/DEBUG] [mixin/]: MixinPlatformAgentDefault accepted container SecureJarResource(myserveriscompatible)
[12Aug2025 21:56:22.018] [main/DEBUG] [mixin/]: Processing prepare() for PlatformAgent[MixinPlatformAgentDefault:SecureJarResource(myserveriscompatible)]
[12Aug2025 21:56:22.018] [main/DEBUG] [mixin/]: Registering mixin config: myserveriscompatible.mixins.json
[12Aug2025 21:56:22.020] [main/DEBUG] [mixin/]: Adding mixin platform agents for container SecureJarResource(vampiricageing)
[12Aug2025 21:56:22.020] [main/DEBUG] [mixin/]: Instancing new MixinPlatformAgentMinecraftForge for SecureJarResource(vampiricageing)
[12Aug2025 21:56:22.020] [main/DEBUG] [mixin/]: MixinPlatformAgentMinecraftForge rejected container SecureJarResource(vampiricageing)
[12Aug2025 21:56:22.020] [main/DEBUG] [mixin/]: Instancing new MixinPlatformAgentDefault for SecureJarResource(vampiricageing)
[12Aug2025 21:56:22.020] [main/DEBUG] [mixin/]: MixinPlatformAgentDefault accepted container SecureJarResource(vampiricageing)
[12Aug2025 21:56:22.020] [main/DEBUG] [mixin/]: Processing prepare() for PlatformAgent[MixinPlatformAgentDefault:SecureJarResource(vampiricageing)]
[12Aug2025 21:56:22.020] [main/DEBUG] [mixin/]: Registering mixin config: vampiricageing.mixins.json
[12Aug2025 21:56:22.022] [main/DEBUG] [mixin/]: Adding mixin platform agents for container SecureJarResource(guideapi_vp)
[12Aug2025 21:56:22.022] [main/DEBUG] [mixin/]: Instancing new MixinPlatformAgentMinecraftForge for SecureJarResource(guideapi_vp)
[12Aug2025 21:56:22.022] [main/DEBUG] [mixin/]: MixinPlatformAgentMinecraftForge rejected container SecureJarResource(guideapi_vp)
[12Aug2025 21:56:22.022] [main/DEBUG] [mixin/]: Instancing new MixinPlatformAgentDefault for SecureJarResource(guideapi_vp)
[12Aug2025 21:56:22.022] [main/DEBUG] [mixin/]: MixinPlatformAgentDefault accepted container SecureJarResource(guideapi_vp)
[12Aug2025 21:56:22.022] [main/DEBUG] [mixin/]: Processing prepare() for PlatformAgent[MixinPlatformAgentDefault:SecureJarResource(guideapi_vp)]
[12Aug2025 21:56:22.022] [main/DEBUG] [mixin/]: Adding mixin platform agents for container SecureJarResource(relics)
[12Aug2025 21:56:22.022] [main/DEBUG] [mixin/]: Instancing new MixinPlatformAgentMinecraftForge for SecureJarResource(relics)
[12Aug2025 21:56:22.022] [main/DEBUG] [mixin/]: MixinPlatformAgentMinecraftForge rejected container SecureJarResource(relics)
[12Aug2025 21:56:22.022] [main/DEBUG] [mixin/]: Instancing new MixinPlatformAgentDefault for SecureJarResource(relics)
[12Aug2025 21:56:22.023] [main/DEBUG] [mixin/]: MixinPlatformAgentDefault accepted container SecureJarResource(relics)
[12Aug2025 21:56:22.023] [main/DEBUG] [mixin/]: Processing prepare() for PlatformAgent[MixinPlatformAgentDefault:SecureJarResource(relics)]
[12Aug2025 21:56:22.023] [main/DEBUG] [mixin/]: Registering mixin config: relics.mixins.json
[12Aug2025 21:56:22.024] [main/DEBUG] [mixin/]: Compatibility level JAVA_8 specified by relics.mixins.json is lower than the default level supported by the current mixin service (JAVA_16).
[12Aug2025 21:56:22.025] [main/DEBUG] [mixin/]: Adding mixin platform agents for container SecureJarResource(iceandfire)
[12Aug2025 21:56:22.025] [main/DEBUG] [mixin/]: Instancing new MixinPlatformAgentMinecraftForge for SecureJarResource(iceandfire)
[12Aug2025 21:56:22.025] [main/DEBUG] [mixin/]: MixinPlatformAgentMinecraftForge rejected container SecureJarResource(iceandfire)
[12Aug2025 21:56:22.025] [main/DEBUG] [mixin/]: Instancing new MixinPlatformAgentDefault for SecureJarResource(iceandfire)
[12Aug2025 21:56:22.025] [main/DEBUG] [mixin/]: MixinPlatformAgentDefault accepted container SecureJarResource(iceandfire)
[12Aug2025 21:56:22.025] [main/DEBUG] [mixin/]: Processing prepare() for PlatformAgent[MixinPlatformAgentDefault:SecureJarResource(iceandfire)]
[12Aug2025 21:56:22.025] [main/DEBUG] [mixin/]: Registering mixin config: iceandfire.mixins.json
[12Aug2025 21:56:22.027] [main/DEBUG] [mixin/]: Adding mixin platform agents for container SecureJarResource(balm)
[12Aug2025 21:56:22.028] [main/DEBUG] [mixin/]: Instancing new MixinPlatformAgentMinecraftForge for SecureJarResource(balm)
[12Aug2025 21:56:22.028] [main/DEBUG] [mixin/]: MixinPlatformAgentMinecraftForge rejected container SecureJarResource(balm)
[12Aug2025 21:56:22.028] [main/DEBUG] [mixin/]: Instancing new MixinPlatformAgentDefault for SecureJarResource(balm)
[12Aug2025 21:56:22.028] [main/DEBUG] [mixin/]: MixinPlatformAgentDefault accepted container SecureJarResource(balm)
[12Aug2025 21:56:22.028] [main/DEBUG] [mixin/]: Processing prepare() for PlatformAgent[MixinPlatformAgentDefault:SecureJarResource(balm)]
[12Aug2025 21:56:22.028] [main/DEBUG] [mixin/]: Registering mixin config: balm.mixins.json
[12Aug2025 21:56:22.030] [main/DEBUG] [mixin/]: Adding mixin platform agents for container SecureJarResource(ramcompat)
[12Aug2025 21:56:22.030] [main/DEBUG] [mixin/]: Instancing new MixinPlatformAgentMinecraftForge for SecureJarResource(ramcompat)
[12Aug2025 21:56:22.030] [main/DEBUG] [mixin/]: MixinPlatformAgentMinecraftForge rejected container SecureJarResource(ramcompat)
[12Aug2025 21:56:22.030] [main/DEBUG] [mixin/]: Instancing new MixinPlatformAgentDefault for SecureJarResource(ramcompat)
[12Aug2025 21:56:22.030] [main/DEBUG] [mixin/]: MixinPlatformAgentDefault accepted container SecureJarResource(ramcompat)
[12Aug2025 21:56:22.030] [main/DEBUG] [mixin/]: Processing prepare() for PlatformAgent[MixinPlatformAgentDefault:SecureJarResource(ramcompat)]
[12Aug2025 21:56:22.030] [main/DEBUG] [mixin/]: Registering mixin config: ramcompat.mixins.json
[12Aug2025 21:56:22.032] [main/DEBUG] [mixin/]: Compatibility level JAVA_8 specified by ramcompat.mixins.json is lower than the default level supported by the current mixin service (JAVA_16).
[12Aug2025 21:56:22.032] [main/DEBUG] [mixin/]: Adding mixin platform agents for container SecureJarResource(carryon)
[12Aug2025 21:56:22.032] [main/DEBUG] [mixin/]: Instancing new MixinPlatformAgentMinecraftForge for SecureJarResource(carryon)
[12Aug2025 21:56:22.033] [main/DEBUG] [mixin/]: MixinPlatformAgentMinecraftForge rejected container SecureJarResource(carryon)
[12Aug2025 21:56:22.033] [main/DEBUG] [mixin/]: Instancing new MixinPlatformAgentDefault for SecureJarResource(carryon)
[12Aug2025 21:56:22.033] [main/DEBUG] [mixin/]: MixinPlatformAgentDefault accepted container SecureJarResource(carryon)
[12Aug2025 21:56:22.033] [main/DEBUG] [mixin/]: Processing prepare() for PlatformAgent[MixinPlatformAgentDefault:SecureJarResource(carryon)]
[12Aug2025 21:56:22.033] [main/DEBUG] [mixin/]: Registering mixin config: carryon.mixins.json
[12Aug2025 21:56:22.034] [main/DEBUG] [mixin/]: Registering mixin config: carryon.forge.mixins.json
[12Aug2025 21:56:22.037] [main/DEBUG] [mixin/]: Adding mixin platform agents for container SecureJarResource(cloth_config)
[12Aug2025 21:56:22.037] [main/DEBUG] [mixin/]: Instancing new MixinPlatformAgentMinecraftForge for SecureJarResource(cloth_config)
[12Aug2025 21:56:22.037] [main/DEBUG] [mixin/]: MixinPlatformAgentMinecraftForge rejected container SecureJarResource(cloth_config)
[12Aug2025 21:56:22.037] [main/DEBUG] [mixin/]: Instancing new MixinPlatformAgentDefault for SecureJarResource(cloth_config)
[12Aug2025 21:56:22.037] [main/DEBUG] [mixin/]: MixinPlatformAgentDefault accepted container SecureJarResource(cloth_config)
[12Aug2025 21:56:22.037] [main/DEBUG] [mixin/]: Processing prepare() for PlatformAgent[MixinPlatformAgentDefault:SecureJarResource(cloth_config)]
[12Aug2025 21:56:22.037] [main/DEBUG] [mixin/]: Adding mixin platform agents for container SecureJarResource(forge)
[12Aug2025 21:56:22.037] [main/DEBUG] [mixin/]: Instancing new MixinPlatformAgentMinecraftForge for SecureJarResource(forge)
[12Aug2025 21:56:22.037] [main/DEBUG] [mixin/]: MixinPlatformAgentMinecraftForge rejected container SecureJarResource(forge)
[12Aug2025 21:56:22.037] [main/DEBUG] [mixin/]: Instancing new MixinPlatformAgentDefault for SecureJarResource(forge)
[12Aug2025 21:56:22.037] [main/DEBUG] [mixin/]: MixinPlatformAgentDefault accepted container SecureJarResource(forge)
[12Aug2025 21:56:22.037] [main/DEBUG] [mixin/]: Processing prepare() for PlatformAgent[MixinPlatformAgentDefault:SecureJarResource(forge)]
[12Aug2025 21:56:22.037] [main/DEBUG] [mixin/]: Adding mixin platform agents for container SecureJarResource(dungeons_arise)
[12Aug2025 21:56:22.037] [main/DEBUG] [mixin/]: Instancing new MixinPlatformAgentMinecraftForge for SecureJarResource(dungeons_arise)
[12Aug2025 21:56:22.037] [main/DEBUG] [mixin/]: MixinPlatformAgentMinecraftForge rejected container SecureJarResource(dungeons_arise)
[12Aug2025 21:56:22.037] [main/DEBUG] [mixin/]: Instancing new MixinPlatformAgentDefault for SecureJarResource(dungeons_arise)
[12Aug2025 21:56:22.037] [main/DEBUG] [mixin/]: MixinPlatformAgentDefault accepted container SecureJarResource(dungeons_arise)
[12Aug2025 21:56:22.037] [main/DEBUG] [mixin/]: Processing prepare() for PlatformAgent[MixinPlatformAgentDefault:SecureJarResource(dungeons_arise)]
[12Aug2025 21:56:22.037] [main/DEBUG] [mixin/]: Adding mixin platform agents for container SecureJarResource(minecraft)
[12Aug2025 21:56:22.038] [main/DEBUG] [mixin/]: Instancing new MixinPlatformAgentMinecraftForge for SecureJarResource(minecraft)
[12Aug2025 21:56:22.038] [main/DEBUG] [mixin/]: MixinPlatformAgentMinecraftForge rejected container SecureJarResource(minecraft)
[12Aug2025 21:56:22.038] [main/DEBUG] [mixin/]: Instancing new MixinPlatformAgentDefault for SecureJarResource(minecraft)
[12Aug2025 21:56:22.038] [main/DEBUG] [mixin/]: MixinPlatformAgentDefault accepted container SecureJarResource(minecraft)
[12Aug2025 21:56:22.038] [main/DEBUG] [mixin/]: Processing prepare() for PlatformAgent[MixinPlatformAgentDefault:SecureJarResource(minecraft)]
[12Aug2025 21:56:22.038] [main/DEBUG] [mixin/]: Adding mixin platform agents for container SecureJarResource(iaf_patcher)
[12Aug2025 21:56:22.038] [main/DEBUG] [mixin/]: Instancing new MixinPlatformAgentMinecraftForge for SecureJarResource(iaf_patcher)
[12Aug2025 21:56:22.038] [main/DEBUG] [mixin/]: MixinPlatformAgentMinecraftForge rejected container SecureJarResource(iaf_patcher)
[12Aug2025 21:56:22.038] [main/DEBUG] [mixin/]: Instancing new MixinPlatformAgentDefault for SecureJarResource(iaf_patcher)
[12Aug2025 21:56:22.038] [main/DEBUG] [mixin/]: MixinPlatformAgentDefault accepted container SecureJarResource(iaf_patcher)
[12Aug2025 21:56:22.038] [main/DEBUG] [mixin/]: Processing prepare() for PlatformAgent[MixinPlatformAgentDefault:SecureJarResource(iaf_patcher)]
[12Aug2025 21:56:22.038] [main/DEBUG] [mixin/]: Registering mixin config: iaf_patcher.mixins.json
[12Aug2025 21:56:22.040] [main/DEBUG] [mixin/]: Compatibility level JAVA_8 specified by iaf_patcher.mixins.json is lower than the default level supported by the current mixin service (JAVA_16).
[12Aug2025 21:56:22.040] [main/DEBUG] [mixin/]: Adding mixin platform agents for container SecureJarResource(alexscaves)
[12Aug2025 21:56:22.040] [main/DEBUG] [mixin/]: Instancing new MixinPlatformAgentMinecraftForge for SecureJarResource(alexscaves)
[12Aug2025 21:56:22.040] [main/DEBUG] [mixin/]: MixinPlatformAgentMinecraftForge rejected container SecureJarResource(alexscaves)
[12Aug2025 21:56:22.040] [main/DEBUG] [mixin/]: Instancing new MixinPlatformAgentDefault for SecureJarResource(alexscaves)
[12Aug2025 21:56:22.040] [main/DEBUG] [mixin/]: MixinPlatformAgentDefault accepted container SecureJarResource(alexscaves)
[12Aug2025 21:56:22.040] [main/DEBUG] [mixin/]: Processing prepare() for PlatformAgent[MixinPlatformAgentDefault:SecureJarResource(alexscaves)]
[12Aug2025 21:56:22.040] [main/DEBUG] [mixin/]: Registering mixin config: citadel.mixins.json
[12Aug2025 21:56:22.040] [main/DEBUG] [mixin/]: Registering mixin config: alexscaves.mixins.json
[12Aug2025 21:56:22.043] [main/DEBUG] [mixin/]: Adding mixin platform agents for container SecureJarResource(aerlunerpg)
[12Aug2025 21:56:22.043] [main/DEBUG] [mixin/]: Instancing new MixinPlatformAgentMinecraftForge for SecureJarResource(aerlunerpg)
[12Aug2025 21:56:22.043] [main/DEBUG] [mixin/]: MixinPlatformAgentMinecraftForge rejected container SecureJarResource(aerlunerpg)
[12Aug2025 21:56:22.043] [main/DEBUG] [mixin/]: Instancing new MixinPlatformAgentDefault for SecureJarResource(aerlunerpg)
[12Aug2025 21:56:22.043] [main/DEBUG] [mixin/]: MixinPlatformAgentDefault accepted container SecureJarResource(aerlunerpg)
[12Aug2025 21:56:22.043] [main/DEBUG] [mixin/]: Processing prepare() for PlatformAgent[MixinPlatformAgentDefault:SecureJarResource(aerlunerpg)]
[12Aug2025 21:56:22.043] [main/DEBUG] [mixin/]: Adding mixin platform agents for container SecureJarResource(jade)
[12Aug2025 21:56:22.043] [main/DEBUG] [mixin/]: Instancing new MixinPlatformAgentMinecraftForge for SecureJarResource(jade)
[12Aug2025 21:56:22.043] [main/DEBUG] [mixin/]: MixinPlatformAgentMinecraftForge rejected container SecureJarResource(jade)
[12Aug2025 21:56:22.044] [main/DEBUG] [mixin/]: Instancing new MixinPlatformAgentDefault for SecureJarResource(jade)
[12Aug2025 21:56:22.044] [main/DEBUG] [mixin/]: MixinPlatformAgentDefault accepted container SecureJarResource(jade)
[12Aug2025 21:56:22.044] [main/DEBUG] [mixin/]: Processing prepare() for PlatformAgent[MixinPlatformAgentDefault:SecureJarResource(jade)]
[12Aug2025 21:56:22.044] [main/DEBUG] [mixin/]: Registering mixin config: jade.mixins.json
[12Aug2025 21:56:22.046] [main/DEBUG] [mixin/]: Compatibility level JAVA_16 specified by jade.mixins.json is higher than the maximum level supported by this version of mixin (JAVA_13).
[12Aug2025 21:56:22.046] [main/DEBUG] [mixin/]: Adding mixin platform agents for container SecureJarResource(lionfishapi)
[12Aug2025 21:56:22.046] [main/DEBUG] [mixin/]: Instancing new MixinPlatformAgentMinecraftForge for SecureJarResource(lionfishapi)
[12Aug2025 21:56:22.046] [main/DEBUG] [mixin/]: MixinPlatformAgentMinecraftForge rejected container SecureJarResource(lionfishapi)
[12Aug2025 21:56:22.046] [main/DEBUG] [mixin/]: Instancing new MixinPlatformAgentDefault for SecureJarResource(lionfishapi)
[12Aug2025 21:56:22.046] [main/DEBUG] [mixin/]: MixinPlatformAgentDefault accepted container SecureJarResource(lionfishapi)
[12Aug2025 21:56:22.046] [main/DEBUG] [mixin/]: Processing prepare() for PlatformAgent[MixinPlatformAgentDefault:SecureJarResource(lionfishapi)]
[12Aug2025 21:56:22.046] [main/DEBUG] [mixin/]: Registering mixin config: lionfishapi.mixins.json
[12Aug2025 21:56:22.048] [main/DEBUG] [mixin/]: Adding mixin platform agents for container SecureJarResource(world)
[12Aug2025 21:56:22.048] [main/DEBUG] [mixin/]: Instancing new MixinPlatformAgentMinecraftForge for SecureJarResource(world)
[12Aug2025 21:56:22.048] [main/DEBUG] [mixin/]: MixinPlatformAgentMinecraftForge rejected container SecureJarResource(world)
[12Aug2025 21:56:22.048] [main/DEBUG] [mixin/]: Instancing new MixinPlatformAgentDefault for SecureJarResource(world)
[12Aug2025 21:56:22.048] [main/DEBUG] [mixin/]: MixinPlatformAgentDefault accepted container SecureJarResource(world)
[12Aug2025 21:56:22.048] [main/DEBUG] [mixin/]: Processing prepare() for PlatformAgent[MixinPlatformAgentDefault:SecureJarResource(world)]
[12Aug2025 21:56:22.048] [main/DEBUG] [mixin/]: Adding mixin platform agents for container SecureJarResource(spark)
[12Aug2025 21:56:22.048] [main/DEBUG] [mixin/]: Instancing new MixinPlatformAgentMinecraftForge for SecureJarResource(spark)
[12Aug2025 21:56:22.048] [main/DEBUG] [mixin/]: MixinPlatformAgentMinecraftForge rejected container SecureJarResource(spark)
[12Aug2025 21:56:22.049] [main/DEBUG] [mixin/]: Instancing new MixinPlatformAgentDefault for SecureJarResource(spark)
[12Aug2025 21:56:22.049] [main/DEBUG] [mixin/]: MixinPlatformAgentDefault accepted container SecureJarResource(spark)
[12Aug2025 21:56:22.049] [main/DEBUG] [mixin/]: Processing prepare() for PlatformAgent[MixinPlatformAgentDefault:SecureJarResource(spark)]
[12Aug2025 21:56:22.049] [main/DEBUG] [mixin/]: Adding mixin platform agents for container SecureJarResource(rogcontinued)
[12Aug2025 21:56:22.049] [main/DEBUG] [mixin/]: Instancing new MixinPlatformAgentMinecraftForge for SecureJarResource(rogcontinued)
[12Aug2025 21:56:22.049] [main/DEBUG] [mixin/]: MixinPlatformAgentMinecraftForge rejected container SecureJarResource(rogcontinued)
[12Aug2025 21:56:22.049] [main/DEBUG] [mixin/]: Instancing new MixinPlatformAgentDefault for SecureJarResource(rogcontinued)
[12Aug2025 21:56:22.049] [main/DEBUG] [mixin/]: MixinPlatformAgentDefault accepted container SecureJarResource(rogcontinued)
[12Aug2025 21:56:22.049] [main/DEBUG] [mixin/]: Processing prepare() for PlatformAgent[MixinPlatformAgentDefault:SecureJarResource(rogcontinued)]
[12Aug2025 21:56:22.049] [main/DEBUG] [mixin/]: Adding mixin platform agents for container SecureJarResource(jeiintegration)
[12Aug2025 21:56:22.049] [main/DEBUG] [mixin/]: Instancing new MixinPlatformAgentMinecraftForge for SecureJarResource(jeiintegration)
[12Aug2025 21:56:22.049] [main/DEBUG] [mixin/]: MixinPlatformAgentMinecraftForge rejected container SecureJarResource(jeiintegration)
[12Aug2025 21:56:22.049] [main/DEBUG] [mixin/]: Instancing new MixinPlatformAgentDefault for SecureJarResource(jeiintegration)
[12Aug2025 21:56:22.049] [main/DEBUG] [mixin/]: MixinPlatformAgentDefault accepted container SecureJarResource(jeiintegration)
[12Aug2025 21:56:22.049] [main/DEBUG] [mixin/]: Processing prepare() for PlatformAgent[MixinPlatformAgentDefault:SecureJarResource(jeiintegration)]
[12Aug2025 21:56:22.049] [main/DEBUG] [mixin/]: Adding mixin platform agents for container SecureJarResource(enchantmentmachine)
[12Aug2025 21:56:22.049] [main/DEBUG] [mixin/]: Instancing new MixinPlatformAgentMinecraftForge for SecureJarResource(enchantmentmachine)
[12Aug2025 21:56:22.049] [main/DEBUG] [mixin/]: MixinPlatformAgentMinecraftForge rejected container SecureJarResource(enchantmentmachine)
[12Aug2025 21:56:22.049] [main/DEBUG] [mixin/]: Instancing new MixinPlatformAgentDefault for SecureJarResource(enchantmentmachine)
[12Aug2025 21:56:22.049] [main/DEBUG] [mixin/]: MixinPlatformAgentDefault accepted container SecureJarResource(enchantmentmachine)
[12Aug2025 21:56:22.049] [main/DEBUG] [mixin/]: Processing prepare() for PlatformAgent[MixinPlatformAgentDefault:SecureJarResource(enchantmentmachine)]
[12Aug2025 21:56:22.049] [main/DEBUG] [mixin/]: Adding mixin platform agents for container SecureJarResource(curios)
[12Aug2025 21:56:22.049] [main/DEBUG] [mixin/]: Instancing new MixinPlatformAgentMinecraftForge for SecureJarResource(curios)
[12Aug2025 21:56:22.049] [main/DEBUG] [mixin/]: MixinPlatformAgentMinecraftForge rejected container SecureJarResource(curios)
[12Aug2025 21:56:22.049] [main/DEBUG] [mixin/]: Instancing new MixinPlatformAgentDefault for SecureJarResource(curios)
[12Aug2025 21:56:22.049] [main/DEBUG] [mixin/]: MixinPlatformAgentDefault accepted container SecureJarResource(curios)
[12Aug2025 21:56:22.049] [main/DEBUG] [mixin/]: Processing prepare() for PlatformAgent[MixinPlatformAgentDefault:SecureJarResource(curios)]
[12Aug2025 21:56:22.049] [main/DEBUG] [mixin/]: Registering mixin config: curios.mixins.json
[12Aug2025 21:56:22.051] [main/DEBUG] [mixin/]: Adding mixin platform agents for container SecureJarResource(gravestone)
[12Aug2025 21:56:22.051] [main/DEBUG] [mixin/]: Instancing new MixinPlatformAgentMinecraftForge for SecureJarResource(gravestone)
[12Aug2025 21:56:22.052] [main/DEBUG] [mixin/]: MixinPlatformAgentMinecraftForge rejected container SecureJarResource(gravestone)
[12Aug2025 21:56:22.052] [main/DEBUG] [mixin/]: Instancing new MixinPlatformAgentDefault for SecureJarResource(gravestone)
[12Aug2025 21:56:22.052] [main/DEBUG] [mixin/]: MixinPlatformAgentDefault accepted container SecureJarResource(gravestone)
[12Aug2025 21:56:22.052] [main/DEBUG] [mixin/]: Processing prepare() for PlatformAgent[MixinPlatformAgentDefault:SecureJarResource(gravestone)]
[12Aug2025 21:56:22.052] [main/DEBUG] [mixin/]: Adding mixin platform agents for container SecureJarResource(parcool)
[12Aug2025 21:56:22.052] [main/DEBUG] [mixin/]: Instancing new MixinPlatformAgentMinecraftForge for SecureJarResource(parcool)
[12Aug2025 21:56:22.052] [main/DEBUG] [mixin/]: MixinPlatformAgentMinecraftForge rejected container SecureJarResource(parcool)
[12Aug2025 21:56:22.052] [main/DEBUG] [mixin/]: Instancing new MixinPlatformAgentDefault for SecureJarResource(parcool)
[12Aug2025 21:56:22.052] [main/DEBUG] [mixin/]: MixinPlatformAgentDefault accepted container SecureJarResource(parcool)
[12Aug2025 21:56:22.052] [main/DEBUG] [mixin/]: Processing prepare() for PlatformAgent[MixinPlatformAgentDefault:SecureJarResource(parcool)]
[12Aug2025 21:56:22.052] [main/DEBUG] [mixin/]: Registering mixin config: parcool.mixins.json
[12Aug2025 21:56:22.052] [main/DEBUG] [mixin/]: Adding mixin platform agents for container SecureJarResource(ftbultimine)
[12Aug2025 21:56:22.052] [main/DEBUG] [mixin/]: Instancing new MixinPlatformAgentMinecraftForge for SecureJarResource(ftbultimine)
[12Aug2025 21:56:22.052] [main/DEBUG] [mixin/]: MixinPlatformAgentMinecraftForge rejected container SecureJarResource(ftbultimine)
[12Aug2025 21:56:22.052] [main/DEBUG] [mixin/]: Instancing new MixinPlatformAgentDefault for SecureJarResource(ftbultimine)
[12Aug2025 21:56:22.052] [main/DEBUG] [mixin/]: MixinPlatformAgentDefault accepted container SecureJarResource(ftbultimine)
[12Aug2025 21:56:22.052] [main/DEBUG] [mixin/]: Processing prepare() for PlatformAgent[MixinPlatformAgentDefault:SecureJarResource(ftbultimine)]
[12Aug2025 21:56:22.052] [main/DEBUG] [mixin/]: Registering mixin config: ftbultimine-common.mixins.json
[12Aug2025 21:56:22.054] [main/DEBUG] [mixin/]: Compatibility level JAVA_8 specified by ftbultimine-common.mixins.json is lower than the default level supported by the current mixin service (JAVA_16).
[12Aug2025 21:56:22.054] [main/DEBUG] [mixin/]: Adding mixin platform agents for container SecureJarResource(worldedit)
[12Aug2025 21:56:22.054] [main/DEBUG] [mixin/]: Instancing new MixinPlatformAgentMinecraftForge for SecureJarResource(worldedit)
[12Aug2025 21:56:22.054] [main/DEBUG] [mixin/]: MixinPlatformAgentMinecraftForge rejected container SecureJarResource(worldedit)
[12Aug2025 21:56:22.055] [main/DEBUG] [mixin/]: Instancing new MixinPlatformAgentDefault for SecureJarResource(worldedit)
[12Aug2025 21:56:22.055] [main/DEBUG] [mixin/]: MixinPlatformAgentDefault accepted container SecureJarResource(worldedit)
[12Aug2025 21:56:22.055] [main/DEBUG] [mixin/]: Processing prepare() for PlatformAgent[MixinPlatformAgentDefault:SecureJarResource(worldedit)]
[12Aug2025 21:56:22.055] [main/DEBUG] [mixin/]: Adding mixin platform agents for container SecureJarResource(architectury)
[12Aug2025 21:56:22.055] [main/DEBUG] [mixin/]: Instancing new MixinPlatformAgentMinecraftForge for SecureJarResource(architectury)
[12Aug2025 21:56:22.055] [main/DEBUG] [mixin/]: MixinPlatformAgentMinecraftForge rejected container SecureJarResource(architectury)
[12Aug2025 21:56:22.055] [main/DEBUG] [mixin/]: Instancing new MixinPlatformAgentDefault for SecureJarResource(architectury)
[12Aug2025 21:56:22.055] [main/DEBUG] [mixin/]: MixinPlatformAgentDefault accepted container SecureJarResource(architectury)
[12Aug2025 21:56:22.055] [main/DEBUG] [mixin/]: Processing prepare() for PlatformAgent[MixinPlatformAgentDefault:SecureJarResource(architectury)]
[12Aug2025 21:56:22.055] [main/DEBUG] [mixin/]: Registering mixin config: architectury.mixins.json
[12Aug2025 21:56:22.057] [main/DEBUG] [mixin/]: Compatibility level JAVA_16 specified by architectury.mixins.json is higher than the maximum level supported by this version of mixin (JAVA_13).
[12Aug2025 21:56:22.057] [main/DEBUG] [mixin/]: Registering mixin config: architectury-common.mixins.json
[12Aug2025 21:56:22.059] [main/DEBUG] [mixin/]: Compatibility level JAVA_16 specified by architectury-common.mixins.json is higher than the maximum level supported by this version of mixin (JAVA_13).
[12Aug2025 21:56:22.059] [main/DEBUG] [mixin/]: Adding mixin platform agents for container SecureJarResource(ftblibrary)
[12Aug2025 21:56:22.059] [main/DEBUG] [mixin/]: Instancing new MixinPlatformAgentMinecraftForge for SecureJarResource(ftblibrary)
[12Aug2025 21:56:22.059] [main/DEBUG] [mixin/]: MixinPlatformAgentMinecraftForge rejected container SecureJarResource(ftblibrary)
[12Aug2025 21:56:22.059] [main/DEBUG] [mixin/]: Instancing new MixinPlatformAgentDefault for SecureJarResource(ftblibrary)
[12Aug2025 21:56:22.059] [main/DEBUG] [mixin/]: MixinPlatformAgentDefault accepted container SecureJarResource(ftblibrary)
[12Aug2025 21:56:22.059] [main/DEBUG] [mixin/]: Processing prepare() for PlatformAgent[MixinPlatformAgentDefault:SecureJarResource(ftblibrary)]
[12Aug2025 21:56:22.059] [main/DEBUG] [mixin/]: Registering mixin config: ftblibrary-common.mixins.json
[12Aug2025 21:56:22.061] [main/DEBUG] [mixin/]: Compatibility level JAVA_8 specified by ftblibrary-common.mixins.json is lower than the default level supported by the current mixin service (JAVA_16).
[12Aug2025 21:56:22.061] [main/DEBUG] [mixin/]: Adding mixin platform agents for container SecureJarResource(mca)
[12Aug2025 21:56:22.061] [main/DEBUG] [mixin/]: Instancing new MixinPlatformAgentMinecraftForge for SecureJarResource(mca)
[12Aug2025 21:56:22.061] [main/DEBUG] [mixin/]: MixinPlatformAgentMinecraftForge rejected container SecureJarResource(mca)
[12Aug2025 21:56:22.061] [main/DEBUG] [mixin/]: Instancing new MixinPlatformAgentDefault for SecureJarResource(mca)
[12Aug2025 21:56:22.061] [main/DEBUG] [mixin/]: MixinPlatformAgentDefault accepted container SecureJarResource(mca)
[12Aug2025 21:56:22.061] [main/DEBUG] [mixin/]: Processing prepare() for PlatformAgent[MixinPlatformAgentDefault:SecureJarResource(mca)]
[12Aug2025 21:56:22.061] [main/DEBUG] [mixin/]: Registering mixin config: forge-mca.mixin.json
[12Aug2025 21:56:22.063] [main/DEBUG] [mixin/]: Adding mixin platform agents for container SecureJarResource(octolib)
[12Aug2025 21:56:22.063] [main/DEBUG] [mixin/]: Instancing new MixinPlatformAgentMinecraftForge for SecureJarResource(octolib)
[12Aug2025 21:56:22.063] [main/DEBUG] [mixin/]: MixinPlatformAgentMinecraftForge rejected container SecureJarResource(octolib)
[12Aug2025 21:56:22.063] [main/DEBUG] [mixin/]: Instancing new MixinPlatformAgentDefault for SecureJarResource(octolib)
[12Aug2025 21:56:22.063] [main/DEBUG] [mixin/]: MixinPlatformAgentDefault accepted container SecureJarResource(octolib)
[12Aug2025 21:56:22.063] [main/DEBUG] [mixin/]: Processing prepare() for PlatformAgent[MixinPlatformAgentDefault:SecureJarResource(octolib)]
[12Aug2025 21:56:22.063] [main/DEBUG] [mixin/]: Adding mixin platform agents for container SecureJarResource(vampirism)
[12Aug2025 21:56:22.063] [main/DEBUG] [mixin/]: Instancing new MixinPlatformAgentMinecraftForge for SecureJarResource(vampirism)
[12Aug2025 21:56:22.063] [main/DEBUG] [mixin/]: MixinPlatformAgentMinecraftForge rejected container SecureJarResource(vampirism)
[12Aug2025 21:56:22.063] [main/DEBUG] [mixin/]: Instancing new MixinPlatformAgentDefault for SecureJarResource(vampirism)
[12Aug2025 21:56:22.063] [main/DEBUG] [mixin/]: MixinPlatformAgentDefault accepted container SecureJarResource(vampirism)
[12Aug2025 21:56:22.063] [main/DEBUG] [mixin/]: Processing prepare() for PlatformAgent[MixinPlatformAgentDefault:SecureJarResource(vampirism)]
[12Aug2025 21:56:22.064] [main/DEBUG] [mixin/]: Registering mixin config: vampirism.mixins.json
[12Aug2025 21:56:22.066] [main/DEBUG] [mixin/]: Adding mixin platform agents for container SecureJarResource(vampirism_integrations)
[12Aug2025 21:56:22.066] [main/DEBUG] [mixin/]: Instancing new MixinPlatformAgentMinecraftForge for SecureJarResource(vampirism_integrations)
[12Aug2025 21:56:22.066] [main/DEBUG] [mixin/]: MixinPlatformAgentMinecraftForge rejected container SecureJarResource(vampirism_integrations)
[12Aug2025 21:56:22.066] [main/DEBUG] [mixin/]: Instancing new MixinPlatformAgentDefault for SecureJarResource(vampirism_integrations)
[12Aug2025 21:56:22.066] [main/DEBUG] [mixin/]: MixinPlatformAgentDefault accepted container SecureJarResource(vampirism_integrations)
[12Aug2025 21:56:22.067] [main/DEBUG] [mixin/]: Processing prepare() for PlatformAgent[MixinPlatformAgentDefault:SecureJarResource(vampirism_integrations)]
[12Aug2025 21:56:22.067] [main/DEBUG] [mixin/]: Adding mixin platform agents for container SecureJarResource(werewolves)
[12Aug2025 21:56:22.067] [main/DEBUG] [mixin/]: Instancing new MixinPlatformAgentMinecraftForge for SecureJarResource(werewolves)
[12Aug2025 21:56:22.067] [main/DEBUG] [mixin/]: MixinPlatformAgentMinecraftForge rejected container SecureJarResource(werewolves)
[12Aug2025 21:56:22.067] [main/DEBUG] [mixin/]: Instancing new MixinPlatformAgentDefault for SecureJarResource(werewolves)
[12Aug2025 21:56:22.067] [main/DEBUG] [mixin/]: MixinPlatformAgentDefault accepted container SecureJarResource(werewolves)
[12Aug2025 21:56:22.067] [main/DEBUG] [mixin/]: Processing prepare() for PlatformAgent[MixinPlatformAgentDefault:SecureJarResource(werewolves)]
[12Aug2025 21:56:22.067] [main/DEBUG] [mixin/]: Registering mixin config: werewolves.mixins.json
[12Aug2025 21:56:22.071] [main/DEBUG] [mixin/]: Adding mixin platform agents for container SecureJarResource(godly_vampirism)
[12Aug2025 21:56:22.071] [main/DEBUG] [mixin/]: Instancing new MixinPlatformAgentMinecraftForge for SecureJarResource(godly_vampirism)
[12Aug2025 21:56:22.071] [main/DEBUG] [mixin/]: MixinPlatformAgentMinecraftForge rejected container SecureJarResource(godly_vampirism)
[12Aug2025 21:56:22.071] [main/DEBUG] [mixin/]: Instancing new MixinPlatformAgentDefault for SecureJarResource(godly_vampirism)
[12Aug2025 21:56:22.071] [main/DEBUG] [mixin/]: MixinPlatformAgentDefault accepted container SecureJarResource(godly_vampirism)
[12Aug2025 21:56:22.071] [main/DEBUG] [mixin/]: Processing prepare() for PlatformAgent[MixinPlatformAgentDefault:SecureJarResource(godly_vampirism)]
[12Aug2025 21:56:22.071] [main/DEBUG] [mixin/]: Adding mixin platform agents for container SecureJarResource(ferritecore)
[12Aug2025 21:56:22.071] [main/DEBUG] [mixin/]: Instancing new MixinPlatformAgentMinecraftForge for SecureJarResource(ferritecore)
[12Aug2025 21:56:22.071] [main/DEBUG] [mixin/]: MixinPlatformAgentMinecraftForge rejected container SecureJarResource(ferritecore)
[12Aug2025 21:56:22.071] [main/DEBUG] [mixin/]: Instancing new MixinPlatformAgentDefault for SecureJarResource(ferritecore)
[12Aug2025 21:56:22.071] [main/DEBUG] [mixin/]: MixinPlatformAgentDefault accepted container SecureJarResource(ferritecore)
[12Aug2025 21:56:22.071] [main/DEBUG] [mixin/]: Processing prepare() for PlatformAgent[MixinPlatformAgentDefault:SecureJarResource(ferritecore)]
[12Aug2025 21:56:22.071] [main/DEBUG] [mixin/]: Registering mixin config: ferritecore.predicates.mixin.json
[12Aug2025 21:56:22.073] [main/DEBUG] [mixin/]: Registering mixin config: ferritecore.fastmap.mixin.json
[12Aug2025 21:56:22.075] [main/DEBUG] [mixin/]: Registering mixin config: ferritecore.mrl.mixin.json
[12Aug2025 21:56:22.076] [main/DEBUG] [mixin/]: Registering mixin config: ferritecore.dedupmultipart.mixin.json
[12Aug2025 21:56:22.078] [main/DEBUG] [mixin/]: Registering mixin config: ferritecore.blockstatecache.mixin.json
[12Aug2025 21:56:22.080] [main/DEBUG] [mixin/]: Registering mixin config: ferritecore.dedupbakedquad.mixin.json
[12Aug2025 21:56:22.082] [main/DEBUG] [mixin/]: Registering mixin config: ferritecore.threaddetec.mixin.json
[12Aug2025 21:56:22.084] [main/DEBUG] [mixin/]: Registering mixin config: ferritecore.modelsides.mixin.json
[12Aug2025 21:56:22.085] [main/DEBUG] [mixin/]: Adding mixin platform agents for container SecureJarResource(cupboard)
[12Aug2025 21:56:22.085] [main/DEBUG] [mixin/]: Instancing new MixinPlatformAgentMinecraftForge for SecureJarResource(cupboard)
[12Aug2025 21:56:22.085] [main/DEBUG] [mixin/]: MixinPlatformAgentMinecraftForge rejected container SecureJarResource(cupboard)
[12Aug2025 21:56:22.085] [main/DEBUG] [mixin/]: Instancing new MixinPlatformAgentDefault for SecureJarResource(cupboard)
[12Aug2025 21:56:22.085] [main/DEBUG] [mixin/]: MixinPlatformAgentDefault accepted container SecureJarResource(cupboard)
[12Aug2025 21:56:22.085] [main/DEBUG] [mixin/]: Processing prepare() for PlatformAgent[MixinPlatformAgentDefault:SecureJarResource(cupboard)]
[12Aug2025 21:56:22.085] [main/DEBUG] [mixin/]: Registering mixin config: cupboard.mixins.json
[12Aug2025 21:56:22.087] [main/DEBUG] [mixin/]: Adding mixin platform agents for container SecureJarResource(rarcompat)
[12Aug2025 21:56:22.087] [main/DEBUG] [mixin/]: Instancing new MixinPlatformAgentMinecraftForge for SecureJarResource(rarcompat)
[12Aug2025 21:56:22.087] [main/DEBUG] [mixin/]: MixinPlatformAgentMinecraftForge rejected container SecureJarResource(rarcompat)
[12Aug2025 21:56:22.087] [main/DEBUG] [mixin/]: Instancing new MixinPlatformAgentDefault for SecureJarResource(rarcompat)
[12Aug2025 21:56:22.087] [main/DEBUG] [mixin/]: MixinPlatformAgentDefault accepted container SecureJarResource(rarcompat)
[12Aug2025 21:56:22.087] [main/DEBUG] [mixin/]: Processing prepare() for PlatformAgent[MixinPlatformAgentDefault:SecureJarResource(rarcompat)]
[12Aug2025 21:56:22.088] [main/DEBUG] [mixin/]: Registering mixin config: rarcompat.mixins.json
[12Aug2025 21:56:22.089] [main/DEBUG] [mixin/]: Compatibility level JAVA_8 specified by rarcompat.mixins.json is lower than the default level supported by the current mixin service (JAVA_16).
[12Aug2025 21:56:22.089] [main/DEBUG] [mixin/]: Adding mixin platform agents for container SecureJarResource(wings)
[12Aug2025 21:56:22.089] [main/DEBUG] [mixin/]: Instancing new MixinPlatformAgentMinecraftForge for SecureJarResource(wings)
[12Aug2025 21:56:22.089] [main/DEBUG] [mixin/]: MixinPlatformAgentMinecraftForge rejected container SecureJarResource(wings)
[12Aug2025 21:56:22.089] [main/DEBUG] [mixin/]: Instancing new MixinPlatformAgentDefault for SecureJarResource(wings)
[12Aug2025 21:56:22.089] [main/DEBUG] [mixin/]: MixinPlatformAgentDefault accepted container SecureJarResource(wings)
[12Aug2025 21:56:22.089] [main/DEBUG] [mixin/]: Processing prepare() for PlatformAgent[MixinPlatformAgentDefault:SecureJarResource(wings)]
[12Aug2025 21:56:22.089] [main/DEBUG] [mixin/]: Registering mixin config: mixins.wings.json
[12Aug2025 21:56:22.091] [main/DEBUG] [mixin/]: Adding mixin platform agents for container SecureJarResource(expandability)
[12Aug2025 21:56:22.091] [main/DEBUG] [mixin/]: Instancing new MixinPlatformAgentMinecraftForge for SecureJarResource(expandability)
[12Aug2025 21:56:22.091] [main/DEBUG] [mixin/]: MixinPlatformAgentMinecraftForge rejected container SecureJarResource(expandability)
[12Aug2025 21:56:22.091] [main/DEBUG] [mixin/]: Instancing new MixinPlatformAgentDefault for SecureJarResource(expandability)
[12Aug2025 21:56:22.091] [main/DEBUG] [mixin/]: MixinPlatformAgentDefault accepted container SecureJarResource(expandability)
[12Aug2025 21:56:22.091] [main/DEBUG] [mixin/]: Processing prepare() for PlatformAgent[MixinPlatformAgentDefault:SecureJarResource(expandability)]
[12Aug2025 21:56:22.091] [main/DEBUG] [mixin/]: Registering mixin config: expandability.mixins.json
[12Aug2025 21:56:22.093] [main/DEBUG] [mixin/]: Registering mixin config: expandability-common.mixins.json
[12Aug2025 21:56:22.095] [main/DEBUG] [mixin/]: Adding mixin platform agents for container SecureJarResource(dragonsurvival)
[12Aug2025 21:56:22.095] [main/DEBUG] [mixin/]: Instancing new MixinPlatformAgentMinecraftForge for SecureJarResource(dragonsurvival)
[12Aug2025 21:56:22.095] [main/DEBUG] [mixin/]: MixinPlatformAgentMinecraftForge rejected container SecureJarResource(dragonsurvival)
[12Aug2025 21:56:22.095] [main/DEBUG] [mixin/]: Instancing new MixinPlatformAgentDefault for SecureJarResource(dragonsurvival)
[12Aug2025 21:56:22.095] [main/DEBUG] [mixin/]: MixinPlatformAgentDefault accepted container SecureJarResource(dragonsurvival)
[12Aug2025 21:56:22.095] [main/DEBUG] [mixin/]: Processing prepare() for PlatformAgent[MixinPlatformAgentDefault:SecureJarResource(dragonsurvival)]
[12Aug2025 21:56:22.095] [main/DEBUG] [mixin/]: Registering mixin config: dragonsurvival.mixins.json
[12Aug2025 21:56:22.097] [main/DEBUG] [mixin/]: Adding mixin platform agents for container SecureJarResource(mclib)
[12Aug2025 21:56:22.097] [main/DEBUG] [mixin/]: Instancing new MixinPlatformAgentMinecraftForge for SecureJarResource(mclib)
[12Aug2025 21:56:22.097] [main/DEBUG] [mixin/]: MixinPlatformAgentMinecraftForge rejected container SecureJarResource(mclib)
[12Aug2025 21:56:22.097] [main/DEBUG] [mixin/]: Instancing new MixinPlatformAgentDefault for SecureJarResource(mclib)
[12Aug2025 21:56:22.097] [main/DEBUG] [mixin/]: MixinPlatformAgentDefault accepted container SecureJarResource(mclib)
[12Aug2025 21:56:22.097] [main/DEBUG] [mixin/]: Processing prepare() for PlatformAgent[MixinPlatformAgentDefault:SecureJarResource(mclib)]
[12Aug2025 21:56:22.097] [main/DEBUG] [mixin/]: Adding mixin platform agents for container SecureJarResource(org.yaml.snakeyaml)
[12Aug2025 21:56:22.097] [main/DEBUG] [mixin/]: Instancing new MixinPlatformAgentMinecraftForge for SecureJarResource(org.yaml.snakeyaml)
[12Aug2025 21:56:22.097] [main/DEBUG] [mixin/]: MixinPlatformAgentMinecraftForge rejected container SecureJarResource(org.yaml.snakeyaml)
[12Aug2025 21:56:22.097] [main/DEBUG] [mixin/]: Instancing new MixinPlatformAgentDefault for SecureJarResource(org.yaml.snakeyaml)
[12Aug2025 21:56:22.097] [main/DEBUG] [mixin/]: MixinPlatformAgentDefault accepted container SecureJarResource(org.yaml.snakeyaml)
[12Aug2025 21:56:22.097] [main/DEBUG] [mixin/]: Processing prepare() for PlatformAgent[MixinPlatformAgentDefault:SecureJarResource(org.yaml.snakeyaml)]
[12Aug2025 21:56:22.097] [main/DEBUG] [mixin/]: Adding mixin platform agents for container SecureJarResource(MixinExtras)
[12Aug2025 21:56:22.098] [main/DEBUG] [mixin/]: Instancing new MixinPlatformAgentMinecraftForge for SecureJarResource(MixinExtras)
[12Aug2025 21:56:22.098] [main/DEBUG] [mixin/]: MixinPlatformAgentMinecraftForge rejected container SecureJarResource(MixinExtras)
[12Aug2025 21:56:22.098] [main/DEBUG] [mixin/]: Instancing new MixinPlatformAgentDefault for SecureJarResource(MixinExtras)
[12Aug2025 21:56:22.098] [main/DEBUG] [mixin/]: MixinPlatformAgentDefault accepted container SecureJarResource(MixinExtras)
[12Aug2025 21:56:22.098] [main/DEBUG] [mixin/]: Processing prepare() for PlatformAgent[MixinPlatformAgentDefault:SecureJarResource(MixinExtras)]
[12Aug2025 21:56:22.098] [main/DEBUG] [mixin/]: inject() running with 61 agents
[12Aug2025 21:56:22.098] [main/DEBUG] [mixin/]: Processing inject() for PlatformAgent[MixinPlatformAgentDefault:ModLauncher Root Container(ModLauncher:4f56a0a2)]
[12Aug2025 21:56:22.098] [main/DEBUG] [mixin/]: Processing inject() for PlatformAgent[MixinPlatformAgentDefault:SecureJarResource(mowziesmobs)]
[12Aug2025 21:56:22.098] [main/DEBUG] [mixin/]: Processing inject() for PlatformAgent[MixinPlatformAgentDefault:SecureJarResource(kuma_api)]
[12Aug2025 21:56:22.098] [main/DEBUG] [mixin/]: Processing inject() for PlatformAgent[MixinPlatformAgentDefault:SecureJarResource(raccompat)]
[12Aug2025 21:56:22.098] [main/DEBUG] [mixin/]: Processing inject() for PlatformAgent[MixinPlatformAgentDefault:SecureJarResource(jmi)]
[12Aug2025 21:56:22.098] [main/DEBUG] [mixin/]: Processing inject() for PlatformAgent[MixinPlatformAgentDefault:SecureJarResource(parcool_compat_addon)]
[12Aug2025 21:56:22.098] [main/DEBUG] [mixin/]: Processing inject() for PlatformAgent[MixinPlatformAgentDefault:SecureJarResource(geckolib)]
[12Aug2025 21:56:22.098] [main/DEBUG] [mixin/]: Processing inject() for PlatformAgent[MixinPlatformAgentDefault:SecureJarResource(jei)]
[12Aug2025 21:56:22.098] [main/DEBUG] [mixin/]: Processing inject() for PlatformAgent[MixinPlatformAgentDefault:SecureJarResource(prefab)]
[12Aug2025 21:56:22.098] [main/DEBUG] [mixin/]: Processing inject() for PlatformAgent[MixinPlatformAgentDefault:SecureJarResource(waystones)]
[12Aug2025 21:56:22.098] [main/DEBUG] [mixin/]: Processing inject() for PlatformAgent[MixinPlatformAgentDefault:SecureJarResource(journeymap)]
[12Aug2025 21:56:22.098] [main/DEBUG] [mixin/]: Processing inject() for PlatformAgent[MixinPlatformAgentDefault:SecureJarResource(modernfix)]
[12Aug2025 21:56:22.098] [main/DEBUG] [mixin/]: Processing inject() for PlatformAgent[MixinPlatformAgentDefault:SecureJarResource(citadel)]
[12Aug2025 21:56:22.098] [main/DEBUG] [mixin/]: Processing inject() for PlatformAgent[MixinPlatformAgentDefault:SecureJarResource(alexsmobs)]
[12Aug2025 21:56:22.098] [main/DEBUG] [mixin/]: Processing inject() for PlatformAgent[MixinPlatformAgentDefault:SecureJarResource(travelersbackpack)]
[12Aug2025 21:56:22.098] [main/DEBUG] [mixin/]: Processing inject() for PlatformAgent[MixinPlatformAgentDefault:SecureJarResource(artifacts)]
[12Aug2025 21:56:22.098] [main/DEBUG] [mixin/]: Processing inject() for PlatformAgent[MixinPlatformAgentDefault:SecureJarResource(mixinextras)]
[12Aug2025 21:56:22.098] [main/DEBUG] [mixin/]: Processing inject() for PlatformAgent[MixinPlatformAgentDefault:SecureJarResource(myserveriscompatible)]
[12Aug2025 21:56:22.099] [main/DEBUG] [mixin/]: Processing inject() for PlatformAgent[MixinPlatformAgentDefault:SecureJarResource(vampiricageing)]
[12Aug2025 21:56:22.099] [main/DEBUG] [mixin/]: Processing inject() for PlatformAgent[MixinPlatformAgentDefault:SecureJarResource(guideapi_vp)]
[12Aug2025 21:56:22.099] [main/DEBUG] [mixin/]: Processing inject() for PlatformAgent[MixinPlatformAgentDefault:SecureJarResource(relics)]
[12Aug2025 21:56:22.099] [main/DEBUG] [mixin/]: Processing inject() for PlatformAgent[MixinPlatformAgentDefault:SecureJarResource(iceandfire)]
[12Aug2025 21:56:22.099] [main/DEBUG] [mixin/]: Processing inject() for PlatformAgent[MixinPlatformAgentDefault:SecureJarResource(balm)]
[12Aug2025 21:56:22.099] [main/DEBUG] [mixin/]: Processing inject() for PlatformAgent[MixinPlatformAgentDefault:SecureJarResource(ramcompat)]
[12Aug2025 21:56:22.099] [main/DEBUG] [mixin/]: Processing inject() for PlatformAgent[MixinPlatformAgentDefault:SecureJarResource(carryon)]
[12Aug2025 21:56:22.099] [main/DEBUG] [mixin/]: Processing inject() for PlatformAgent[MixinPlatformAgentDefault:SecureJarResource(cloth_config)]
[12Aug2025 21:56:22.099] [main/DEBUG] [mixin/]: Processing inject() for PlatformAgent[MixinPlatformAgentDefault:SecureJarResource(forge)]
[12Aug2025 21:56:22.099] [main/DEBUG] [mixin/]: Processing inject() for PlatformAgent[MixinPlatformAgentDefault:SecureJarResource(dungeons_arise)]
[12Aug2025 21:56:22.099] [main/DEBUG] [mixin/]: Processing inject() for PlatformAgent[MixinPlatformAgentDefault:SecureJarResource(minecraft)]
[12Aug2025 21:56:22.099] [main/DEBUG] [mixin/]: Processing inject() for PlatformAgent[MixinPlatformAgentDefault:SecureJarResource(iaf_patcher)]
[12Aug2025 21:56:22.099] [main/DEBUG] [mixin/]: Processing inject() for PlatformAgent[MixinPlatformAgentDefault:SecureJarResource(alexscaves)]
[12Aug2025 21:56:22.099] [main/DEBUG] [mixin/]: Processing inject() for PlatformAgent[MixinPlatformAgentDefault:SecureJarResource(aerlunerpg)]
[12Aug2025 21:56:22.099] [main/DEBUG] [mixin/]: Processing inject() for PlatformAgent[MixinPlatformAgentDefault:SecureJarResource(jade)]
[12Aug2025 21:56:22.099] [main/DEBUG] [mixin/]: Processing inject() for PlatformAgent[MixinPlatformAgentDefault:SecureJarResource(lionfishapi)]
[12Aug2025 21:56:22.099] [main/DEBUG] [mixin/]: Processing inject() for PlatformAgent[MixinPlatformAgentDefault:SecureJarResource(world)]
[12Aug2025 21:56:22.099] [main/DEBUG] [mixin/]: Processing inject() for PlatformAgent[MixinPlatformAgentDefault:SecureJarResource(spark)]
[12Aug2025 21:56:22.099] [main/DEBUG] [mixin/]: Processing inject() for PlatformAgent[MixinPlatformAgentDefault:SecureJarResource(rogcontinued)]
[12Aug2025 21:56:22.099] [main/DEBUG] [mixin/]: Processing inject() for PlatformAgent[MixinPlatformAgentDefault:SecureJarResource(jeiintegration)]
[12Aug2025 21:56:22.099] [main/DEBUG] [mixin/]: Processing inject() for PlatformAgent[MixinPlatformAgentDefault:SecureJarResource(enchantmentmachine)]
[12Aug2025 21:56:22.099] [main/DEBUG] [mixin/]: Processing inject() for PlatformAgent[MixinPlatformAgentDefault:SecureJarResource(curios)]
[12Aug2025 21:56:22.099] [main/DEBUG] [mixin/]: Processing inject() for PlatformAgent[MixinPlatformAgentDefault:SecureJarResource(gravestone)]
[12Aug2025 21:56:22.099] [main/DEBUG] [mixin/]: Processing inject() for PlatformAgent[MixinPlatformAgentDefault:SecureJarResource(parcool)]
[12Aug2025 21:56:22.099] [main/DEBUG] [mixin/]: Processing inject() for PlatformAgent[MixinPlatformAgentDefault:SecureJarResource(ftbultimine)]
[12Aug2025 21:56:22.099] [main/DEBUG] [mixin/]: Processing inject() for PlatformAgent[MixinPlatformAgentDefault:SecureJarResource(worldedit)]
[12Aug2025 21:56:22.099] [main/DEBUG] [mixin/]: Processing inject() for PlatformAgent[MixinPlatformAgentDefault:SecureJarResource(architectury)]
[12Aug2025 21:56:22.099] [main/DEBUG] [mixin/]: Processing inject() for PlatformAgent[MixinPlatformAgentDefault:SecureJarResource(ftblibrary)]
[12Aug2025 21:56:22.100] [main/DEBUG] [mixin/]: Processing inject() for PlatformAgent[MixinPlatformAgentDefault:SecureJarResource(mca)]
[12Aug2025 21:56:22.100] [main/DEBUG] [mixin/]: Processing inject() for PlatformAgent[MixinPlatformAgentDefault:SecureJarResource(octolib)]
[12Aug2025 21:56:22.100] [main/DEBUG] [mixin/]: Processing inject() for PlatformAgent[MixinPlatformAgentDefault:SecureJarResource(vampirism)]
[12Aug2025 21:56:22.100] [main/DEBUG] [mixin/]: Processing inject() for PlatformAgent[MixinPlatformAgentDefault:SecureJarResource(vampirism_integrations)]
[12Aug2025 21:56:22.100] [main/DEBUG] [mixin/]: Processing inject() for PlatformAgent[MixinPlatformAgentDefault:SecureJarResource(werewolves)]
[12Aug2025 21:56:22.100] [main/DEBUG] [mixin/]: Processing inject() for PlatformAgent[MixinPlatformAgentDefault:SecureJarResource(godly_vampirism)]
[12Aug2025 21:56:22.100] [main/DEBUG] [mixin/]: Processing inject() for PlatformAgent[MixinPlatformAgentDefault:SecureJarResource(ferritecore)]
[12Aug2025 21:56:22.100] [main/DEBUG] [mixin/]: Processing inject() for PlatformAgent[MixinPlatformAgentDefault:SecureJarResource(cupboard)]
[12Aug2025 21:56:22.100] [main/DEBUG] [mixin/]: Processing inject() for PlatformAgent[MixinPlatformAgentDefault:SecureJarResource(rarcompat)]
[12Aug2025 21:56:22.100] [main/DEBUG] [mixin/]: Processing inject() for PlatformAgent[MixinPlatformAgentDefault:SecureJarResource(wings)]
[12Aug2025 21:56:22.100] [main/DEBUG] [mixin/]: Processing inject() for PlatformAgent[MixinPlatformAgentDefault:SecureJarResource(expandability)]
[12Aug2025 21:56:22.100] [main/DEBUG] [mixin/]: Processing inject() for PlatformAgent[MixinPlatformAgentDefault:SecureJarResource(dragonsurvival)]
[12Aug2025 21:56:22.100] [main/DEBUG] [mixin/]: Processing inject() for PlatformAgent[MixinPlatformAgentDefault:SecureJarResource(mclib)]
[12Aug2025 21:56:22.100] [main/DEBUG] [mixin/]: Processing inject() for PlatformAgent[MixinPlatformAgentDefault:SecureJarResource(org.yaml.snakeyaml)]
[12Aug2025 21:56:22.100] [main/DEBUG] [mixin/]: Processing inject() for PlatformAgent[MixinPlatformAgentDefault:SecureJarResource(MixinExtras)]
[12Aug2025 21:56:22.101] [main/INFO] [cpw.mods.modlauncher.LaunchServiceHandler/MODLAUNCHER]: Launching target 'forgeserver' with arguments [nogui]
[12Aug2025 21:56:22.140] [main/DEBUG] [mixin/]: Error cleaning class output directory: .mixin.out
[12Aug2025 21:56:22.142] [main/DEBUG] [mixin/]: Preparing mixins for MixinEnvironment[DEFAULT]
[12Aug2025 21:56:22.142] [main/DEBUG] [mixin/]: Selecting config mowziesmobs.mixins.json
[12Aug2025 21:56:22.146] [main/DEBUG] [mixin/]: Selecting config kuma_api.mixins.json
[12Aug2025 21:56:22.148] [main/DEBUG] [mixin/]: Selecting config kuma_api.forge.mixins.json
[12Aug2025 21:56:22.149] [main/DEBUG] [mixin/]: Selecting config raccompat.mixins.json
[12Aug2025 21:56:22.150] [main/DEBUG] [mixin/]: Selecting config jmi.mixins.json
[12Aug2025 21:56:22.151] [main/DEBUG] [mixin/]: Selecting config parcool.mixins.json
[12Aug2025 21:56:22.162] [main/DEBUG] [mixin/]: Selecting config geckolib.mixins.json
[12Aug2025 21:56:22.164] [main/DEBUG] [mixin/]: Selecting config waystones.mixins.json
[12Aug2025 21:56:22.165] [main/DEBUG] [mixin/]: Selecting config journeymap.mixins.json
[12Aug2025 21:56:22.166] [main/DEBUG] [mixin/]: Selecting config modernfix-common.mixins.json
[12Aug2025 21:56:22.255] [main/INFO] [ModernFix/]: Loaded configuration file for ModernFix 5.24.3+mc1.20.1: 96 options available, 0 override(s) found
[12Aug2025 21:56:22.256] [main/INFO] [ModernFix/]: Applying Nashorn fix
[12Aug2025 21:56:22.272] [main/INFO] [ModernFix/]: Applied Forge config corruption patch
[12Aug2025 21:56:22.280] [main/DEBUG] [mixin/]: Selecting config modernfix-forge.mixins.json
[12Aug2025 21:56:22.282] [main/DEBUG] [mixin/]: Selecting config citadel.mixins.json
[12Aug2025 21:56:22.284] [main/DEBUG] [mixin/]: Selecting config mixins.travelersbackpack.json
[12Aug2025 21:56:22.285] [main/DEBUG] [mixin/]: Selecting config mixins.artifacts.common.json
[12Aug2025 21:56:22.288] [main/DEBUG] [mixin/]: Selecting config mixins.artifacts.forge.json
[12Aug2025 21:56:22.289] [main/DEBUG] [mixin/]: Selecting config mixinextras.init.mixins.json
[12Aug2025 21:56:22.315] [main/DEBUG] [MixinExtras|Service/]: com.llamalad7.mixinextras.service.MixinExtrasServiceImpl(version=0.4.1) is taking over from null
[12Aug2025 21:56:22.345] [main/DEBUG] [mixin/]: Registering new injector for @Inject with org.spongepowered.asm.mixin.injection.struct.CallbackInjectionInfo
[12Aug2025 21:56:22.347] [main/DEBUG] [mixin/]: Registering new injector for @ModifyArg with org.spongepowered.asm.mixin.injection.struct.ModifyArgInjectionInfo
[12Aug2025 21:56:22.348] [main/DEBUG] [mixin/]: Registering new injector for @ModifyArgs with org.spongepowered.asm.mixin.injection.struct.ModifyArgsInjectionInfo
[12Aug2025 21:56:22.349] [main/DEBUG] [mixin/]: Registering new injector for @Redirect with org.spongepowered.asm.mixin.injection.struct.RedirectInjectionInfo
[12Aug2025 21:56:22.350] [main/DEBUG] [mixin/]: Registering new injector for @ModifyVariable with org.spongepowered.asm.mixin.injection.struct.ModifyVariableInjectionInfo
[12Aug2025 21:56:22.352] [main/DEBUG] [mixin/]: Registering new injector for @ModifyConstant with org.spongepowered.asm.mixin.injection.struct.ModifyConstantInjectionInfo
[12Aug2025 21:56:22.362] [main/DEBUG] [mixin/]: Selecting config myserveriscompatible.mixins.json
[12Aug2025 21:56:22.364] [main/DEBUG] [mixin/]: Selecting config vampiricageing.mixins.json
[12Aug2025 21:56:22.368] [main/DEBUG] [mixin/]: Selecting config relics.mixins.json
[12Aug2025 21:56:22.370] [main/DEBUG] [mixin/]: Selecting config iceandfire.mixins.json
[12Aug2025 21:56:22.372] [main/DEBUG] [mixin/]: Selecting config balm.mixins.json
[12Aug2025 21:56:22.373] [main/DEBUG] [mixin/]: Selecting config ramcompat.mixins.json
[12Aug2025 21:56:22.375] [main/DEBUG] [mixin/]: Selecting config carryon.mixins.json
[12Aug2025 21:56:22.377] [main/DEBUG] [mixin/]: Selecting config carryon.forge.mixins.json
[12Aug2025 21:56:22.379] [main/DEBUG] [mixin/]: Selecting config iaf_patcher.mixins.json
[12Aug2025 21:56:22.380] [main/DEBUG] [mixin/]: Selecting config alexscaves.mixins.json
[12Aug2025 21:56:22.383] [main/DEBUG] [mixin/]: Selecting config jade.mixins.json
[12Aug2025 21:56:22.386] [main/DEBUG] [mixin/]: Selecting config lionfishapi.mixins.json
[12Aug2025 21:56:22.388] [main/DEBUG] [mixin/]: Selecting config curios.mixins.json
[12Aug2025 21:56:22.391] [main/DEBUG] [mixin/]: Selecting config ftbultimine-common.mixins.json
[12Aug2025 21:56:22.393] [main/DEBUG] [mixin/]: Selecting config architectury.mixins.json
[12Aug2025 21:56:22.397] [main/DEBUG] [mixin/]: Selecting config architectury-common.mixins.json
[12Aug2025 21:56:22.399] [main/DEBUG] [mixin/]: Selecting config ftblibrary-common.mixins.json
[12Aug2025 21:56:22.401] [main/DEBUG] [mixin/]: Selecting config forge-mca.mixin.json
[12Aug2025 21:56:22.404] [main/DEBUG] [mixin/]: Selecting config vampirism.mixins.json
[12Aug2025 21:56:22.407] [main/DEBUG] [mixin/]: Selecting config werewolves.mixins.json
[12Aug2025 21:56:22.410] [main/DEBUG] [mixin/]: Selecting config ferritecore.predicates.mixin.json
[12Aug2025 21:56:22.428] [main/DEBUG] [mixin/]: Selecting config ferritecore.fastmap.mixin.json
[12Aug2025 21:56:22.431] [main/DEBUG] [mixin/]: Selecting config ferritecore.mrl.mixin.json
[12Aug2025 21:56:22.433] [main/DEBUG] [mixin/]: Selecting config ferritecore.dedupmultipart.mixin.json
[12Aug2025 21:56:22.435] [main/DEBUG] [mixin/]: Selecting config ferritecore.blockstatecache.mixin.json
[12Aug2025 21:56:22.438] [main/DEBUG] [mixin/]: Selecting config ferritecore.dedupbakedquad.mixin.json
[12Aug2025 21:56:22.440] [main/DEBUG] [mixin/]: Selecting config ferritecore.threaddetec.mixin.json
[12Aug2025 21:56:22.442] [main/DEBUG] [mixin/]: Selecting config ferritecore.modelsides.mixin.json
[12Aug2025 21:56:22.444] [main/DEBUG] [mixin/]: Selecting config cupboard.mixins.json
[12Aug2025 21:56:22.446] [main/DEBUG] [mixin/]: Selecting config rarcompat.mixins.json
[12Aug2025 21:56:22.447] [main/DEBUG] [mixin/]: Selecting config mixins.wings.json
[12Aug2025 21:56:22.448] [main/DEBUG] [mixin/]: Selecting config expandability.mixins.json
[12Aug2025 21:56:22.449] [main/DEBUG] [mixin/]: Selecting config expandability-common.mixins.json
[12Aug2025 21:56:22.452] [main/DEBUG] [mixin/]: Selecting config dragonsurvival.mixins.json
[12Aug2025 21:56:22.455] [main/DEBUG] [mixin/]: Preparing mowziesmobs.mixins.json (1)
[12Aug2025 21:56:22.507] [main/DEBUG] [mixin/]: Preparing kuma_api.mixins.json (1)
[12Aug2025 21:56:22.507] [main/DEBUG] [mixin/]: Preparing kuma_api.forge.mixins.json (0)
[12Aug2025 21:56:22.507] [main/DEBUG] [mixin/]: Preparing raccompat.mixins.json (1)
[12Aug2025 21:56:22.510] [main/DEBUG] [mixin/]: Preparing jmi.mixins.json (1)
[12Aug2025 21:56:22.510] [main/DEBUG] [mixin/]: Preparing parcool.mixins.json (10)
[12Aug2025 21:56:22.556] [main/DEBUG] [net.minecraftforge.coremod.transformer.CoreModBaseTransformer/COREMOD]: Transforming net/minecraft/world/entity/LivingEntity
[12Aug2025 21:56:22.715] [main/DEBUG] [net.minecraftforge.coremod.transformer.CoreModBaseTransformer/COREMOD]: Transforming net/minecraft/world/entity/player/Player
[12Aug2025 21:56:22.750] [main/DEBUG] [net.minecraftforge.coremod.transformer.CoreModBaseTransformer/COREMOD]: Transforming net/minecraft/world/entity/player/Player
[12Aug2025 21:56:22.765] [main/DEBUG] [mixin/]: Preparing geckolib.mixins.json (1)
[12Aug2025 21:56:22.765] [main/DEBUG] [mixin/]: Preparing waystones.mixins.json (3)
[12Aug2025 21:56:22.775] [main/DEBUG] [mixin/]: @Mixin target net/minecraft/world/level/levelgen/structure/pools/JigsawPlacement$Placer is public in waystones.mixins.json:JigsawPlacementPlacerMixin and should be specified in value
[12Aug2025 21:56:22.779] [main/DEBUG] [mixin/]: Preparing journeymap.mixins.json (3)
[12Aug2025 21:56:22.779] [main/DEBUG] [mixin/]: Preparing modernfix-common.mixins.json (109)
[12Aug2025 21:56:22.802] [main/DEBUG] [ModernFix/]: No rules matched mixin 'perf.compact_mojang_registries.MappedRegistryMixin', treating as foreign and disabling!
[12Aug2025 21:56:22.879] [main/DEBUG] [net.minecraftforge.coremod.transformer.CoreModBaseTransformer/COREMOD]: Transforming net/minecraft/world/level/biome/Biome
[12Aug2025 21:56:22.922] [main/DEBUG] [mixin/]: Preparing modernfix-forge.mixins.json (59)
[12Aug2025 21:56:22.945] [main/DEBUG] [net.minecraftforge.coremod.transformer.CoreModBaseTransformer/COREMOD]: Transforming net/minecraft/server/network/ServerGamePacketListenerImpl
[12Aug2025 21:56:23.054] [main/DEBUG] [mixin/]: Preparing citadel.mixins.json (16)
[12Aug2025 21:56:23.076] [main/DEBUG] [mixin/]: Preparing mixins.travelersbackpack.json (1)
[12Aug2025 21:56:23.077] [main/DEBUG] [mixin/]: Preparing mixins.artifacts.common.json (21)
[12Aug2025 21:56:23.094] [main/DEBUG] [net.minecraftforge.coremod.transformer.CoreModBaseTransformer/COREMOD]: Transforming net/minecraft/world/level/NaturalSpawner
[12Aug2025 21:56:23.188] [main/DEBUG] [net.minecraftforge.coremod.transformer.CoreModBaseTransformer/COREMOD]: Transforming net/minecraft/world/entity/npc/Villager
[12Aug2025 21:56:23.333] [main/DEBUG] [mixin/]: Preparing mixins.artifacts.forge.json (3)
[12Aug2025 21:56:23.336] [main/DEBUG] [mixin/]: Preparing mixinextras.init.mixins.json (0)
[12Aug2025 21:56:23.336] [main/DEBUG] [mixin/]: Preparing myserveriscompatible.mixins.json (1)
[12Aug2025 21:56:23.336] [main/DEBUG] [mixin/]: Preparing vampiricageing.mixins.json (15)
[12Aug2025 21:56:23.362] [main/DEBUG] [mixin/]: Preparing relics.mixins.json (15)
[12Aug2025 21:56:23.380] [main/DEBUG] [net.minecraftforge.coremod.transformer.CoreModBaseTransformer/COREMOD]: Transforming net/minecraft/world/item/ItemStack
[12Aug2025 21:56:23.403] [main/ERROR] [net.minecraftforge.fml.loading.RuntimeDistCleaner/DISTXFORM]: Attempted to load class net/minecraft/client/gui/screens/Screen for invalid dist DEDICATED_SERVER
[12Aug2025 21:56:23.404] [main/WARN] [mixin/]: Error loading class: net/minecraft/client/gui/screens/Screen (java.lang.RuntimeException: Attempted to load class net/minecraft/client/gui/screens/Screen for invalid dist DEDICATED_SERVER)
[12Aug2025 21:56:23.404] [main/WARN] [mixin/]: @Mixin target net.minecraft.client.gui.screens.Screen was not found relics.mixins.json:ScreenMixin
[12Aug2025 21:56:23.404] [main/DEBUG] [mixin/]: Preparing iceandfire.mixins.json (2)
[12Aug2025 21:56:23.408] [main/DEBUG] [mixin/]: Preparing balm.mixins.json (16)
[12Aug2025 21:56:23.417] [main/DEBUG] [mixin/]: Preparing ramcompat.mixins.json (4)
[12Aug2025 21:56:23.423] [main/DEBUG] [mixin/]: Preparing carryon.mixins.json (5)
[12Aug2025 21:56:23.425] [main/DEBUG] [mixin/]: Preparing carryon.forge.mixins.json (0)
[12Aug2025 21:56:23.426] [main/DEBUG] [mixin/]: Preparing iaf_patcher.mixins.json (6)
[12Aug2025 21:56:23.437] [main/DEBUG] [mixin/]: Preparing alexscaves.mixins.json (52)
[12Aug2025 21:56:23.478] [main/DEBUG] [net.minecraftforge.coremod.transformer.CoreModBaseTransformer/COREMOD]: Transforming net/minecraft/world/level/levelgen/structure/structures/SwampHutPiece
[12Aug2025 21:56:23.507] [main/DEBUG] [mixin/]: Preparing jade.mixins.json (2)
[12Aug2025 21:56:23.507] [main/DEBUG] [mixin/]: Preparing lionfishapi.mixins.json (2)
[12Aug2025 21:56:23.508] [main/DEBUG] [mixin/]: Preparing curios.mixins.json (13)
[12Aug2025 21:56:23.517] [main/DEBUG] [mixin/]: Preparing ftbultimine-common.mixins.json (2)
[12Aug2025 21:56:23.520] [main/DEBUG] [mixin/]: Preparing architectury.mixins.json (9)
[12Aug2025 21:56:23.526] [main/DEBUG] [mixin/]: Preparing architectury-common.mixins.json (10)
[12Aug2025 21:56:23.529] [main/DEBUG] [net.minecraftforge.coremod.transformer.CoreModBaseTransformer/COREMOD]: Transforming net/minecraft/world/item/BucketItem
[12Aug2025 21:56:23.534] [main/DEBUG] [net.minecraftforge.coremod.transformer.CoreModBaseTransformer/COREMOD]: Transforming net/minecraft/world/entity/EntityType
[12Aug2025 21:56:23.611] [main/DEBUG] [net.minecraftforge.coremod.transformer.CoreModBaseTransformer/COREMOD]: Transforming net/minecraft/world/level/block/LiquidBlock
[12Aug2025 21:56:23.615] [main/DEBUG] [mixin/]: Preparing ftblibrary-common.mixins.json (5)
[12Aug2025 21:56:23.620] [main/DEBUG] [mixin/]: Preparing forge-mca.mixin.json (30)
[12Aug2025 21:56:23.649] [main/DEBUG] [net.minecraftforge.coremod.transformer.CoreModBaseTransformer/COREMOD]: Transforming net/minecraft/world/entity/monster/Zombie
[12Aug2025 21:56:23.738] [main/DEBUG] [net.minecraftforge.coremod.transformer.CoreModBaseTransformer/COREMOD]: Transforming net/minecraft/world/entity/monster/ZombieVillager
[12Aug2025 21:56:23.781] [main/DEBUG] [mixin/]: Preparing vampirism.mixins.json (52)
[12Aug2025 21:56:23.796] [main/DEBUG] [net.minecraftforge.coremod.transformer.CoreModBaseTransformer/COREMOD]: Transforming net/minecraft/world/effect/MobEffectInstance
[12Aug2025 21:56:23.816] [main/DEBUG] [mixin/]: Preparing werewolves.mixins.json (36)
[12Aug2025 21:56:23.831] [main/DEBUG] [mixin/]: Preparing ferritecore.predicates.mixin.json (3)
[12Aug2025 21:56:23.831] [main/DEBUG] [mixin/]: Preparing ferritecore.fastmap.mixin.json (1)
[12Aug2025 21:56:23.833] [main/DEBUG] [mixin/]: Preparing ferritecore.mrl.mixin.json (2)
[12Aug2025 21:56:23.833] [main/DEBUG] [mixin/]: Preparing ferritecore.dedupmultipart.mixin.json (2)
[12Aug2025 21:56:23.833] [main/DEBUG] [mixin/]: Preparing ferritecore.blockstatecache.mixin.json (8)
[12Aug2025 21:56:23.838] [main/DEBUG] [mixin/]: @Mixin target net/minecraft/world/level/block/state/BlockBehaviour$BlockStateBase$Cache is public in ferritecore.blockstatecache.mixin.json:BlockStateCacheMixin and should be specified in value
[12Aug2025 21:56:23.840] [main/DEBUG] [mixin/]: Preparing ferritecore.dedupbakedquad.mixin.json (2)
[12Aug2025 21:56:23.840] [main/DEBUG] [mixin/]: Preparing ferritecore.threaddetec.mixin.json (1)
[12Aug2025 21:56:23.840] [main/DEBUG] [mixin/]: Preparing ferritecore.modelsides.mixin.json (1)
[12Aug2025 21:56:23.840] [main/DEBUG] [mixin/]: Preparing cupboard.mixins.json (5)
[12Aug2025 21:56:23.843] [main/DEBUG] [mixin/]: Preparing rarcompat.mixins.json (5)
[12Aug2025 21:56:23.846] [main/DEBUG] [mixin/]: Preparing mixins.wings.json (3)
[12Aug2025 21:56:23.848] [main/DEBUG] [net.minecraftforge.coremod.transformer.CoreModBaseTransformer/COREMOD]: Transforming net/minecraftforge/client/ForgeHooksClient
[12Aug2025 21:56:23.855] [main/DEBUG] [mixin/]: Preparing expandability.mixins.json (4)
[12Aug2025 21:56:23.856] [main/DEBUG] [mixin/]: Preparing expandability-common.mixins.json (9)
[12Aug2025 21:56:23.859] [main/DEBUG] [mixin/]: Preparing dragonsurvival.mixins.json (35)
[12Aug2025 21:56:23.981] [main/DEBUG] [mixin/]: Inner class by/dragonsurvivalteam/dragonsurvival/mixins/MixinBlock$1 in by/dragonsurvivalteam/dragonsurvival/mixins/MixinBlock on net/minecraft/world/level/block/Block gets unique name net/minecraft/world/level/block/Block$Anonymous$3de0463bba5644f3bdc24293b7a786e3
[12Aug2025 21:56:23.987] [main/DEBUG] [mixin/]: Prepared 346 mixins in 1.844 sec (5.3ms avg) (0ms load, 0ms transform, 0ms plugin)
[12Aug2025 21:56:24.003] [main/INFO] [MixinExtras|Service/]: Initializing MixinExtras via com.llamalad7.mixinextras.service.MixinExtrasServiceImpl(version=0.4.1).
[12Aug2025 21:56:24.004] [main/DEBUG] [mixin/]: Registering new injector for @SugarWrapper with com.llamalad7.mixinextras.sugar.impl.SugarWrapperInjectionInfo
[12Aug2025 21:56:24.005] [main/DEBUG] [mixin/]: Registering new injector for @FactoryRedirectWrapper with com.llamalad7.mixinextras.wrapper.factory.FactoryRedirectWrapperInjectionInfo
[12Aug2025 21:56:24.009] [main/DEBUG] [mixin/]: Mixing perf.fix_loop_spin_waiting.MinecraftServerMixin from modernfix-common.mixins.json into net.minecraft.server.MinecraftServer
[12Aug2025 21:56:24.020] [main/DEBUG] [mixin/]: Mixing core.MinecraftServerMixin from modernfix-common.mixins.json into net.minecraft.server.MinecraftServer
[12Aug2025 21:56:24.022] [main/DEBUG] [mixin/]: Mixing perf.dedicated_reload_executor.MinecraftServerMixin from modernfix-common.mixins.json into net.minecraft.server.MinecraftServer
[12Aug2025 21:56:24.023] [main/DEBUG] [mixin/]: Mixing core.MinecraftServerMixin from modernfix-forge.mixins.json into net.minecraft.server.MinecraftServer
[12Aug2025 21:56:24.023] [main/DEBUG] [mixin/]: Renaming synthetic method lambda$mfix$endReloadTrack$0(Ljava/lang/Void;)V to md8ce68a$lambda$mfix$endReloadTrack$0$0 in modernfix-forge.mixins.json:core.MinecraftServerMixin
[12Aug2025 21:56:24.026] [main/DEBUG] [mixin/]: Mixing MinecraftServerMixin from citadel.mixins.json into net.minecraft.server.MinecraftServer
[12Aug2025 21:56:24.029] [main/DEBUG] [mixin/]: Mixing MinecraftServerMixin from balm.mixins.json into net.minecraft.server.MinecraftServer
[12Aug2025 21:56:24.029] [main/DEBUG] [mixin/]: Renaming synthetic method lambda$reloadResources$0(Ljava/lang/Void;)V to md8ce68a$lambda$reloadResources$0$1 in balm.mixins.json:MinecraftServerMixin
[12Aug2025 21:56:24.178] [main/DEBUG] [io.netty.util.internal.logging.InternalLoggerFactory/]: Using SLF4J as the default logging framework
[12Aug2025 21:56:24.180] [main/DEBUG] [io.netty.util.ResourceLeakDetector/]: -Dio.netty.leakDetection.level: simple
[12Aug2025 21:56:24.181] [main/DEBUG] [io.netty.util.ResourceLeakDetector/]: -Dio.netty.leakDetection.targetRecords: 4
[12Aug2025 21:56:24.192] [main/DEBUG] [mixin/]: Mixing MixinTranslatableText from forge-mca.mixin.json into net.minecraft.network.chat.contents.TranslatableContents
[12Aug2025 21:56:24.277] [main/DEBUG] [mixin/]: Mixing perf.tag_id_caching.TagOrElementLocationMixin from modernfix-forge.mixins.json into net.minecraft.util.ExtraCodecs$TagOrElementLocation
[12Aug2025 21:56:24.304] [main/DEBUG] [mixin/]: Mixing ResourceLocationMixin from ftblibrary-common.mixins.json into net.minecraft.resources.ResourceLocation
[12Aug2025 21:56:24.304] [main/DEBUG] [mixin/]: ftblibrary-common.mixins.json:ResourceLocationMixin: Class version 61 required is higher than the class version supported by the current version of Mixin (JAVA_8 supports class version 52)
[12Aug2025 21:56:24.366] [main/DEBUG] [oshi.util.FileUtil/]: No oshi.properties file found from ClassLoader cpw.mods.modlauncher.TransformingClassLoader@4ef5dd23
[12Aug2025 21:56:24.366] [main/DEBUG] [oshi.util.FileUtil/]: No oshi.properties file found from ClassLoader jdk.internal.loader.ClassLoaders$AppClassLoader@76ed5528
[12Aug2025 21:56:24.416] [main/DEBUG] [oshi.util.FileUtil/]: Reading file /proc/self/auxv
[12Aug2025 21:56:24.417] [main/DEBUG] [oshi.util.FileUtil/]: Reading file /proc/self/auxv
[12Aug2025 21:56:24.421] [main/DEBUG] [oshi.util.FileUtil/]: Reading file /proc/stat
[12Aug2025 21:56:24.429] [main/DEBUG] [oshi.util.FileUtil/]: Reading file /sys/devices/system/cpu/cpu0/topology/core_id
[12Aug2025 21:56:24.429] [main/DEBUG] [oshi.util.FileUtil/]: Reading file /sys/devices/system/cpu/cpu0/topology/core_id
[12Aug2025 21:56:24.429] [main/DEBUG] [oshi.util.FileUtil/]: Reading file /sys/devices/system/cpu/cpu0/topology/physical_package_id
[12Aug2025 21:56:24.429] [main/DEBUG] [oshi.util.FileUtil/]: Reading file /sys/devices/system/cpu/cpu0/topology/physical_package_id
[12Aug2025 21:56:24.429] [main/DEBUG] [oshi.util.FileUtil/]: Reading file /sys/devices/system/cpu/cpu0/cpu_capacity
[12Aug2025 21:56:24.431] [main/DEBUG] [oshi.util.FileUtil/]: Reading file /sys/devices/system/cpu/cpu1/topology/core_id
[12Aug2025 21:56:24.431] [main/DEBUG] [oshi.util.FileUtil/]: Reading file /sys/devices/system/cpu/cpu1/topology/core_id
[12Aug2025 21:56:24.431] [main/DEBUG] [oshi.util.FileUtil/]: Reading file /sys/devices/system/cpu/cpu1/topology/physical_package_id
[12Aug2025 21:56:24.431] [main/DEBUG] [oshi.util.FileUtil/]: Reading file /sys/devices/system/cpu/cpu1/topology/physical_package_id
[12Aug2025 21:56:24.431] [main/DEBUG] [oshi.util.FileUtil/]: Reading file /sys/devices/system/cpu/cpu1/cpu_capacity
[12Aug2025 21:56:24.432] [main/DEBUG] [oshi.util.FileUtil/]: Reading file /sys/devices/system/cpu/cpu2/topology/core_id
[12Aug2025 21:56:24.432] [main/DEBUG] [oshi.util.FileUtil/]: Reading file /sys/devices/system/cpu/cpu2/topology/core_id
[12Aug2025 21:56:24.432] [main/DEBUG] [oshi.util.FileUtil/]: Reading file /sys/devices/system/cpu/cpu2/topology/physical_package_id
[12Aug2025 21:56:24.432] [main/DEBUG] [oshi.util.FileUtil/]: Reading file /sys/devices/system/cpu/cpu2/topology/physical_package_id
[12Aug2025 21:56:24.432] [main/DEBUG] [oshi.util.FileUtil/]: Reading file /sys/devices/system/cpu/cpu2/cpu_capacity
[12Aug2025 21:56:24.433] [main/DEBUG] [oshi.util.FileUtil/]: Reading file /sys/devices/system/cpu/cpu3/topology/core_id
[12Aug2025 21:56:24.433] [main/DEBUG] [oshi.util.FileUtil/]: Reading file /sys/devices/system/cpu/cpu3/topology/core_id
[12Aug2025 21:56:24.433] [main/DEBUG] [oshi.util.FileUtil/]: Reading file /sys/devices/system/cpu/cpu3/topology/physical_package_id
[12Aug2025 21:56:24.433] [main/DEBUG] [oshi.util.FileUtil/]: Reading file /sys/devices/system/cpu/cpu3/topology/physical_package_id
[12Aug2025 21:56:24.433] [main/DEBUG] [oshi.util.FileUtil/]: Reading file /sys/devices/system/cpu/cpu3/cpu_capacity
[12Aug2025 21:56:24.435] [main/DEBUG] [oshi.util.FileUtil/]: Reading file /proc/cpuinfo
[12Aug2025 21:56:24.445] [main/DEBUG] [oshi.util.FileUtil/]: Reading file /proc/self/auxv
[12Aug2025 21:56:24.447] [main/DEBUG] [oshi.util.FileUtil/]: No oshi.architecture.properties file found from ClassLoader cpw.mods.modlauncher.TransformingClassLoader@4ef5dd23
[12Aug2025 21:56:24.448] [main/DEBUG] [oshi.util.FileUtil/]: No oshi.architecture.properties file found from ClassLoader jdk.internal.loader.ClassLoaders$AppClassLoader@76ed5528
[12Aug2025 21:56:24.466] [main/DEBUG] [oshi.util.FileUtil/]: Reading file /proc/meminfo
[12Aug2025 21:56:24.467] [main/DEBUG] [oshi.util.FileUtil/]: Reading file /proc/meminfo
[12Aug2025 21:56:24.470] [main/DEBUG] [mixin/]: Mixing perf.thread_priorities.UtilMixin from modernfix-common.mixins.json into net.minecraft.Util
[12Aug2025 21:56:24.470] [main/DEBUG] [mixin/]: Renaming synthetic method lambda$adjustPriorityOfThreadFactory$0(Ljava/util/concurrent/ForkJoinPool$ForkJoinWorkerThreadFactory;Ljava/util/concurrent/ForkJoinPool;)Ljava/util/concurrent/ForkJoinWorkerThread; to md8ce68a$lambda$adjustPriorityOfThreadFactory$0$0 in modernfix-common.mixins.json:perf.thread_priorities.UtilMixin
[12Aug2025 21:56:24.522] [main/DEBUG] [mixin/]: Mixing feature.measure_time.BootstrapMixin from modernfix-common.mixins.json into net.minecraft.server.Bootstrap
[12Aug2025 21:56:24.527] [main/DEBUG] [mixin/]: Mixing core.BootstrapMixin from modernfix-forge.mixins.json into net.minecraft.server.Bootstrap
[12Aug2025 21:56:24.549] [main/INFO] [net.minecraft.server.Bootstrap/]: ModernFix reached bootstrap stage (10.28 s after launch)
[12Aug2025 21:56:24.558] [main/DEBUG] [mixin/]: Mixing bugfix.concurrency.MappedRegistryMixin from modernfix-common.mixins.json into net.minecraft.core.MappedRegistry
[12Aug2025 21:56:24.565] [main/DEBUG] [mixin/]: Mixing perf.mojang_registry_size.MappedRegistryMixin from modernfix-common.mixins.json into net.minecraft.core.MappedRegistry
[12Aug2025 21:56:24.591] [main/DEBUG] [mixin/]: Mixing perf.mojang_registry_size.ResourceKeyMixin from modernfix-common.mixins.json into net.minecraft.resources.ResourceKey
[12Aug2025 21:56:24.592] [main/DEBUG] [mixin/]: Renaming synthetic method lambda$createEfficient$0(Lnet/minecraft/resources/ResourceLocation;)Ljava/util/Map; to md8ce68a$lambda$createEfficient$0$0 in modernfix-common.mixins.json:perf.mojang_registry_size.ResourceKeyMixin
[12Aug2025 21:56:24.627] [main/DEBUG] [mixin/]: Mixing inject.MixinGameEvent from architectury-common.mixins.json into net.minecraft.world.level.gameevent.GameEvent
[12Aug2025 21:56:24.637] [main/DEBUG] [mixin/]: Mixing perf.reduce_blockstate_cache_rebuilds.GameDataMixin from modernfix-forge.mixins.json into net.minecraftforge.registries.GameData
[12Aug2025 21:56:24.655] [main/DEBUG] [mixin/]: Mixing perf.forge_registry_alloc.ForgeRegistryMixin from modernfix-forge.mixins.json into net.minecraftforge.registries.ForgeRegistry
[12Aug2025 21:56:24.669] [main/DEBUG] [mixin/]: Mixing perf.fast_registry_validation.ForgeRegistryMixin from modernfix-forge.mixins.json into net.minecraftforge.registries.ForgeRegistry
[12Aug2025 21:56:24.680] [main/WARN] [mixin/]: @Final field delegatesByName:Ljava/util/Map; in modernfix-forge.mixins.json:perf.forge_registry_alloc.ForgeRegistryMixin should be final
[12Aug2025 21:56:24.681] [main/WARN] [mixin/]: @Final field delegatesByValue:Ljava/util/Map; in modernfix-forge.mixins.json:perf.forge_registry_alloc.ForgeRegistryMixin should be final
[12Aug2025 21:56:24.709] [main/DEBUG] [mixin/]: Mixing perf.reduce_blockstate_cache_rebuilds.BlockCallbacksMixin from modernfix-forge.mixins.json into net.minecraftforge.registries.GameData$BlockCallbacks
[12Aug2025 21:56:24.722] [main/DEBUG] [mixin/]: Mixing perf.forge_registry_alloc.DelegateHolderMixin from modernfix-forge.mixins.json into net.minecraft.world.level.block.Block
[12Aug2025 21:56:24.723] [main/DEBUG] [mixin/]: Mixing inject.MixinBlock from architectury-common.mixins.json into net.minecraft.world.level.block.Block
[12Aug2025 21:56:24.724] [main/DEBUG] [mixin/]: Mixing MixinBlock from dragonsurvival.mixins.json into net.minecraft.world.level.block.Block
[12Aug2025 21:56:24.763] [main/DEBUG] [mixin/]: Mixing bugfix.chunk_deadlock.BlockStateBaseMixin from modernfix-common.mixins.json into net.minecraft.world.level.block.state.BlockBehaviour$BlockStateBase
[12Aug2025 21:56:24.765] [main/DEBUG] [mixin/]: Mixing perf.reduce_blockstate_cache_rebuilds.BlockStateBaseMixin from modernfix-common.mixins.json into net.minecraft.world.level.block.state.BlockBehaviour$BlockStateBase
[12Aug2025 21:56:24.775] [main/DEBUG] [mixin/]: Mixing BlockBehaviourMixin from vampiricageing.mixins.json into net.minecraft.world.level.block.state.BlockBehaviour$BlockStateBase
[12Aug2025 21:56:24.775] [main/DEBUG] [mixin/]: Renaming synthetic method lambda$getCollisionShape$0(Lde/teamlapen/vampirism/entity/player/vampire/VampirePlayer;)Ljava/lang/Boolean; to md8ce68a$lambda$getCollisionShape$0$0 in vampiricageing.mixins.json:BlockBehaviourMixin
[12Aug2025 21:56:24.796] [main/DEBUG] [mixin/]: Mixing BlockStateBaseMixin from ferritecore.blockstatecache.mixin.json into net.minecraft.world.level.block.state.BlockBehaviour$BlockStateBase
[12Aug2025 21:56:24.798] [main/DEBUG] [mixin/]: Mixing fluidcollision.BlockStateBaseMixin from expandability-common.mixins.json into net.minecraft.world.level.block.state.BlockBehaviour$BlockStateBase
[12Aug2025 21:56:24.859] [main/DEBUG] [mixin/]: Mixing FastMapStateHolderMixin from ferritecore.fastmap.mixin.json into net.minecraft.world.level.block.state.StateHolder
[12Aug2025 21:56:24.875] [main/DEBUG] [mixin/]: Mixing perf.model_optimizations.PropertyMixin from modernfix-common.mixins.json into net.minecraft.world.level.block.state.properties.Property
[12Aug2025 21:56:24.896] [main/DEBUG] [mixin/]: Mixing EntityLoadMixin from cupboard.mixins.json into net.minecraft.world.entity.Entity
[12Aug2025 21:56:24.912] [main/DEBUG] [mixin/]: Mixing common.EntityMixin from parcool.mixins.json into net.minecraft.world.entity.Entity
[12Aug2025 21:56:24.923] [main/DEBUG] [mixin/]: Mixing bugfix.chunk_deadlock.EntityMixin from modernfix-common.mixins.json into net.minecraft.world.entity.Entity
[12Aug2025 21:56:24.926] [main/DEBUG] [mixin/]: Mixing item.umbrella.EntityMixin from mixins.artifacts.common.json into net.minecraft.world.entity.Entity
[12Aug2025 21:56:24.928] [main/DEBUG] [mixin/]: Mixing item.wearable.aquadashers.EntityMixin from mixins.artifacts.common.json into net.minecraft.world.entity.Entity
[12Aug2025 21:56:24.943] [main/DEBUG] [mixin/]: Mixing EntityMixin from relics.mixins.json into net.minecraft.world.entity.Entity
[12Aug2025 21:56:24.944] [main/DEBUG] [mixin/]: relics.mixins.json:EntityMixin: Class version 61 required is higher than the class version supported by the current version of Mixin (JAVA_8 supports class version 52)
[12Aug2025 21:56:24.960] [main/DEBUG] [mixin/]: Mixing EntityMixin from balm.mixins.json into net.minecraft.world.entity.Entity
[12Aug2025 21:56:24.963] [main/DEBUG] [mixin/]: Mixing EntityMixin from carryon.mixins.json into net.minecraft.world.entity.Entity
[12Aug2025 21:56:24.971] [main/DEBUG] [mixin/]: Mixing EntityMixin from alexscaves.mixins.json into net.minecraft.world.entity.Entity
[12Aug2025 21:56:25.017] [main/DEBUG] [mixin/]: Mixing EntityMixin from lionfishapi.mixins.json into net.minecraft.world.entity.Entity
[12Aug2025 21:56:25.033] [main/DEBUG] [mixin/]: Mixing AccessorEntity from curios.mixins.json into net.minecraft.world.entity.Entity
[12Aug2025 21:56:25.079] [main/DEBUG] [mixin/]: Mixing MixinEntity from vampirism.mixins.json into net.minecraft.world.entity.Entity
[12Aug2025 21:56:25.087] [main/DEBUG] [mixin/]: Mixing EntityHooks from mixins.wings.json into net.minecraft.world.entity.Entity
[12Aug2025 21:56:25.088] [main/DEBUG] [mixin/]: Mixing swimming.EntityMixin from expandability.mixins.json into net.minecraft.world.entity.Entity
[12Aug2025 21:56:25.093] [main/DEBUG] [mixin/]: Mixing swimming.EntityMixin from expandability-common.mixins.json into net.minecraft.world.entity.Entity
[12Aug2025 21:56:25.099] [main/DEBUG] [mixin/]: Mixing MixinEntity from dragonsurvival.mixins.json into net.minecraft.world.entity.Entity
[12Aug2025 21:56:25.099] [main/DEBUG] [mixin/]: Renaming @Unique method clampRotation(Lnet/minecraft/world/entity/Entity;)V to md8ce68a$clampRotation$0 in dragonsurvival.mixins.json:MixinEntity
[12Aug2025 21:56:25.100] [main/DEBUG] [mixin/]: Renaming synthetic method lambda$hideCaveDragonFireAnimation$0(Lorg/spongepowered/asm/mixin/injection/callback/CallbackInfoReturnable;Lby/dragonsurvivalteam/dragonsurvival/common/capability/DragonStateHandler;)V to md8ce68a$lambda$hideCaveDragonFireAnimation$0$1 in dragonsurvival.mixins.json:MixinEntity
[12Aug2025 21:56:25.371] [main/DEBUG] [net.minecraftforge.coremod.transformer.CoreModBaseTransformer/COREMOD]: Transforming net/minecraft/world/entity/LivingEntity
[12Aug2025 21:56:25.377] [main/DEBUG] [mixin/]: Mixing common.LivingEntityMixin from parcool.mixins.json into net.minecraft.world.entity.LivingEntity
[12Aug2025 21:56:25.378] [main/DEBUG] [mixin/]: Renaming synthetic method lambda$parCool$isCustomLadder$0(Lnet/minecraft/tags/TagKey;)Z to md8ce68a$lambda$parCool$isCustomLadder$0$0 in parcool.mixins.json:common.LivingEntityMixin
[12Aug2025 21:56:25.406] [main/DEBUG] [mixin/]: Mixing perf.forge_cap_retrieval.LivingEntityMixin from modernfix-forge.mixins.json into net.minecraft.world.entity.LivingEntity
[12Aug2025 21:56:25.408] [main/DEBUG] [mixin/]: Mixing LivingEntityMixin from citadel.mixins.json into net.minecraft.world.entity.LivingEntity
[12Aug2025 21:56:25.412] [main/DEBUG] [mixin/]: Mixing accessors.LivingEntityAccessor from mixins.artifacts.common.json into net.minecraft.world.entity.LivingEntity
[12Aug2025 21:56:25.412] [main/DEBUG] [mixin/]: Mixing item.hurtsound.LivingEntityMixin from mixins.artifacts.common.json into net.minecraft.world.entity.LivingEntity
[12Aug2025 21:56:25.414] [main/DEBUG] [mixin/]: Mixing item.wearable.chorustotem.LivingEntityMixin from mixins.artifacts.common.json into net.minecraft.world.entity.LivingEntity
[12Aug2025 21:56:25.439] [main/DEBUG] [mixin/]: Mixing item.wearable.snowshoes.LivingEntityMixin from mixins.artifacts.forge.json into net.minecraft.world.entity.LivingEntity
[12Aug2025 21:56:25.442] [main/DEBUG] [mixin/]: Mixing LivingEntityMixin from relics.mixins.json into net.minecraft.world.entity.LivingEntity
[12Aug2025 21:56:25.442] [main/DEBUG] [mixin/]: relics.mixins.json:LivingEntityMixin: Class version 61 required is higher than the class version supported by the current version of Mixin (JAVA_8 supports class version 52)
[12Aug2025 21:56:25.446] [main/DEBUG] [mixin/]: Mixing LivingEntityMixin from ramcompat.mixins.json into net.minecraft.world.entity.LivingEntity
[12Aug2025 21:56:25.446] [main/DEBUG] [mixin/]: ramcompat.mixins.json:LivingEntityMixin: Class version 61 required is higher than the class version supported by the current version of Mixin (JAVA_8 supports class version 52)
[12Aug2025 21:56:25.452] [main/DEBUG] [mixin/]: Mixing LivingEntityMixin from alexscaves.mixins.json into net.minecraft.world.entity.LivingEntity
[12Aug2025 21:56:25.466] [main/DEBUG] [mixin/]: Mixing MixinLivingEntity from curios.mixins.json into net.minecraft.world.entity.LivingEntity
[12Aug2025 21:56:25.468] [main/DEBUG] [mixin/]: Mixing LivingEntityAccessor from vampirism.mixins.json into net.minecraft.world.entity.LivingEntity
[12Aug2025 21:56:25.469] [main/DEBUG] [mixin/]: Mixing MixinLivingEntity from vampirism.mixins.json into net.minecraft.world.entity.LivingEntity
[12Aug2025 21:56:25.472] [main/DEBUG] [mixin/]: Mixing LivingEntityAccessor from werewolves.mixins.json into net.minecraft.world.entity.LivingEntity
[12Aug2025 21:56:25.472] [main/DEBUG] [mixin/]: Mixing entity.LivingEntityMixin from werewolves.mixins.json into net.minecraft.world.entity.LivingEntity
[12Aug2025 21:56:25.474] [main/DEBUG] [mixin/]: Mixing swimming.LivingEntityMixin from expandability.mixins.json into net.minecraft.world.entity.LivingEntity
[12Aug2025 21:56:25.476] [main/DEBUG] [mixin/]: Mixing swimming.LivingEntityMixin from expandability-common.mixins.json into net.minecraft.world.entity.LivingEntity
[12Aug2025 21:56:25.480] [main/DEBUG] [mixin/]: Mixing MixinLivingEntity from dragonsurvival.mixins.json into net.minecraft.world.entity.LivingEntity
[12Aug2025 21:56:25.685] [main/DEBUG] [mixin/]: Mixing perf.model_optimizations.BooleanPropertyMixin from modernfix-common.mixins.json into net.minecraft.world.level.block.state.properties.BooleanProperty
[12Aug2025 21:56:25.692] [main/DEBUG] [mixin/]: Mixing LevelMixin from citadel.mixins.json into net.minecraft.world.level.Level
[12Aug2025 21:56:25.715] [main/DEBUG] [mixin/]: Mixing ServerAddEntityMixin from cupboard.mixins.json into net.minecraft.server.level.ServerLevel
[12Aug2025 21:56:25.728] [main/DEBUG] [mixin/]: Mixing bugfix.chunk_deadlock.ServerLevelMixin from modernfix-common.mixins.json into net.minecraft.server.level.ServerLevel
[12Aug2025 21:56:25.729] [main/DEBUG] [mixin/]: Mixing perf.cache_strongholds.ServerLevelMixin from modernfix-common.mixins.json into net.minecraft.server.level.ServerLevel
[12Aug2025 21:56:25.734] [main/DEBUG] [mixin/]: Mixing perf.faster_structure_location.ServerLevelMixin from modernfix-common.mixins.json into net.minecraft.server.level.ServerLevel
[12Aug2025 21:56:25.735] [main/DEBUG] [mixin/]: Mixing ServerLevelMixin from citadel.mixins.json into net.minecraft.server.level.ServerLevel
[12Aug2025 21:56:25.736] [main/DEBUG] [mixin/]: Mixing MixinServerWorld from forge-mca.mixin.json into net.minecraft.server.level.ServerLevel
[12Aug2025 21:56:25.737] [main/DEBUG] [mixin/]: Discarding sythetic bridge method synthetic in m_6325_ because existing method in forge-mca.mixin.json:MixinServerWorld is compatible
[12Aug2025 21:56:25.790] [main/DEBUG] [net.minecraftforge.coremod.transformer.CoreModBaseTransformer/COREMOD]: Transforming net/minecraft/world/entity/player/Player
[12Aug2025 21:56:25.793] [main/DEBUG] [mixin/]: Mixing MixinPlayerStart from dragonsurvival.mixins.json into net.minecraft.world.entity.player.Player
[12Aug2025 21:56:25.798] [main/DEBUG] [mixin/]: Mixing common.PlayerMixin from parcool.mixins.json into net.minecraft.world.entity.player.Player
[12Aug2025 21:56:25.805] [main/DEBUG] [mixin/]: Mixing PlayerMixin from mixins.travelersbackpack.json into net.minecraft.world.entity.player.Player
[12Aug2025 21:56:25.812] [main/DEBUG] [mixin/]: Mixing PlayerMixin from vampiricageing.mixins.json into net.minecraft.world.entity.player.Player
[12Aug2025 21:56:25.813] [main/DEBUG] [mixin/]: Renaming synthetic method lambda$causeFoodExhaustion$0(Lcom/doctor/vampiricageing/capabilities/IAgeingCapability;)Ljava/lang/Integer; to md8ce68a$lambda$causeFoodExhaustion$0$0 in vampiricageing.mixins.json:PlayerMixin
[12Aug2025 21:56:25.820] [main/DEBUG] [mixin/]: Mixing PlayerMixin from carryon.mixins.json into net.minecraft.world.entity.player.Player
[12Aug2025 21:56:25.823] [main/DEBUG] [mixin/]: Mixing PlayerMixin from alexscaves.mixins.json into net.minecraft.world.entity.player.Player
[12Aug2025 21:56:25.830] [main/DEBUG] [mixin/]: Mixing MixinPlayerEntity from forge-mca.mixin.json into net.minecraft.world.entity.player.Player
[12Aug2025 21:56:25.834] [main/DEBUG] [mixin/]: Mixing MixinPlayerEntity from vampirism.mixins.json into net.minecraft.world.entity.player.Player
[12Aug2025 21:56:25.839] [main/DEBUG] [mixin/]: Mixing entity.PlayerAccessor from werewolves.mixins.json into net.minecraft.world.entity.player.Player
[12Aug2025 21:56:25.840] [main/DEBUG] [mixin/]: Mixing entity.PlayerEntityMixin from werewolves.mixins.json into net.minecraft.world.entity.player.Player
[12Aug2025 21:56:25.848] [main/DEBUG] [mixin/]: Mixing PlayerPoseUpdater from mixins.wings.json into net.minecraft.world.entity.player.Player
[12Aug2025 21:56:25.849] [main/DEBUG] [mixin/]: Mixing swimming.PlayerMixin from expandability-common.mixins.json into net.minecraft.world.entity.player.Player
[12Aug2025 21:56:25.851] [main/DEBUG] [mixin/]: Mixing MixinPlayerEntity from dragonsurvival.mixins.json into net.minecraft.world.entity.player.Player
[12Aug2025 21:56:25.852] [main/DEBUG] [mixin/]: Renaming synthetic method lambda$dragonRidingOffset$2(Lorg/spongepowered/asm/mixin/injection/callback/CallbackInfoReturnable;Lby/dragonsurvivalteam/dragonsurvival/common/capability/DragonStateHandler;)V to md8ce68a$lambda$dragonRidingOffset$2$1 in dragonsurvival.mixins.json:MixinPlayerEntity
[12Aug2025 21:56:25.853] [main/DEBUG] [mixin/]: Renaming synthetic method lambda$dragonEat$1(Lnet/minecraft/world/item/ItemStack;Lnet/minecraft/world/entity/player/Player;Lnet/minecraft/world/level/Level;Lorg/spongepowered/asm/mixin/injection/callback/CallbackInfoReturnable;Lby/dragonsurvivalteam/dragonsurvival/common/capability/DragonStateHandler;)V to md8ce68a$lambda$dragonEat$1$2 in dragonsurvival.mixins.json:MixinPlayerEntity
[12Aug2025 21:56:25.853] [main/DEBUG] [mixin/]: Renaming synthetic method lambda$isSleepingLongEnough$0(Lorg/spongepowered/asm/mixin/injection/callback/CallbackInfoReturnable;Lby/dragonsurvivalteam/dragonsurvival/common/capability/DragonStateHandler;)V to md8ce68a$lambda$isSleepingLongEnough$0$3 in dragonsurvival.mixins.json:MixinPlayerEntity
[12Aug2025 21:56:25.904] [main/DEBUG] [mixin/]: Mixing MixinPlayerEnd from dragonsurvival.mixins.json into net.minecraft.world.entity.player.Player
[12Aug2025 21:56:26.027] [main/DEBUG] [mixin/]: Generating mapped inner class net/minecraft/world/level/block/Block$Anonymous$3de0463bba5644f3bdc24293b7a786e3 (originally by/dragonsurvivalteam/dragonsurvival/mixins/MixinBlock$1)
[12Aug2025 21:56:26.052] [main/DEBUG] [mixin/]: Mixing bugfix.concurrency.NamespacedWrapperMixin from modernfix-forge.mixins.json into net.minecraftforge.registries.NamespacedWrapper
[12Aug2025 21:56:26.053] [main/DEBUG] [mixin/]: Mixing perf.fast_forge_dummies.NamespacedHolderHelperMixin from modernfix-forge.mixins.json into net.minecraftforge.registries.NamespacedWrapper
[12Aug2025 21:56:26.066] [main/DEBUG] [mixin/]: Mixing inject.MixinFluid from architectury-common.mixins.json into net.minecraft.world.level.material.Fluid
[12Aug2025 21:56:26.070] [main/DEBUG] [mixin/]: Mixing perf.forge_registry_alloc.DelegateHolderMixin from modernfix-forge.mixins.json into net.minecraft.world.item.Item
[12Aug2025 21:56:26.071] [main/DEBUG] [mixin/]: Mixing ItemMixin from relics.mixins.json into net.minecraft.world.item.Item
[12Aug2025 21:56:26.071] [main/DEBUG] [mixin/]: relics.mixins.json:ItemMixin: Class version 61 required is higher than the class version supported by the current version of Mixin (JAVA_8 supports class version 52)
[12Aug2025 21:56:26.076] [main/DEBUG] [mixin/]: Mixing inject.MixinItem from architectury-common.mixins.json into net.minecraft.world.item.Item
[12Aug2025 21:56:26.078] [main/DEBUG] [mixin/]: Mixing ItemMixin from ftblibrary-common.mixins.json into net.minecraft.world.item.Item
[12Aug2025 21:56:26.078] [main/DEBUG] [mixin/]: ftblibrary-common.mixins.json:ItemMixin: Class version 61 required is higher than the class version supported by the current version of Mixin (JAVA_8 supports class version 52)
[12Aug2025 21:56:26.078] [main/DEBUG] [mixin/]: Mixing ItemMixin from vampirism.mixins.json into net.minecraft.world.item.Item
[12Aug2025 21:56:26.080] [main/DEBUG] [mixin/]: Mixing MixinItem from dragonsurvival.mixins.json into net.minecraft.world.item.Item
[12Aug2025 21:56:26.118] [main/DEBUG] [net.minecraftforge.coremod.transformer.CoreModBaseTransformer/COREMOD]: Transforming net/minecraft/world/entity/EntityType
[12Aug2025 21:56:26.164] [main/DEBUG] [mixin/]: Mixing inject.MixinEntityType from architectury-common.mixins.json into net.minecraft.world.entity.EntityType
[12Aug2025 21:56:26.165] [main/DEBUG] [mixin/]: Mixing MixinEntityType from forge-mca.mixin.json into net.minecraft.world.entity.EntityType
[12Aug2025 21:56:26.189] [main/DEBUG] [mixin/]: Mixing perf.dynamic_dfu.BlockEntityTypeMixin from modernfix-common.mixins.json into net.minecraft.world.level.block.entity.BlockEntityType
[12Aug2025 21:56:26.189] [main/DEBUG] [mixin/]: Mixing TileEntityTypeAccessor from vampirism.mixins.json into net.minecraft.world.level.block.entity.BlockEntityType
[12Aug2025 21:56:26.199] [main/DEBUG] [mixin/]: Mixing ChunkStatusMixin from alexscaves.mixins.json into net.minecraft.world.level.chunk.ChunkStatus
[12Aug2025 21:56:26.219] [main/DEBUG] [mixin/]: Mixing MixinVillagerProfession from forge-mca.mixin.json into net.minecraft.world.entity.npc.VillagerProfession
[12Aug2025 21:56:26.220] [main/DEBUG] [mixin/]: Renaming @Invoker method init(Ljava/lang/String;Ljava/util/function/Predicate;Ljava/util/function/Predicate;Lcom/google/common/collect/ImmutableSet;Lcom/google/common/collect/ImmutableSet;Lnet/minecraft/sounds/SoundEvent;)Lnet/minecraft/world/entity/npc/VillagerProfession; to init_$md$8ce68a$0 in forge-mca.mixin.json:MixinVillagerProfession
[12Aug2025 21:56:26.225] [main/DEBUG] [mixin/]: Mixing MixinMemoryModuleType from forge-mca.mixin.json into net.minecraft.world.entity.ai.memory.MemoryModuleType
[12Aug2025 21:56:26.225] [main/DEBUG] [mixin/]: Renaming @Invoker method init(Ljava/util/Optional;)Lnet/minecraft/world/entity/ai/memory/MemoryModuleType; to init_$md$8ce68a$0 in forge-mca.mixin.json:MixinMemoryModuleType
[12Aug2025 21:56:26.229] [main/DEBUG] [mixin/]: Mixing MixinSensorType from forge-mca.mixin.json into net.minecraft.world.entity.ai.sensing.SensorType
[12Aug2025 21:56:26.229] [main/DEBUG] [mixin/]: Renaming @Invoker method init(Ljava/util/function/Supplier;)Lnet/minecraft/world/entity/ai/sensing/SensorType; to init_$md$8ce68a$0 in forge-mca.mixin.json:MixinSensorType
[12Aug2025 21:56:26.231] [main/DEBUG] [mixin/]: Mixing MixinActivity from forge-mca.mixin.json into net.minecraft.world.entity.schedule.Activity
[12Aug2025 21:56:26.232] [main/DEBUG] [mixin/]: Renaming @Invoker method init(Ljava/lang/String;)Lnet/minecraft/world/entity/schedule/Activity; to init_$md$8ce68a$0 in forge-mca.mixin.json:MixinActivity
[12Aug2025 21:56:26.280] [main/DEBUG] [mixin/]: Mixing perf.memoize_creative_tab_build.CreativeModeTabMixin from modernfix-common.mixins.json into net.minecraft.world.item.CreativeModeTab
[12Aug2025 21:56:26.304] [main/DEBUG] [mixin/]: Mixing FireBlockAccessor from werewolves.mixins.json into net.minecraft.world.level.block.FireBlock
[12Aug2025 21:56:26.341] [main/DEBUG] [mixin/]: Mixing DiscreteVSAccess from ferritecore.blockstatecache.mixin.json into net.minecraft.world.phys.shapes.DiscreteVoxelShape
[12Aug2025 21:56:26.344] [main/DEBUG] [mixin/]: Mixing BitSetDVSAccess from ferritecore.blockstatecache.mixin.json into net.minecraft.world.phys.shapes.BitSetDiscreteVoxelShape
[12Aug2025 21:56:26.347] [main/DEBUG] [mixin/]: Mixing VoxelShapeAccess from ferritecore.blockstatecache.mixin.json into net.minecraft.world.phys.shapes.VoxelShape
[12Aug2025 21:56:26.349] [main/DEBUG] [mixin/]: Mixing ArrayVSAccess from ferritecore.blockstatecache.mixin.json into net.minecraft.world.phys.shapes.ArrayVoxelShape
[12Aug2025 21:56:26.351] [main/DEBUG] [mixin/]: Mixing SliceShapeAccess from ferritecore.blockstatecache.mixin.json into net.minecraft.world.phys.shapes.SliceShape
[12Aug2025 21:56:26.478] [main/DEBUG] [mixin/]: Mixing perf.reduce_blockstate_cache_rebuilds.BlocksMixin from modernfix-common.mixins.json into net.minecraft.world.level.block.Blocks
[12Aug2025 21:56:26.479] [main/DEBUG] [mixin/]: Renaming synthetic method lambda$getEmptyConsumer$0(Ljava/lang/Object;)V to md8ce68a$lambda$getEmptyConsumer$0$0 in modernfix-common.mixins.json:perf.reduce_blockstate_cache_rebuilds.BlocksMixin
[12Aug2025 21:56:26.524] [main/DEBUG] [net.minecraftforge.coremod.transformer.CoreModBaseTransformer/COREMOD]: Transforming net/minecraft/world/level/block/LiquidBlock
[12Aug2025 21:56:26.525] [main/DEBUG] [mixin/]: Mixing inject.MixinLiquidBlock from architectury-common.mixins.json into net.minecraft.world.level.block.LiquidBlock
[12Aug2025 21:56:26.563] [main/DEBUG] [net.minecraftforge.coremod.transformer.CoreModBaseTransformer/COREMOD]: Transforming net/minecraft/world/level/block/StairBlock
[12Aug2025 21:56:26.572] [main/DEBUG] [mixin/]: Mixing CropBlockMixin from balm.mixins.json into net.minecraft.world.level.block.CropBlock
[12Aug2025 21:56:26.611] [main/DEBUG] [mixin/]: Mixing StemBlockMixin from balm.mixins.json into net.minecraft.world.level.block.StemBlock
[12Aug2025 21:56:26.630] [main/DEBUG] [mixin/]: Mixing perf.deduplicate_wall_shapes.WallBlockMixin from modernfix-common.mixins.json into net.minecraft.world.level.block.WallBlock
[12Aug2025 21:56:26.646] [main/DEBUG] [net.minecraftforge.coremod.transformer.CoreModBaseTransformer/COREMOD]: Transforming net/minecraft/world/level/block/FlowerPotBlock
[12Aug2025 21:56:26.685] [main/DEBUG] [mixin/]: Mixing swimming.BubbleColumnBlockMixin from expandability-common.mixins.json into net.minecraft.world.level.block.BubbleColumnBlock
[12Aug2025 21:56:26.696] [main/DEBUG] [mixin/]: Mixing MixinBellBlock from vampirism.mixins.json into net.minecraft.world.level.block.BellBlock
[12Aug2025 21:56:26.717] [main/DEBUG] [mixin/]: Mixing PowderSnowBlockMixin from vampiricageing.mixins.json into net.minecraft.world.level.block.PowderSnowBlock
[12Aug2025 21:56:26.718] [main/DEBUG] [mixin/]: Mixing PowderSnowBlockMixin from relics.mixins.json into net.minecraft.world.level.block.PowderSnowBlock
[12Aug2025 21:56:26.719] [main/DEBUG] [mixin/]: relics.mixins.json:PowderSnowBlockMixin: Class version 61 required is higher than the class version supported by the current version of Mixin (JAVA_8 supports class version 52)
[12Aug2025 21:56:26.719] [main/DEBUG] [mixin/]: Mixing MixinPowderSnowBlock from curios.mixins.json into net.minecraft.world.level.block.PowderSnowBlock
[12Aug2025 21:56:26.720] [main/DEBUG] [mixin/]: Mixing PowderSnowBlockMixin from werewolves.mixins.json into net.minecraft.world.level.block.PowderSnowBlock
[12Aug2025 21:56:26.720] [main/DEBUG] [mixin/]: Renaming synthetic method lambda$walk$1(Lde/teamlapen/werewolves/entities/player/werewolf/WerewolfPlayer;)Z to md8ce68a$lambda$walk$1$0 in werewolves.mixins.json:PowderSnowBlockMixin
[12Aug2025 21:56:26.720] [main/DEBUG] [mixin/]: Renaming synthetic method lambda$walk$0(Lde/teamlapen/werewolves/entities/player/werewolf/WerewolfPlayer;)Z to md8ce68a$lambda$walk$0$1 in werewolves.mixins.json:PowderSnowBlockMixin
[12Aug2025 21:56:26.754] [main/DEBUG] [mixin/]: Mixing BlockBehaviourMixin from mowziesmobs.mixins.json into net.minecraft.world.level.block.state.BlockBehaviour$Properties
[12Aug2025 21:56:26.774] [main/DEBUG] [mixin/]: Mixing perf.state_definition_construct.StateDefinitionMixin from modernfix-common.mixins.json into net.minecraft.world.level.block.state.StateDefinition
[12Aug2025 21:56:26.791] [main/DEBUG] [mixin/]: Mixing FlowingFluidMixin from alexscaves.mixins.json into net.minecraft.world.level.material.FlowingFluid
[12Aug2025 21:56:26.852] [main/INFO] [net.minecraft.server.Bootstrap/]: Vanilla bootstrap took 2299 milliseconds
[12Aug2025 21:56:26.872] [main/DEBUG] [io.netty.util.internal.PlatformDependent0/]: -Dio.netty.noUnsafe: false
[12Aug2025 21:56:26.872] [main/DEBUG] [io.netty.util.internal.PlatformDependent0/]: Java version: 17
[12Aug2025 21:56:26.873] [main/DEBUG] [io.netty.util.internal.PlatformDependent0/]: sun.misc.Unsafe.theUnsafe: available
[12Aug2025 21:56:26.873] [main/DEBUG] [io.netty.util.internal.PlatformDependent0/]: sun.misc.Unsafe.copyMemory: available
[12Aug2025 21:56:26.873] [main/DEBUG] [io.netty.util.internal.PlatformDependent0/]: sun.misc.Unsafe.storeFence: available
[12Aug2025 21:56:26.873] [main/DEBUG] [io.netty.util.internal.PlatformDependent0/]: java.nio.Buffer.address: available
[12Aug2025 21:56:26.874] [main/DEBUG] [io.netty.util.internal.PlatformDependent0/]: direct buffer constructor: unavailable
java.lang.UnsupportedOperationException: Reflective setAccessible(true) disabled
	at io.netty.util.internal.ReflectionUtil.trySetAccessible(ReflectionUtil.java:31) ~[netty-common-4.1.82.Final.jar%2382!/:4.1.82.Final]
	at io.netty.util.internal.PlatformDependent0$5.run(PlatformDependent0.java:288) ~[netty-common-4.1.82.Final.jar%2382!/:4.1.82.Final]
	at java.security.AccessController.doPrivileged(AccessController.java:318) ~[?:?]
	at io.netty.util.internal.PlatformDependent0.<clinit>(PlatformDependent0.java:282) ~[netty-common-4.1.82.Final.jar%2382!/:4.1.82.Final]
	at io.netty.util.internal.PlatformDependent.isAndroid(PlatformDependent.java:333) ~[netty-common-4.1.82.Final.jar%2382!/:4.1.82.Final]
	at io.netty.util.internal.PlatformDependent.<clinit>(PlatformDependent.java:88) ~[netty-common-4.1.82.Final.jar%2382!/:4.1.82.Final]
	at io.netty.util.ConstantPool.<init>(ConstantPool.java:34) ~[netty-common-4.1.82.Final.jar%2382!/:4.1.82.Final]
	at io.netty.util.AttributeKey$1.<init>(AttributeKey.java:27) ~[netty-common-4.1.82.Final.jar%2382!/:4.1.82.Final]
	at io.netty.util.AttributeKey.<clinit>(AttributeKey.java:27) ~[netty-common-4.1.82.Final.jar%2382!/:4.1.82.Final]
	at net.minecraftforge.network.NetworkConstants.<clinit>(NetworkConstants.java:34) ~[forge-1.20.1-47.3.7-universal.jar%23210!/:?]
	at net.minecraft.server.Bootstrap.handler$zdb000$doClassloadHack(Bootstrap.java:1034) ~[server-1.20.1-20230612.114412-srg.jar%23205!/:?]
	at net.minecraft.server.Bootstrap.m_135870_(Bootstrap.java:64) ~[server-1.20.1-20230612.114412-srg.jar%23205!/:?]
	at net.minecraftforge.registries.ForgeRegistries.init(ForgeRegistries.java:212) ~[forge-1.20.1-47.3.7-universal.jar%23210!/:?]
	at net.minecraftforge.registries.ForgeRegistries.<clinit>(ForgeRegistries.java:65) ~[forge-1.20.1-47.3.7-universal.jar%23210!/:?]
	at net.minecraft.world.level.block.LiquidBlock.<init>(LiquidBlock.java:53) ~[server-1.20.1-20230612.114412-srg.jar%23205!/:?]
	at net.minecraft.world.level.block.Blocks.<clinit>(Blocks.java:77) ~[server-1.20.1-20230612.114412-srg.jar%23205!/:?]
	at net.minecraft.world.level.block.FireBlock.m_53484_(FireBlock.java:301) ~[server-1.20.1-20230612.114412-srg.jar%23205!/:?]
	at net.minecraft.server.Bootstrap.m_135870_(Bootstrap.java:46) ~[server-1.20.1-20230612.114412-srg.jar%23205!/:?]
	at net.minecraft.server.Main.main(Main.java:121) ~[server-1.20.1-20230612.114412-srg.jar%23205!/:?]
	at jdk.internal.reflect.NativeMethodAccessorImpl.invoke0(Native Method) ~[?:?]
	at jdk.internal.reflect.NativeMethodAccessorImpl.invoke(NativeMethodAccessorImpl.java:77) ~[?:?]
	at jdk.internal.reflect.DelegatingMethodAccessorImpl.invoke(DelegatingMethodAccessorImpl.java:43) ~[?:?]
	at java.lang.reflect.Method.invoke(Method.java:569) ~[?:?]
	at net.minecraftforge.fml.loading.targets.CommonLaunchHandler.runTarget(CommonLaunchHandler.java:111) ~[fmlloader-1.20.1-47.3.7.jar%2369!/:?]
	at net.minecraftforge.fml.loading.targets.CommonLaunchHandler.serverService(CommonLaunchHandler.java:103) ~[fmlloader-1.20.1-47.3.7.jar%2369!/:?]
	at net.minecraftforge.fml.loading.targets.CommonServerLaunchHandler.lambda$makeService$0(CommonServerLaunchHandler.java:27) ~[fmlloader-1.20.1-47.3.7.jar%2369!/:?]
	at cpw.mods.modlauncher.LaunchServiceHandlerDecorator.launch(LaunchServiceHandlerDecorator.java:30) ~[modlauncher-10.0.9.jar%2355!/:?]
	at cpw.mods.modlauncher.LaunchServiceHandler.launch(LaunchServiceHandler.java:53) ~[modlauncher-10.0.9.jar%2355!/:?]
	at cpw.mods.modlauncher.LaunchServiceHandler.launch(LaunchServiceHandler.java:71) ~[modlauncher-10.0.9.jar%2355!/:?]
	at cpw.mods.modlauncher.Launcher.run(Launcher.java:108) ~[modlauncher-10.0.9.jar%2355!/:?]
	at cpw.mods.modlauncher.Launcher.main(Launcher.java:78) ~[modlauncher-10.0.9.jar%2355!/:?]
	at cpw.mods.modlauncher.BootstrapLaunchConsumer.accept(BootstrapLaunchConsumer.java:26) ~[modlauncher-10.0.9.jar%2355!/:?]
	at cpw.mods.modlauncher.BootstrapLaunchConsumer.accept(BootstrapLaunchConsumer.java:23) ~[modlauncher-10.0.9.jar%2355!/:?]
	at cpw.mods.bootstraplauncher.BootstrapLauncher.main(BootstrapLauncher.java:141) ~[bootstraplauncher-1.1.2.jar:?]
[12Aug2025 21:56:26.875] [main/DEBUG] [io.netty.util.internal.PlatformDependent0/]: java.nio.Bits.unaligned: available, true
[12Aug2025 21:56:26.876] [main/DEBUG] [io.netty.util.internal.PlatformDependent0/]: jdk.internal.misc.Unsafe.allocateUninitializedArray(int): unavailable
java.lang.IllegalAccessException: class io.netty.util.internal.PlatformDependent0$7 (in module io.netty.common) cannot access class jdk.internal.misc.Unsafe (in module java.base) because module java.base does not export jdk.internal.misc to module io.netty.common
	at jdk.internal.reflect.Reflection.newIllegalAccessException(Reflection.java:392) ~[?:?]
	at java.lang.reflect.AccessibleObject.checkAccess(AccessibleObject.java:674) ~[?:?]
	at java.lang.reflect.Method.invoke(Method.java:561) ~[?:?]
	at io.netty.util.internal.PlatformDependent0$7.run(PlatformDependent0.java:410) ~[netty-common-4.1.82.Final.jar%2382!/:4.1.82.Final]
	at java.security.AccessController.doPrivileged(AccessController.java:318) ~[?:?]
	at io.netty.util.internal.PlatformDependent0.<clinit>(PlatformDependent0.java:401) ~[netty-common-4.1.82.Final.jar%2382!/:4.1.82.Final]
	at io.netty.util.internal.PlatformDependent.isAndroid(PlatformDependent.java:333) ~[netty-common-4.1.82.Final.jar%2382!/:4.1.82.Final]
	at io.netty.util.internal.PlatformDependent.<clinit>(PlatformDependent.java:88) ~[netty-common-4.1.82.Final.jar%2382!/:4.1.82.Final]
	at io.netty.util.ConstantPool.<init>(ConstantPool.java:34) ~[netty-common-4.1.82.Final.jar%2382!/:4.1.82.Final]
	at io.netty.util.AttributeKey$1.<init>(AttributeKey.java:27) ~[netty-common-4.1.82.Final.jar%2382!/:4.1.82.Final]
	at io.netty.util.AttributeKey.<clinit>(AttributeKey.java:27) ~[netty-common-4.1.82.Final.jar%2382!/:4.1.82.Final]
	at net.minecraftforge.network.NetworkConstants.<clinit>(NetworkConstants.java:34) ~[forge-1.20.1-47.3.7-universal.jar%23210!/:?]
	at net.minecraft.server.Bootstrap.handler$zdb000$doClassloadHack(Bootstrap.java:1034) ~[server-1.20.1-20230612.114412-srg.jar%23205!/:?]
	at net.minecraft.server.Bootstrap.m_135870_(Bootstrap.java:64) ~[server-1.20.1-20230612.114412-srg.jar%23205!/:?]
	at net.minecraftforge.registries.ForgeRegistries.init(ForgeRegistries.java:212) ~[forge-1.20.1-47.3.7-universal.jar%23210!/:?]
	at net.minecraftforge.registries.ForgeRegistries.<clinit>(ForgeRegistries.java:65) ~[forge-1.20.1-47.3.7-universal.jar%23210!/:?]
	at net.minecraft.world.level.block.LiquidBlock.<init>(LiquidBlock.java:53) ~[server-1.20.1-20230612.114412-srg.jar%23205!/:?]
	at net.minecraft.world.level.block.Blocks.<clinit>(Blocks.java:77) ~[server-1.20.1-20230612.114412-srg.jar%23205!/:?]
	at net.minecraft.world.level.block.FireBlock.m_53484_(FireBlock.java:301) ~[server-1.20.1-20230612.114412-srg.jar%23205!/:?]
	at net.minecraft.server.Bootstrap.m_135870_(Bootstrap.java:46) ~[server-1.20.1-20230612.114412-srg.jar%23205!/:?]
	at net.minecraft.server.Main.main(Main.java:121) ~[server-1.20.1-20230612.114412-srg.jar%23205!/:?]
	at jdk.internal.reflect.NativeMethodAccessorImpl.invoke0(Native Method) ~[?:?]
	at jdk.internal.reflect.NativeMethodAccessorImpl.invoke(NativeMethodAccessorImpl.java:77) ~[?:?]
	at jdk.internal.reflect.DelegatingMethodAccessorImpl.invoke(DelegatingMethodAccessorImpl.java:43) ~[?:?]
	at java.lang.reflect.Method.invoke(Method.java:569) ~[?:?]
	at net.minecraftforge.fml.loading.targets.CommonLaunchHandler.runTarget(CommonLaunchHandler.java:111) ~[fmlloader-1.20.1-47.3.7.jar%2369!/:?]
	at net.minecraftforge.fml.loading.targets.CommonLaunchHandler.serverService(CommonLaunchHandler.java:103) ~[fmlloader-1.20.1-47.3.7.jar%2369!/:?]
	at net.minecraftforge.fml.loading.targets.CommonServerLaunchHandler.lambda$makeService$0(CommonServerLaunchHandler.java:27) ~[fmlloader-1.20.1-47.3.7.jar%2369!/:?]
	at cpw.mods.modlauncher.LaunchServiceHandlerDecorator.launch(LaunchServiceHandlerDecorator.java:30) ~[modlauncher-10.0.9.jar%2355!/:?]
	at cpw.mods.modlauncher.LaunchServiceHandler.launch(LaunchServiceHandler.java:53) ~[modlauncher-10.0.9.jar%2355!/:?]
	at cpw.mods.modlauncher.LaunchServiceHandler.launch(LaunchServiceHandler.java:71) ~[modlauncher-10.0.9.jar%2355!/:?]
	at cpw.mods.modlauncher.Launcher.run(Launcher.java:108) ~[modlauncher-10.0.9.jar%2355!/:?]
	at cpw.mods.modlauncher.Launcher.main(Launcher.java:78) ~[modlauncher-10.0.9.jar%2355!/:?]
	at cpw.mods.modlauncher.BootstrapLaunchConsumer.accept(BootstrapLaunchConsumer.java:26) ~[modlauncher-10.0.9.jar%2355!/:?]
	at cpw.mods.modlauncher.BootstrapLaunchConsumer.accept(BootstrapLaunchConsumer.java:23) ~[modlauncher-10.0.9.jar%2355!/:?]
	at cpw.mods.bootstraplauncher.BootstrapLauncher.main(BootstrapLauncher.java:141) ~[bootstraplauncher-1.1.2.jar:?]
[12Aug2025 21:56:26.877] [main/DEBUG] [io.netty.util.internal.PlatformDependent0/]: java.nio.DirectByteBuffer.<init>(long, int): unavailable
[12Aug2025 21:56:26.878] [main/DEBUG] [io.netty.util.internal.PlatformDependent/]: sun.misc.Unsafe: available
[12Aug2025 21:56:26.878] [main/DEBUG] [io.netty.util.internal.PlatformDependent/]: maxDirectMemory: 17179869184 bytes (maybe)
[12Aug2025 21:56:26.878] [main/DEBUG] [io.netty.util.internal.PlatformDependent/]: -Dio.netty.tmpdir: /tmp (java.io.tmpdir)
[12Aug2025 21:56:26.878] [main/DEBUG] [io.netty.util.internal.PlatformDependent/]: -Dio.netty.bitMode: 64 (sun.arch.data.model)
[12Aug2025 21:56:26.879] [main/DEBUG] [io.netty.util.internal.PlatformDependent/]: -Dio.netty.maxDirectMemory: -1 bytes
[12Aug2025 21:56:26.879] [main/DEBUG] [io.netty.util.internal.PlatformDependent/]: -Dio.netty.uninitializedArrayAllocationThreshold: -1
[12Aug2025 21:56:26.880] [main/DEBUG] [io.netty.util.internal.CleanerJava9/]: java.nio.ByteBuffer.cleaner(): available
[12Aug2025 21:56:26.880] [main/DEBUG] [io.netty.util.internal.PlatformDependent/]: -Dio.netty.noPreferDirect: false
[12Aug2025 21:56:27.041] [main/DEBUG] [mixin/]: Mixing FallingBlockEntityMixin from alexscaves.mixins.json into net.minecraft.world.entity.item.FallingBlockEntity
[12Aug2025 21:56:27.047] [main/DEBUG] [mixin/]: Mixing MixinFallingBlockEntity from architectury.mixins.json into net.minecraft.world.entity.item.FallingBlockEntity
[12Aug2025 21:56:27.194] [main/DEBUG] [mixin/]: Mixing MixinDefaultParticleType from forge-mca.mixin.json into net.minecraft.core.particles.SimpleParticleType
[12Aug2025 21:56:27.195] [main/DEBUG] [mixin/]: Renaming @Invoker method init(Z)Lnet/minecraft/core/particles/SimpleParticleType; to init_$md$8ce68a$0 in forge-mca.mixin.json:MixinDefaultParticleType
[12Aug2025 21:56:27.259] [main/DEBUG] [mixin/]: Mixing AbstractContainerMenuMixin from relics.mixins.json into net.minecraft.world.inventory.AbstractContainerMenu
[12Aug2025 21:56:27.259] [main/DEBUG] [mixin/]: relics.mixins.json:AbstractContainerMenuMixin: Class version 61 required is higher than the class version supported by the current version of Mixin (JAVA_8 supports class version 52)
[12Aug2025 21:56:27.278] [main/DEBUG] [mixin/]: Mixing MixinAbstractFurnaceBlockEntity from forge-mca.mixin.json into net.minecraft.world.level.block.entity.AbstractFurnaceBlockEntity
[12Aug2025 21:56:27.279] [main/DEBUG] [mixin/]: Renaming synthetic method lambda$onDropExperience$0(Lnet/minecraft/server/level/ServerPlayer;Lnet/minecraft/resources/ResourceLocation;Ljava/lang/Integer;)V to md8ce68a$lambda$onDropExperience$0$0 in forge-mca.mixin.json:MixinAbstractFurnaceBlockEntity
[12Aug2025 21:56:27.289] [main/DEBUG] [mixin/]: Mixing AbstractFurnaceBlockEntityAccessor from vampirism.mixins.json into net.minecraft.world.level.block.entity.AbstractFurnaceBlockEntity
[12Aug2025 21:56:27.290] [main/DEBUG] [mixin/]: Renaming @Invoker method getTotalCookTime(Lnet/minecraft/world/level/Level;Lnet/minecraft/world/level/block/entity/AbstractFurnaceBlockEntity;)I to getTotalCookTime_$md$8ce68a$1 in vampirism.mixins.json:AbstractFurnaceBlockEntityAccessor
[12Aug2025 21:56:27.336] [main/DEBUG] [mixin/]: Mixing AbstractArrowMixin from alexscaves.mixins.json into net.minecraft.world.entity.projectile.AbstractArrow
[12Aug2025 21:56:27.367] [main/DEBUG] [mixin/]: Mixing accessors.MobAccessor from mixins.artifacts.common.json into net.minecraft.world.entity.Mob
[12Aug2025 21:56:27.368] [main/DEBUG] [mixin/]: Mixing MobMixin from alexscaves.mixins.json into net.minecraft.world.entity.Mob
[12Aug2025 21:56:27.370] [main/DEBUG] [mixin/]: Mixing MixinMobEntity from vampirism.mixins.json into net.minecraft.world.entity.Mob
[12Aug2025 21:56:27.371] [main/DEBUG] [mixin/]: Mixing entity.MobMixin from werewolves.mixins.json into net.minecraft.world.entity.Mob
[12Aug2025 21:56:27.412] [main/DEBUG] [mixin/]: Mixing MonsterMixin from alexscaves.mixins.json into net.minecraft.world.entity.monster.Monster
[12Aug2025 21:56:27.462] [main/DEBUG] [net.minecraftforge.coremod.transformer.CoreModBaseTransformer/COREMOD]: Transforming net/minecraft/world/item/ItemStack
[12Aug2025 21:56:27.463] [main/DEBUG] [mixin/]: Mixing ItemStackMixin from relics.mixins.json into net.minecraft.world.item.ItemStack
[12Aug2025 21:56:27.463] [main/DEBUG] [mixin/]: relics.mixins.json:ItemStackMixin: Class version 61 required is higher than the class version supported by the current version of Mixin (JAVA_8 supports class version 52)
[12Aug2025 21:56:27.488] [main/DEBUG] [mixin/]: Mixing BeaconBlockEntityMixin from vampirism.mixins.json into net.minecraft.world.level.block.entity.BeaconBlockEntity
[12Aug2025 21:56:27.489] [main/DEBUG] [mixin/]: Renaming @Invoker method applyEffects(Lnet/minecraft/world/level/Level;Lnet/minecraft/core/BlockPos;ILnet/minecraft/world/effect/MobEffect;Lnet/minecraft/world/effect/MobEffect;)V to applyEffects_$md$8ce68a$0 in vampirism.mixins.json:BeaconBlockEntityMixin
[12Aug2025 21:56:27.743] [main/DEBUG] [mixin/]: Mixing SmithingMenuMixin from citadel.mixins.json into net.minecraft.world.inventory.SmithingMenu
[12Aug2025 21:56:27.820] [main/DEBUG] [mixin/]: Mixing MixinLightningBolt from architectury-common.mixins.json into net.minecraft.world.entity.LightningBolt
[12Aug2025 21:56:27.863] [main/DEBUG] [net.minecraftforge.coremod.transformer.CoreModBaseTransformer/COREMOD]: Transforming net/minecraft/world/entity/animal/frog/Tadpole
[12Aug2025 21:56:27.903] [main/DEBUG] [mixin/]: Mixing ArmorItemAccessor from vampirism.mixins.json into net.minecraft.world.item.ArmorItem
[12Aug2025 21:56:27.903] [main/DEBUG] [mixin/]: Renaming @Accessor method getModifierUUID_vampirism()Ljava/util/EnumMap; to getModifierUUID_vampirism_$md$8ce68a$0 in vampirism.mixins.json:ArmorItemAccessor
[12Aug2025 21:56:27.904] [main/DEBUG] [mixin/]: Mixing ArmorItemAccessor from werewolves.mixins.json into net.minecraft.world.item.ArmorItem
[12Aug2025 21:56:27.904] [main/DEBUG] [mixin/]: Renaming @Accessor method getARMOR_MODIFIERS()Ljava/util/EnumMap; to getARMOR_MODIFIERS_$md$8ce68a$1 in werewolves.mixins.json:ArmorItemAccessor
[12Aug2025 21:56:27.904] [main/DEBUG] [mixin/]: Mixing ArmorItemMixin from werewolves.mixins.json into net.minecraft.world.item.ArmorItem
[12Aug2025 21:56:27.904] [main/DEBUG] [mixin/]: Renaming synthetic method lambda$test$1(Ljava/lang/Object;)Z to md8ce68a$lambda$test$1$2 in werewolves.mixins.json:ArmorItemMixin
[12Aug2025 21:56:27.904] [main/DEBUG] [mixin/]: Renaming synthetic method lambda$test$0(Lde/teamlapen/werewolves/entities/player/werewolf/WerewolfPlayer;)Ljava/lang/Boolean; to md8ce68a$lambda$test$0$3 in werewolves.mixins.json:ArmorItemMixin
[12Aug2025 21:56:27.909] [main/DEBUG] [mixin/]: Mixing MixinFlintAndSteelItem from forge-mca.mixin.json into net.minecraft.world.item.FlintAndSteelItem
[12Aug2025 21:56:27.910] [main/DEBUG] [mixin/]: Renaming synthetic method lambda$mca$onUseOnBlock$0(Lnet/minecraft/server/level/ServerLevel;Lnet/minecraft/world/item/context/UseOnContext;)V to md8ce68a$lambda$mca$onUseOnBlock$0$0 in forge-mca.mixin.json:MixinFlintAndSteelItem
[12Aug2025 21:56:27.918] [main/DEBUG] [mixin/]: Mixing ShovelItemAccess from ftbultimine-common.mixins.json into net.minecraft.world.item.ShovelItem
[12Aug2025 21:56:27.919] [main/DEBUG] [mixin/]: ftbultimine-common.mixins.json:ShovelItemAccess: Class version 61 required is higher than the class version supported by the current version of Mixin (JAVA_8 supports class version 52)
[12Aug2025 21:56:27.919] [main/DEBUG] [mixin/]: Renaming @Accessor method getFlattenables()Ljava/util/Map; to getFlattenables_$md$8ce68a$0 in ftbultimine-common.mixins.json:ShovelItemAccess
[12Aug2025 21:56:27.922] [main/DEBUG] [mixin/]: Mixing AxeItemAccess from ftbultimine-common.mixins.json into net.minecraft.world.item.AxeItem
[12Aug2025 21:56:27.922] [main/DEBUG] [mixin/]: ftbultimine-common.mixins.json:AxeItemAccess: Class version 61 required is higher than the class version supported by the current version of Mixin (JAVA_8 supports class version 52)
[12Aug2025 21:56:27.929] [main/DEBUG] [net.minecraftforge.coremod.transformer.CoreModBaseTransformer/COREMOD]: Transforming net/minecraft/world/item/BucketItem
[12Aug2025 21:56:27.929] [main/DEBUG] [mixin/]: Mixing inject.MixinBucketItem from architectury-common.mixins.json into net.minecraft.world.item.BucketItem
[12Aug2025 21:56:27.933] [main/DEBUG] [mixin/]: Mixing MixinMilkBucketItem from forge-mca.mixin.json into net.minecraft.world.item.MilkBucketItem
[12Aug2025 21:56:27.942] [main/DEBUG] [mixin/]: Mixing item.wearable.anglershat.FishingRodItemMixin from mixins.artifacts.common.json into net.minecraft.world.item.FishingRodItem
[12Aug2025 21:56:27.950] [main/DEBUG] [mixin/]: Mixing MixinShearsItem from curios.mixins.json into net.minecraft.world.item.ShearsItem
[12Aug2025 21:56:27.972] [main/DEBUG] [mixin/]: Mixing CrossbowItemMixin from vampirism.mixins.json into net.minecraft.world.item.CrossbowItem
[12Aug2025 21:56:27.972] [main/DEBUG] [mixin/]: Renaming @Invoker method getChargedProjectiles(Lnet/minecraft/world/item/ItemStack;)Ljava/util/List; to getChargedProjectiles_$md$8ce68a$0 in vampirism.mixins.json:CrossbowItemMixin
[12Aug2025 21:56:27.972] [main/DEBUG] [mixin/]: Renaming @Invoker method getShotPitches(Lnet/minecraft/util/RandomSource;)[F to getShotPitches_$md$8ce68a$1 in vampirism.mixins.json:CrossbowItemMixin
[12Aug2025 21:56:27.973] [main/DEBUG] [mixin/]: Renaming @Invoker method onCrossbowShot(Lnet/minecraft/world/level/Level;Lnet/minecraft/world/entity/LivingEntity;Lnet/minecraft/world/item/ItemStack;)V to onCrossbowShot_$md$8ce68a$2 in vampirism.mixins.json:CrossbowItemMixin
[12Aug2025 21:56:27.973] [main/DEBUG] [mixin/]: Renaming @Invoker method getArrow(Lnet/minecraft/world/level/Level;Lnet/minecraft/world/entity/LivingEntity;Lnet/minecraft/world/item/ItemStack;Lnet/minecraft/world/item/ItemStack;)Lnet/minecraft/world/entity/projectile/AbstractArrow; to getArrow_$md$8ce68a$3 in vampirism.mixins.json:CrossbowItemMixin
[12Aug2025 21:56:27.973] [main/DEBUG] [mixin/]: Renaming @Invoker method addChargedProjectile(Lnet/minecraft/world/item/ItemStack;Lnet/minecraft/world/item/ItemStack;)V to addChargedProjectile_$md$8ce68a$4 in vampirism.mixins.json:CrossbowItemMixin
[12Aug2025 21:56:27.978] [main/DEBUG] [mixin/]: Mixing SuspiciousStewItemMixin from werewolves.mixins.json into net.minecraft.world.item.SuspiciousStewItem
[12Aug2025 21:56:27.984] [main/DEBUG] [mixin/]: Mixing SmithingTemplateItemAccessor from werewolves.mixins.json into net.minecraft.world.item.SmithingTemplateItem
[12Aug2025 21:56:27.984] [main/DEBUG] [mixin/]: Renaming @Accessor method getDescriptionFormat()Lnet/minecraft/ChatFormatting; to getDescriptionFormat_$md$8ce68a$0 in werewolves.mixins.json:SmithingTemplateItemAccessor
[12Aug2025 21:56:27.984] [main/DEBUG] [mixin/]: Renaming @Accessor method getTitleFormat()Lnet/minecraft/ChatFormatting; to getTitleFormat_$md$8ce68a$1 in werewolves.mixins.json:SmithingTemplateItemAccessor
[12Aug2025 21:56:27.984] [main/DEBUG] [mixin/]: Renaming @Accessor method getEmptySlotHelmet()Lnet/minecraft/resources/ResourceLocation; to getEmptySlotHelmet_$md$8ce68a$2 in werewolves.mixins.json:SmithingTemplateItemAccessor
[12Aug2025 21:56:27.984] [main/DEBUG] [mixin/]: Renaming @Accessor method getEmptySlotChestplate()Lnet/minecraft/resources/ResourceLocation; to getEmptySlotChestplate_$md$8ce68a$3 in werewolves.mixins.json:SmithingTemplateItemAccessor
[12Aug2025 21:56:27.984] [main/DEBUG] [mixin/]: Renaming @Accessor method getEmptySlotLeggings()Lnet/minecraft/resources/ResourceLocation; to getEmptySlotLeggings_$md$8ce68a$4 in werewolves.mixins.json:SmithingTemplateItemAccessor
[12Aug2025 21:56:27.985] [main/DEBUG] [mixin/]: Renaming @Accessor method getEmptySlotBoots()Lnet/minecraft/resources/ResourceLocation; to getEmptySlotBoots_$md$8ce68a$5 in werewolves.mixins.json:SmithingTemplateItemAccessor
[12Aug2025 21:56:27.992] [main/DEBUG] [mixin/]: Mixing inject.MixinItemProperties from architectury-common.mixins.json into net.minecraft.world.item.Item$Properties
[12Aug2025 21:56:28.015] [main/DEBUG] [mixin/]: Mixing AbstractMinecartMixin from alexscaves.mixins.json into net.minecraft.world.entity.vehicle.AbstractMinecart
[12Aug2025 21:56:28.088] [main/DEBUG] [mixin/]: Mixing perf.dynamic_dfu.EntityTypeBuilderMixin from modernfix-common.mixins.json into net.minecraft.world.entity.EntityType$Builder
[12Aug2025 21:56:28.095] [main/DEBUG] [mixin/]: Mixing AreaEffectCloudMixin from vampirism.mixins.json into net.minecraft.world.entity.AreaEffectCloud
[12Aug2025 21:56:28.132] [main/DEBUG] [mixin/]: Mixing perf.ticking_chunk_alloc.BatMixin from modernfix-common.mixins.json into net.minecraft.world.entity.ambient.Bat
[12Aug2025 21:56:28.154] [main/DEBUG] [mixin/]: Mixing NearestAttackableTargetGoalMixin from vampirism.mixins.json into net.minecraft.world.entity.ai.goal.target.NearestAttackableTargetGoal
[12Aug2025 21:56:28.156] [main/DEBUG] [mixin/]: Renaming synthetic method lambda$static$1(Lnet/minecraft/world/entity/LivingEntity;)Z to md8ce68a$lambda$static$1$0 in vampirism.mixins.json:NearestAttackableTargetGoalMixin
[12Aug2025 21:56:28.156] [main/DEBUG] [mixin/]: Renaming synthetic method lambda$static$0(Lnet/minecraft/world/entity/LivingEntity;)Z to md8ce68a$lambda$static$0$1 in vampirism.mixins.json:NearestAttackableTargetGoalMixin
[12Aug2025 21:56:28.157] [main/DEBUG] [mixin/]: Mixing NearestAttackabletargetGoalAccessor from werewolves.mixins.json into net.minecraft.world.entity.ai.goal.target.NearestAttackableTargetGoal
[12Aug2025 21:56:28.176] [main/DEBUG] [mixin/]: Mixing MixinHorseBaseEntity from forge-mca.mixin.json into net.minecraft.world.entity.animal.horse.AbstractHorse
[12Aug2025 21:56:28.191] [main/DEBUG] [mixin/]: Mixing entity.CatMixin from werewolves.mixins.json into net.minecraft.world.entity.animal.Cat
[12Aug2025 21:56:28.202] [main/DEBUG] [net.minecraftforge.coremod.transformer.CoreModBaseTransformer/COREMOD]: Transforming net/minecraft/world/entity/monster/Spider
[12Aug2025 21:56:28.245] [main/DEBUG] [mixin/]: Mixing AbstractChestedHorseMixin from relics.mixins.json into net.minecraft.world.entity.animal.horse.AbstractChestedHorse
[12Aug2025 21:56:28.245] [main/DEBUG] [mixin/]: relics.mixins.json:AbstractChestedHorseMixin: Class version 61 required is higher than the class version supported by the current version of Mixin (JAVA_8 supports class version 52)
[12Aug2025 21:56:28.250] [main/DEBUG] [net.minecraftforge.coremod.transformer.CoreModBaseTransformer/COREMOD]: Transforming net/minecraft/world/entity/monster/Zombie
[12Aug2025 21:56:28.315] [main/DEBUG] [mixin/]: Mixing MixinZombieEntity from forge-mca.mixin.json into net.minecraft.world.entity.monster.Zombie
[12Aug2025 21:56:28.321] [main/DEBUG] [net.minecraftforge.coremod.transformer.CoreModBaseTransformer/COREMOD]: Transforming net/minecraft/world/entity/monster/ZombieVillager
[12Aug2025 21:56:28.360] [main/DEBUG] [mixin/]: Mixing MixinZombieVillagerEntity from forge-mca.mixin.json into net.minecraft.world.entity.monster.ZombieVillager
[12Aug2025 21:56:28.384] [main/DEBUG] [mixin/]: Mixing EnderManMixin from relics.mixins.json into net.minecraft.world.entity.monster.EnderMan
[12Aug2025 21:56:28.384] [main/DEBUG] [mixin/]: relics.mixins.json:EnderManMixin: Class version 61 required is higher than the class version supported by the current version of Mixin (JAVA_8 supports class version 52)
[12Aug2025 21:56:28.400] [main/DEBUG] [net.minecraftforge.coremod.transformer.CoreModBaseTransformer/COREMOD]: Transforming net/minecraft/world/entity/monster/Evoker$EvokerSummonSpellGoal
[12Aug2025 21:56:28.430] [main/DEBUG] [mixin/]: Mixing FrogMixin from alexscaves.mixins.json into net.minecraft.world.entity.animal.frog.Frog
[12Aug2025 21:56:28.445] [main/DEBUG] [mixin/]: Mixing MixinGoatEntity from forge-mca.mixin.json into net.minecraft.world.entity.animal.goat.Goat
[12Aug2025 21:56:28.446] [main/DEBUG] [mixin/]: Renaming synthetic method lambda$getMilkingSound$1(Lnet/minecraft/server/level/ServerPlayer;)V to md8ce68a$lambda$getMilkingSound$1$0 in forge-mca.mixin.json:MixinGoatEntity
[12Aug2025 21:56:28.446] [main/DEBUG] [mixin/]: Renaming synthetic method lambda$getMilkingSound$0(Lnet/minecraft/server/level/ServerPlayer;)Z to md8ce68a$lambda$getMilkingSound$0$1 in forge-mca.mixin.json:MixinGoatEntity
[12Aug2025 21:56:28.525] [main/DEBUG] [mixin/]: Mixing ThrowablePotionMixin from vampirism.mixins.json into net.minecraft.world.entity.projectile.ThrownPotion
[12Aug2025 21:56:28.547] [main/DEBUG] [net.minecraftforge.coremod.transformer.CoreModBaseTransformer/COREMOD]: Transforming net/minecraft/world/entity/animal/horse/SkeletonTrapGoal
[12Aug2025 21:56:28.566] [main/DEBUG] [net.minecraftforge.coremod.transformer.CoreModBaseTransformer/COREMOD]: Transforming net/minecraft/world/entity/monster/Strider
[12Aug2025 21:56:28.632] [main/DEBUG] [mixin/]: Mixing common.PoseMixin from parcool.mixins.json into net.minecraft.world.entity.Pose
[12Aug2025 21:56:28.632] [main/DEBUG] [mixin/]: Renaming @Invoker method newPose(Ljava/lang/String;I)Lnet/minecraft/world/entity/Pose; to newPose_$md$8ce68a$0 in parcool.mixins.json:common.PoseMixin
[12Aug2025 21:56:28.660] [main/DEBUG] [mixin/]: Mixing perf.ticking_chunk_alloc.ChunkAccessMixin from modernfix-common.mixins.json into net.minecraft.world.level.chunk.ChunkAccess
[12Aug2025 21:56:28.682] [main/DEBUG] [net.minecraftforge.coremod.transformer.CoreModBaseTransformer/COREMOD]: Transforming net/minecraft/world/entity/npc/Villager
[12Aug2025 21:56:28.738] [main/DEBUG] [mixin/]: Mixing item.wearable.villagerhat.VillagerMixin from mixins.artifacts.common.json into net.minecraft.world.entity.npc.Villager
[12Aug2025 21:56:28.738] [main/DEBUG] [mixin/]: Mixing VillagerMixin from vampiricageing.mixins.json into net.minecraft.world.entity.npc.Villager
[12Aug2025 21:56:28.739] [main/DEBUG] [mixin/]: Renaming synthetic method lambda$updateSpecialPrices$0(Lcom/doctor/vampiricageing/capabilities/IAgeingCapability;)Ljava/lang/Integer; to md8ce68a$lambda$updateSpecialPrices$0$0 in vampiricageing.mixins.json:VillagerMixin
[12Aug2025 21:56:28.742] [main/DEBUG] [mixin/]: Mixing MixinVillagerEntity from forge-mca.mixin.json into net.minecraft.world.entity.npc.Villager
[12Aug2025 21:56:28.742] [main/DEBUG] [mixin/]: Mixing MixinVillagerEntityInvoker from forge-mca.mixin.json into net.minecraft.world.entity.npc.Villager
[12Aug2025 21:56:28.743] [main/DEBUG] [mixin/]: Mixing entity.MixinVillagerEntity from werewolves.mixins.json into net.minecraft.world.entity.npc.Villager
[12Aug2025 21:56:28.759] [main/DEBUG] [mixin/]: Mixing AbstractVillagerMixin from rarcompat.mixins.json into net.minecraft.world.entity.npc.AbstractVillager
[12Aug2025 21:56:28.759] [main/DEBUG] [mixin/]: rarcompat.mixins.json:AbstractVillagerMixin: Class version 61 required is higher than the class version supported by the current version of Mixin (JAVA_8 supports class version 52)
[12Aug2025 21:56:28.788] [main/DEBUG] [mixin/]: Mixing perf.faster_ingredients.IngredientMixin from modernfix-forge.mixins.json into net.minecraft.world.item.crafting.Ingredient
[12Aug2025 21:56:28.789] [main/DEBUG] [mixin/]: Renaming synthetic method lambda$computeItemsArray$1(I)[Lnet/minecraft/world/item/ItemStack; to md8ce68a$lambda$computeItemsArray$1$0 in modernfix-forge.mixins.json:perf.faster_ingredients.IngredientMixin
[12Aug2025 21:56:28.789] [main/DEBUG] [mixin/]: Renaming synthetic method lambda$modernfix$fasterTagIngredientStacking$0(Lnet/minecraft/core/Holder;)I to md8ce68a$lambda$modernfix$fasterTagIngredientStacking$0$1 in modernfix-forge.mixins.json:perf.faster_ingredients.IngredientMixin
[12Aug2025 21:56:28.797] [main/DEBUG] [mixin/]: Mixing perf.smart_ingredient_sync.IngredientMixin from modernfix-forge.mixins.json into net.minecraft.world.item.crafting.Ingredient
[12Aug2025 21:56:28.803] [main/DEBUG] [mixin/]: Mixing IngredientAccessor from vampirism.mixins.json into net.minecraft.world.item.crafting.Ingredient
[12Aug2025 21:56:28.816] [main/DEBUG] [mixin/]: Mixing inject.MixinFoodPropertiesBuilder from architectury-common.mixins.json into net.minecraft.world.food.FoodProperties$Builder
[12Aug2025 21:56:28.818] [main/DEBUG] [net.minecraftforge.coremod.transformer.CoreModBaseTransformer/COREMOD]: Transforming net/minecraft/world/effect/MobEffectInstance
[12Aug2025 21:56:28.819] [main/DEBUG] [mixin/]: Mixing MixinMobEffectInstance from vampirism.mixins.json into net.minecraft.world.effect.MobEffectInstance
[12Aug2025 21:56:28.820] [main/DEBUG] [mixin/]: Mixing MobEffectInstanceAccessor from werewolves.mixins.json into net.minecraft.world.effect.MobEffectInstance
[12Aug2025 21:56:28.822] [main/WARN] [mixin/]: Method overwrite conflict for getHiddenEffect in werewolves.mixins.json:MobEffectInstanceAccessor, previously written by de.teamlapen.vampirism.mixin.MixinMobEffectInstance. Skipping method.
[12Aug2025 21:56:28.823] [main/DEBUG] [mixin/]: Unexpected: Registered method getHiddenEffect()Lnet/minecraft/world/effect/MobEffectInstance; in net.minecraft.world.effect.MobEffectInstance was not merged
[12Aug2025 21:56:28.851] [main/DEBUG] [net.minecraftforge.coremod.transformer.CoreModBaseTransformer/COREMOD]: Transforming net/minecraft/server/network/ServerGamePacketListenerImpl
[12Aug2025 21:56:28.867] [main/DEBUG] [mixin/]: Mixing bugfix.forge_vehicle_packets.ServerGamePacketListenerImplMixin from modernfix-forge.mixins.json into net.minecraft.server.network.ServerGamePacketListenerImpl
[12Aug2025 21:56:28.868] [main/DEBUG] [mixin/]: Mixing item.umbrella.server.ServerGamePacketListenerImplMixin from mixins.artifacts.common.json into net.minecraft.server.network.ServerGamePacketListenerImpl
[12Aug2025 21:56:28.868] [main/DEBUG] [mixin/]: Mixing MixinServerPlayNetworkHandler from forge-mca.mixin.json into net.minecraft.server.network.ServerGamePacketListenerImpl
[12Aug2025 21:56:28.868] [main/DEBUG] [mixin/]: Renaming synthetic method lambda$mca$runAsyncAnswerRequest$2(Lnet/minecraft/server/level/ServerPlayer;Lforge/net/mca/entity/VillagerEntityMCA;Ljava/lang/String;)V to md8ce68a$lambda$mca$runAsyncAnswerRequest$2$0 in forge-mca.mixin.json:MixinServerPlayNetworkHandler
[12Aug2025 21:56:28.868] [main/DEBUG] [mixin/]: Renaming synthetic method lambda$mca$runAsyncAnswerRequest$1(Lforge/net/mca/entity/VillagerEntityMCA;Lnet/minecraft/server/level/ServerPlayer;Ljava/lang/String;)V to md8ce68a$lambda$mca$runAsyncAnswerRequest$1$1 in forge-mca.mixin.json:MixinServerPlayNetworkHandler
[12Aug2025 21:56:28.868] [main/DEBUG] [mixin/]: Renaming synthetic method lambda$sendMessage$0(Ljava/lang/String;Lforge/net/mca/entity/VillagerEntityMCA;)V to md8ce68a$lambda$sendMessage$0$2 in forge-mca.mixin.json:MixinServerPlayNetworkHandler
[12Aug2025 21:56:28.873] [main/DEBUG] [mixin/]: Mixing swimming.server.ServerGamePacketListenerImplMixin from expandability-common.mixins.json into net.minecraft.server.network.ServerGamePacketListenerImpl
[12Aug2025 21:56:28.889] [main/DEBUG] [mixin/]: Mixing MixinPotionBrewing from vampirism.mixins.json into net.minecraft.world.item.alchemy.PotionBrewing
[12Aug2025 21:56:28.889] [main/DEBUG] [mixin/]: Renaming synthetic method lambda$shouldBlockBrewing_vampirism$0(Ljava/util/List;)Ljava/util/Optional; to md8ce68a$lambda$shouldBlockBrewing_vampirism$0$0 in vampirism.mixins.json:MixinPotionBrewing
[12Aug2025 21:56:28.967] [main/DEBUG] [mixin/]: Mixing ObjectiveCriteriaAccessor from werewolves.mixins.json into net.minecraft.world.scores.criteria.ObjectiveCriteria
[12Aug2025 21:56:28.967] [main/DEBUG] [mixin/]: Renaming @Invoker method registerCustom(Ljava/lang/String;)Lnet/minecraft/world/scores/criteria/ObjectiveCriteria; to registerCustom_$md$8ce68a$0 in werewolves.mixins.json:ObjectiveCriteriaAccessor
[12Aug2025 21:56:28.976] [main/DEBUG] [mixin/]: Mixing perf.dynamic_structure_manager.StructureManagerMixin from modernfix-common.mixins.json into net.minecraft.world.level.levelgen.structure.templatesystem.StructureTemplateManager
[12Aug2025 21:56:28.977] [main/DEBUG] [mixin/]: Mixing perf.cache_upgraded_structures.StructureManagerMixin from modernfix-common.mixins.json into net.minecraft.world.level.levelgen.structure.templatesystem.StructureTemplateManager
[12Aug2025 21:56:28.983] [main/DEBUG] [mixin/]: Mixing ChunkGeneratorMixin from citadel.mixins.json into net.minecraft.world.level.chunk.ChunkGenerator
[12Aug2025 21:56:29.006] [main/DEBUG] [mixin/]: Mixing MixinInventory from curios.mixins.json into net.minecraft.world.entity.player.Inventory
[12Aug2025 21:56:29.006] [main/DEBUG] [mixin/]: Mixing InventoryMixin from carryon.mixins.json into net.minecraft.world.entity.player.Inventory
[12Aug2025 21:56:29.007] [main/DEBUG] [mixin/]: Mixing MixinPlayerInventory from forge-mca.mixin.json into net.minecraft.world.entity.player.Inventory
[12Aug2025 21:56:29.007] [main/DEBUG] [mixin/]: Mixing MixinInventory from dragonsurvival.mixins.json into net.minecraft.world.entity.player.Inventory
[12Aug2025 21:56:29.019] [main/DEBUG] [mixin/]: Mixing SlotAccessor from balm.mixins.json into net.minecraft.world.inventory.Slot
[12Aug2025 21:56:29.035] [main/DEBUG] [mixin/]: Mixing ShapedRecipeAccessor from vampirism.mixins.json into net.minecraft.world.item.crafting.ShapedRecipe
[12Aug2025 21:56:29.105] [main/DEBUG] [mixin/]: Mixing EnchantRandomlyFunctionMixin from alexscaves.mixins.json into net.minecraft.world.level.storage.loot.functions.EnchantRandomlyFunction
[12Aug2025 21:56:29.106] [main/DEBUG] [mixin/]: Renaming synthetic method lambda$ac_enchantItem$0(ZLnet/minecraft/world/item/ItemStack;Lnet/minecraft/world/item/enchantment/Enchantment;)Z to md8ce68a$lambda$ac_enchantItem$0$0 in alexscaves.mixins.json:EnchantRandomlyFunctionMixin
[12Aug2025 21:56:29.121] [main/DEBUG] [mixin/]: Mixing MixinApplyBonusCount from curios.mixins.json into net.minecraft.world.level.storage.loot.functions.ApplyBonusCount
[12Aug2025 21:56:29.207] [main/DEBUG] [mixin/]: Mixing MultifaceGrowthFeatureMixin from alexscaves.mixins.json into net.minecraft.world.level.levelgen.feature.MultifaceGrowthFeature
[12Aug2025 21:56:29.212] [main/DEBUG] [mixin/]: Mixing gen.NoLakesInStructuresMixin from iceandfire.mixins.json into net.minecraft.world.level.levelgen.feature.LakeFeature
[12Aug2025 21:56:29.216] [main/DEBUG] [mixin/]: Mixing SeagrassFeatureMixin from alexscaves.mixins.json into net.minecraft.world.level.levelgen.feature.SeagrassFeature
[12Aug2025 21:56:29.217] [main/DEBUG] [mixin/]: Mixing KelpFeatureMixin from alexscaves.mixins.json into net.minecraft.world.level.levelgen.feature.KelpFeature
[12Aug2025 21:56:29.219] [main/DEBUG] [mixin/]: Mixing CoralFeatureMixin from alexscaves.mixins.json into net.minecraft.world.level.levelgen.feature.CoralFeature
[12Aug2025 21:56:29.315] [main/DEBUG] [net.minecraftforge.coremod.transformer.CoreModBaseTransformer/COREMOD]: Transforming net/minecraft/world/level/levelgen/structure/Structure
[12Aug2025 21:56:29.348] [main/DEBUG] [net.minecraftforge.coremod.transformer.CoreModBaseTransformer/COREMOD]: Transforming net/minecraft/world/level/levelgen/structure/structures/OceanRuinPieces$OceanRuinPiece
[12Aug2025 21:56:29.366] [main/DEBUG] [net.minecraftforge.coremod.transformer.CoreModBaseTransformer/COREMOD]: Transforming net/minecraft/world/level/levelgen/structure/structures/SwampHutPiece
[12Aug2025 21:56:29.380] [main/DEBUG] [mixin/]: Mixing SwampHutPieceMixin from alexscaves.mixins.json into net.minecraft.world.level.levelgen.structure.structures.SwampHutPiece
[12Aug2025 21:56:29.383] [main/WARN] [mixin/]: Mixin alexscaves.mixins.json:SwampHutPieceMixin has multiple constructors, (Lnet/minecraft/world/level/levelgen/structure/pieces/StructurePieceType;IIIIIILnet/minecraft/core/Direction;)V was selected

[12Aug2025 21:56:29.387] [main/DEBUG] [net.minecraftforge.coremod.transformer.CoreModBaseTransformer/COREMOD]: Transforming net/minecraft/world/level/levelgen/structure/structures/OceanMonumentPieces$OceanMonumentPiece
[12Aug2025 21:56:29.411] [main/DEBUG] [net.minecraftforge.coremod.transformer.CoreModBaseTransformer/COREMOD]: Transforming net/minecraft/world/level/levelgen/structure/structures/WoodlandMansionPieces$WoodlandMansionPiece
[12Aug2025 21:56:29.442] [main/DEBUG] [mixin/]: Mixing JigsawStructureMixin from alexscaves.mixins.json into net.minecraft.world.level.levelgen.structure.structures.JigsawStructure
[12Aug2025 21:56:29.442] [main/DEBUG] [net.minecraftforge.coremod.transformer.CoreModBaseTransformer/COREMOD]: Transforming net/minecraft/world/level/levelgen/structure/Structure
[12Aug2025 21:56:29.446] [main/DEBUG] [mixin/]: Mixing StructureTemplatePoolAccessor from waystones.mixins.json into net.minecraft.world.level.levelgen.structure.pools.StructureTemplatePool
[12Aug2025 21:56:29.458] [main/DEBUG] [mixin/]: Mixing OceanMonumentStructureMixin from alexscaves.mixins.json into net.minecraft.world.level.levelgen.structure.structures.OceanMonumentStructure
[12Aug2025 21:56:29.465] [main/DEBUG] [mixin/]: Mixing ShipwreckStructureMixin from alexscaves.mixins.json into net.minecraft.world.level.levelgen.structure.structures.ShipwreckStructure
[12Aug2025 21:56:29.516] [main/DEBUG] [mixin/]: Mixing BiomeSourceMixin from alexscaves.mixins.json into net.minecraft.world.level.biome.BiomeSource
[12Aug2025 21:56:29.520] [main/DEBUG] [net.minecraftforge.coremod.transformer.CoreModBaseTransformer/COREMOD]: Transforming net/minecraft/world/level/biome/Biome
[12Aug2025 21:56:29.520] [main/DEBUG] [mixin/]: Mixing perf.remove_biome_temperature_cache.BiomeMixin from modernfix-common.mixins.json into net.minecraft.world.level.biome.Biome
[12Aug2025 21:56:29.548] [main/DEBUG] [mixin/]: Mixing MultiNoiseBiomeSourceMixin from alexscaves.mixins.json into net.minecraft.world.level.biome.MultiNoiseBiomeSource
[12Aug2025 21:56:29.558] [main/DEBUG] [mixin/]: Mixing MultiNoiseBiomeSourceParameterListPresetAccessor from vampirism.mixins.json into net.minecraft.world.level.biome.MultiNoiseBiomeSourceParameterList$Preset
[12Aug2025 21:56:29.569] [main/DEBUG] [mixin/]: Mixing NoiseGeneratorSettingsMixin from citadel.mixins.json into net.minecraft.world.level.levelgen.NoiseGeneratorSettings
[12Aug2025 21:56:29.570] [main/DEBUG] [mixin/]: Mixing NoiseGeneratorSettingsMixin from vampirism.mixins.json into net.minecraft.world.level.levelgen.NoiseGeneratorSettings
[12Aug2025 21:56:29.636] [main/DEBUG] [mixin/]: Mixing SinglePoolElementMixin from waystones.mixins.json into net.minecraft.world.level.levelgen.structure.pools.SinglePoolElement
[12Aug2025 21:56:29.636] [main/DEBUG] [mixin/]: Renaming synthetic method lambda$waystones$isWaystone$1(Lnet/minecraft/world/level/levelgen/structure/templatesystem/StructureTemplate;)V to md8ce68a$lambda$waystones$isWaystone$1$0 in waystones.mixins.json:SinglePoolElementMixin
[12Aug2025 21:56:29.637] [main/DEBUG] [mixin/]: Renaming synthetic method lambda$waystones$isWaystone$0(Lnet/minecraft/resources/ResourceLocation;)V to md8ce68a$lambda$waystones$isWaystone$0$1 in waystones.mixins.json:SinglePoolElementMixin
[12Aug2025 21:56:29.639] [main/DEBUG] [net.minecraftforge.coremod.transformer.CoreModBaseTransformer/COREMOD]: Transforming net/minecraft/world/level/levelgen/structure/templatesystem/StructureTemplate
[12Aug2025 21:56:29.790] [main/DEBUG] [net.minecraftforge.common.ForgeI18n/CORE]: Loading I18N data entries: 6430
[12Aug2025 21:56:29.803] [main/DEBUG] [net.minecraftforge.fml.ModWorkManager/LOADING]: Using 4 threads for parallel mod-loading
[12Aug2025 21:56:29.808] [main/DEBUG] [net.minecraftforge.fml.javafmlmod.FMLJavaModLanguageProvider/LOADING]: Loading FMLModContainer from classloader cpw.mods.modlauncher.TransformingClassLoader@4ef5dd23 - got cpw.mods.cl.ModuleClassLoader@4b2a30d
[12Aug2025 21:56:29.808] [main/DEBUG] [net.minecraftforge.fml.javafmlmod.FMLModContainer/LOADING]: Creating FMLModContainer instance for com.bobmowzie.mowziesmobs.MowziesMobs
[12Aug2025 21:56:29.810] [main/DEBUG] [net.minecraftforge.fml.javafmlmod.FMLJavaModLanguageProvider/LOADING]: Loading FMLModContainer from classloader cpw.mods.modlauncher.TransformingClassLoader@4ef5dd23 - got cpw.mods.cl.ModuleClassLoader@4b2a30d
[12Aug2025 21:56:29.810] [main/DEBUG] [net.minecraftforge.fml.javafmlmod.FMLModContainer/LOADING]: Creating FMLModContainer instance for net.blay09.mods.kuma.forge.ForgeKumaAPI
[12Aug2025 21:56:29.810] [main/DEBUG] [net.minecraftforge.fml.javafmlmod.FMLJavaModLanguageProvider/LOADING]: Loading FMLModContainer from classloader cpw.mods.modlauncher.TransformingClassLoader@4ef5dd23 - got cpw.mods.cl.ModuleClassLoader@4b2a30d
[12Aug2025 21:56:29.810] [main/DEBUG] [net.minecraftforge.fml.javafmlmod.FMLModContainer/LOADING]: Creating FMLModContainer instance for it.hurts.sskirillss.raccompat.RACCompat
[12Aug2025 21:56:29.811] [main/DEBUG] [net.minecraftforge.fml.javafmlmod.FMLJavaModLanguageProvider/LOADING]: Loading FMLModContainer from classloader cpw.mods.modlauncher.TransformingClassLoader@4ef5dd23 - got cpw.mods.cl.ModuleClassLoader@4b2a30d
[12Aug2025 21:56:29.811] [main/DEBUG] [net.minecraftforge.fml.javafmlmod.FMLModContainer/LOADING]: Creating FMLModContainer instance for me.frankv.jmi.JMIForge
[12Aug2025 21:56:29.811] [main/DEBUG] [net.minecraftforge.fml.javafmlmod.FMLJavaModLanguageProvider/LOADING]: Loading FMLModContainer from classloader cpw.mods.modlauncher.TransformingClassLoader@4ef5dd23 - got cpw.mods.cl.ModuleClassLoader@4b2a30d
[12Aug2025 21:56:29.811] [main/DEBUG] [net.minecraftforge.fml.javafmlmod.FMLModContainer/LOADING]: Creating FMLModContainer instance for com.alrexu.parcool.compat.ParCoolCompatAddon
[12Aug2025 21:56:29.812] [main/DEBUG] [net.minecraftforge.fml.javafmlmod.FMLJavaModLanguageProvider/LOADING]: Loading FMLModContainer from classloader cpw.mods.modlauncher.TransformingClassLoader@4ef5dd23 - got cpw.mods.cl.ModuleClassLoader@4b2a30d
[12Aug2025 21:56:29.812] [main/DEBUG] [net.minecraftforge.fml.javafmlmod.FMLModContainer/LOADING]: Creating FMLModContainer instance for software.bernie.example.GeckoLibMod
[12Aug2025 21:56:29.812] [main/DEBUG] [net.minecraftforge.fml.javafmlmod.FMLJavaModLanguageProvider/LOADING]: Loading FMLModContainer from classloader cpw.mods.modlauncher.TransformingClassLoader@4ef5dd23 - got cpw.mods.cl.ModuleClassLoader@4b2a30d
[12Aug2025 21:56:29.812] [main/DEBUG] [net.minecraftforge.fml.javafmlmod.FMLModContainer/LOADING]: Creating FMLModContainer instance for mezz.jei.forge.JustEnoughItems
[12Aug2025 21:56:29.813] [main/DEBUG] [net.minecraftforge.fml.javafmlmod.FMLJavaModLanguageProvider/LOADING]: Loading FMLModContainer from classloader cpw.mods.modlauncher.TransformingClassLoader@4ef5dd23 - got cpw.mods.cl.ModuleClassLoader@4b2a30d
[12Aug2025 21:56:29.813] [main/DEBUG] [net.minecraftforge.fml.javafmlmod.FMLModContainer/LOADING]: Creating FMLModContainer instance for com.wuest.prefab.Prefab
[12Aug2025 21:56:29.814] [main/DEBUG] [net.minecraftforge.fml.javafmlmod.FMLJavaModLanguageProvider/LOADING]: Loading FMLModContainer from classloader cpw.mods.modlauncher.TransformingClassLoader@4ef5dd23 - got cpw.mods.cl.ModuleClassLoader@4b2a30d
[12Aug2025 21:56:29.814] [main/DEBUG] [net.minecraftforge.fml.javafmlmod.FMLModContainer/LOADING]: Creating FMLModContainer instance for net.blay09.mods.waystones.ForgeWaystones
[12Aug2025 21:56:29.814] [main/DEBUG] [net.minecraftforge.fml.javafmlmod.FMLJavaModLanguageProvider/LOADING]: Loading FMLModContainer from classloader cpw.mods.modlauncher.TransformingClassLoader@4ef5dd23 - got cpw.mods.cl.ModuleClassLoader@4b2a30d
[12Aug2025 21:56:29.814] [main/DEBUG] [net.minecraftforge.fml.javafmlmod.FMLModContainer/LOADING]: Creating FMLModContainer instance for journeymap.common.Journeymap
[12Aug2025 21:56:29.815] [main/DEBUG] [net.minecraftforge.fml.javafmlmod.FMLJavaModLanguageProvider/LOADING]: Loading FMLModContainer from classloader cpw.mods.modlauncher.TransformingClassLoader@4ef5dd23 - got cpw.mods.cl.ModuleClassLoader@4b2a30d
[12Aug2025 21:56:29.815] [main/DEBUG] [net.minecraftforge.fml.javafmlmod.FMLModContainer/LOADING]: Creating FMLModContainer instance for org.embeddedt.modernfix.forge.init.ModernFixForge
[12Aug2025 21:56:29.816] [main/DEBUG] [net.minecraftforge.fml.javafmlmod.FMLJavaModLanguageProvider/LOADING]: Loading FMLModContainer from classloader cpw.mods.modlauncher.TransformingClassLoader@4ef5dd23 - got cpw.mods.cl.ModuleClassLoader@4b2a30d
[12Aug2025 21:56:29.816] [main/DEBUG] [net.minecraftforge.fml.javafmlmod.FMLModContainer/LOADING]: Creating FMLModContainer instance for com.github.alexthe666.citadel.Citadel
[12Aug2025 21:56:29.817] [main/DEBUG] [net.minecraftforge.fml.javafmlmod.FMLJavaModLanguageProvider/LOADING]: Loading FMLModContainer from classloader cpw.mods.modlauncher.TransformingClassLoader@4ef5dd23 - got cpw.mods.cl.ModuleClassLoader@4b2a30d
[12Aug2025 21:56:29.817] [main/DEBUG] [net.minecraftforge.fml.javafmlmod.FMLModContainer/LOADING]: Creating FMLModContainer instance for com.github.alexthe666.alexsmobs.AlexsMobs
[12Aug2025 21:56:29.818] [main/DEBUG] [net.minecraftforge.fml.javafmlmod.FMLJavaModLanguageProvider/LOADING]: Loading FMLModContainer from classloader cpw.mods.modlauncher.TransformingClassLoader@4ef5dd23 - got cpw.mods.cl.ModuleClassLoader@4b2a30d
[12Aug2025 21:56:29.818] [main/DEBUG] [net.minecraftforge.fml.javafmlmod.FMLModContainer/LOADING]: Creating FMLModContainer instance for com.tiviacz.travelersbackpack.TravelersBackpack
[12Aug2025 21:56:29.818] [main/DEBUG] [net.minecraftforge.fml.javafmlmod.FMLJavaModLanguageProvider/LOADING]: Loading FMLModContainer from classloader cpw.mods.modlauncher.TransformingClassLoader@4ef5dd23 - got cpw.mods.cl.ModuleClassLoader@4b2a30d
[12Aug2025 21:56:29.818] [main/DEBUG] [net.minecraftforge.fml.javafmlmod.FMLModContainer/LOADING]: Creating FMLModContainer instance for artifacts.forge.ArtifactsForge
[12Aug2025 21:56:29.819] [main/DEBUG] [net.minecraftforge.fml.javafmlmod.FMLJavaModLanguageProvider/LOADING]: Loading FMLModContainer from classloader cpw.mods.modlauncher.TransformingClassLoader@4ef5dd23 - got cpw.mods.cl.ModuleClassLoader@4b2a30d
[12Aug2025 21:56:29.819] [main/DEBUG] [net.minecraftforge.fml.javafmlmod.FMLModContainer/LOADING]: Creating FMLModContainer instance for com.llamalad7.mixinextras.platform.forge.MixinExtrasMod
[12Aug2025 21:56:29.820] [main/DEBUG] [net.minecraftforge.fml.javafmlmod.FMLJavaModLanguageProvider/LOADING]: Loading FMLModContainer from classloader cpw.mods.modlauncher.TransformingClassLoader@4ef5dd23 - got cpw.mods.cl.ModuleClassLoader@4b2a30d
[12Aug2025 21:56:29.820] [main/DEBUG] [net.minecraftforge.fml.javafmlmod.FMLModContainer/LOADING]: Creating FMLModContainer instance for com.focamacho.myserveriscompatible.MyServerIsCompatible
[12Aug2025 21:56:29.820] [main/DEBUG] [net.minecraftforge.fml.javafmlmod.FMLJavaModLanguageProvider/LOADING]: Loading FMLModContainer from classloader cpw.mods.modlauncher.TransformingClassLoader@4ef5dd23 - got cpw.mods.cl.ModuleClassLoader@4b2a30d
[12Aug2025 21:56:29.820] [main/DEBUG] [net.minecraftforge.fml.javafmlmod.FMLModContainer/LOADING]: Creating FMLModContainer instance for com.doctor.vampiricageing.VampiricAgeing
[12Aug2025 21:56:29.821] [main/DEBUG] [net.minecraftforge.fml.javafmlmod.FMLJavaModLanguageProvider/LOADING]: Loading FMLModContainer from classloader cpw.mods.modlauncher.TransformingClassLoader@4ef5dd23 - got cpw.mods.cl.ModuleClassLoader@4b2a30d
[12Aug2025 21:56:29.821] [main/DEBUG] [net.minecraftforge.fml.javafmlmod.FMLModContainer/LOADING]: Creating FMLModContainer instance for de.maxanier.guideapi.GuideMod
[12Aug2025 21:56:29.821] [main/DEBUG] [net.minecraftforge.fml.javafmlmod.FMLJavaModLanguageProvider/LOADING]: Loading FMLModContainer from classloader cpw.mods.modlauncher.TransformingClassLoader@4ef5dd23 - got cpw.mods.cl.ModuleClassLoader@4b2a30d
[12Aug2025 21:56:29.821] [main/DEBUG] [net.minecraftforge.fml.javafmlmod.FMLModContainer/LOADING]: Creating FMLModContainer instance for it.hurts.sskirillss.relics.Relics
[12Aug2025 21:56:29.822] [main/DEBUG] [net.minecraftforge.fml.javafmlmod.FMLJavaModLanguageProvider/LOADING]: Loading FMLModContainer from classloader cpw.mods.modlauncher.TransformingClassLoader@4ef5dd23 - got cpw.mods.cl.ModuleClassLoader@4b2a30d
[12Aug2025 21:56:29.822] [main/DEBUG] [net.minecraftforge.fml.javafmlmod.FMLModContainer/LOADING]: Creating FMLModContainer instance for com.github.alexthe666.iceandfire.IceAndFire
[12Aug2025 21:56:29.823] [main/DEBUG] [net.minecraftforge.fml.javafmlmod.FMLJavaModLanguageProvider/LOADING]: Loading FMLModContainer from classloader cpw.mods.modlauncher.TransformingClassLoader@4ef5dd23 - got cpw.mods.cl.ModuleClassLoader@4b2a30d
[12Aug2025 21:56:29.823] [main/DEBUG] [net.minecraftforge.fml.javafmlmod.FMLModContainer/LOADING]: Creating FMLModContainer instance for net.blay09.mods.balm.forge.ForgeBalm
[12Aug2025 21:56:29.823] [main/DEBUG] [net.minecraftforge.fml.javafmlmod.FMLJavaModLanguageProvider/LOADING]: Loading FMLModContainer from classloader cpw.mods.modlauncher.TransformingClassLoader@4ef5dd23 - got cpw.mods.cl.ModuleClassLoader@4b2a30d
[12Aug2025 21:56:29.823] [main/DEBUG] [net.minecraftforge.fml.javafmlmod.FMLModContainer/LOADING]: Creating FMLModContainer instance for it.hurts.sskirillss.ramcompat.RAMCompat
[12Aug2025 21:56:29.824] [main/DEBUG] [net.minecraftforge.fml.javafmlmod.FMLJavaModLanguageProvider/LOADING]: Loading FMLModContainer from classloader cpw.mods.modlauncher.TransformingClassLoader@4ef5dd23 - got cpw.mods.cl.ModuleClassLoader@4b2a30d
[12Aug2025 21:56:29.824] [main/DEBUG] [net.minecraftforge.fml.javafmlmod.FMLModContainer/LOADING]: Creating FMLModContainer instance for tschipp.carryon.CarryOnForge
[12Aug2025 21:56:29.824] [main/DEBUG] [net.minecraftforge.fml.javafmlmod.FMLJavaModLanguageProvider/LOADING]: Loading FMLModContainer from classloader cpw.mods.modlauncher.TransformingClassLoader@4ef5dd23 - got cpw.mods.cl.ModuleClassLoader@4b2a30d
[12Aug2025 21:56:29.824] [main/DEBUG] [net.minecraftforge.fml.javafmlmod.FMLModContainer/LOADING]: Creating FMLModContainer instance for me.shedaniel.clothconfig.ClothConfigForge
[12Aug2025 21:56:29.824] [main/DEBUG] [net.minecraftforge.fml.javafmlmod.FMLJavaModLanguageProvider/LOADING]: Loading FMLModContainer from classloader cpw.mods.modlauncher.TransformingClassLoader@4ef5dd23 - got cpw.mods.cl.ModuleClassLoader@4b2a30d
[12Aug2025 21:56:29.825] [main/DEBUG] [net.minecraftforge.fml.javafmlmod.FMLModContainer/LOADING]: Creating FMLModContainer instance for net.minecraftforge.common.ForgeMod
[12Aug2025 21:56:29.881] [main/DEBUG] [net.minecraftforge.fml.javafmlmod.FMLJavaModLanguageProvider/LOADING]: Loading FMLModContainer from classloader cpw.mods.modlauncher.TransformingClassLoader@4ef5dd23 - got cpw.mods.cl.ModuleClassLoader@4b2a30d
[12Aug2025 21:56:29.882] [main/DEBUG] [net.minecraftforge.fml.javafmlmod.FMLModContainer/LOADING]: Creating FMLModContainer instance for net.aurelj.dungeons_arise.DungeonsAriseMain
[12Aug2025 21:56:29.883] [main/DEBUG] [net.minecraftforge.fml.javafmlmod.FMLJavaModLanguageProvider/LOADING]: Loading FMLModContainer from classloader cpw.mods.modlauncher.TransformingClassLoader@4ef5dd23 - got cpw.mods.cl.ModuleClassLoader@4b2a30d
[12Aug2025 21:56:29.884] [main/DEBUG] [net.minecraftforge.fml.javafmlmod.FMLModContainer/LOADING]: Creating FMLModContainer instance for com.iafenvoy.iafpatcher.IceAndFirePatcher
[12Aug2025 21:56:29.885] [main/DEBUG] [net.minecraftforge.fml.javafmlmod.FMLJavaModLanguageProvider/LOADING]: Loading FMLModContainer from classloader cpw.mods.modlauncher.TransformingClassLoader@4ef5dd23 - got cpw.mods.cl.ModuleClassLoader@4b2a30d
[12Aug2025 21:56:29.885] [main/DEBUG] [net.minecraftforge.fml.javafmlmod.FMLModContainer/LOADING]: Creating FMLModContainer instance for com.github.alexmodguy.alexscaves.AlexsCaves
[12Aug2025 21:56:29.886] [main/DEBUG] [net.minecraftforge.fml.javafmlmod.FMLJavaModLanguageProvider/LOADING]: Loading FMLModContainer from classloader cpw.mods.modlauncher.TransformingClassLoader@4ef5dd23 - got cpw.mods.cl.ModuleClassLoader@4b2a30d
[12Aug2025 21:56:29.886] [main/DEBUG] [net.minecraftforge.fml.javafmlmod.FMLModContainer/LOADING]: Creating FMLModContainer instance for net.mcreator.aerlunerpg.AerlunerpgMod
[12Aug2025 21:56:29.886] [main/DEBUG] [net.minecraftforge.fml.javafmlmod.FMLJavaModLanguageProvider/LOADING]: Loading FMLModContainer from classloader cpw.mods.modlauncher.TransformingClassLoader@4ef5dd23 - got cpw.mods.cl.ModuleClassLoader@4b2a30d
[12Aug2025 21:56:29.886] [main/DEBUG] [net.minecraftforge.fml.javafmlmod.FMLModContainer/LOADING]: Creating FMLModContainer instance for snownee.jade.util.CommonProxy
[12Aug2025 21:56:29.888] [main/DEBUG] [net.minecraftforge.fml.javafmlmod.FMLJavaModLanguageProvider/LOADING]: Loading FMLModContainer from classloader cpw.mods.modlauncher.TransformingClassLoader@4ef5dd23 - got cpw.mods.cl.ModuleClassLoader@4b2a30d
[12Aug2025 21:56:29.888] [main/DEBUG] [net.minecraftforge.fml.javafmlmod.FMLModContainer/LOADING]: Creating FMLModContainer instance for com.github.L_Ender.lionfishapi.LionfishAPI
[12Aug2025 21:56:29.889] [main/DEBUG] [net.minecraftforge.fml.javafmlmod.FMLJavaModLanguageProvider/LOADING]: Loading FMLModContainer from classloader cpw.mods.modlauncher.TransformingClassLoader@4ef5dd23 - got cpw.mods.cl.ModuleClassLoader@4b2a30d
[12Aug2025 21:56:29.889] [main/DEBUG] [net.minecraftforge.fml.javafmlmod.FMLModContainer/LOADING]: Creating FMLModContainer instance for net.mcreator.world.WorldMod
[12Aug2025 21:56:29.889] [main/DEBUG] [net.minecraftforge.fml.javafmlmod.FMLJavaModLanguageProvider/LOADING]: Loading FMLModContainer from classloader cpw.mods.modlauncher.TransformingClassLoader@4ef5dd23 - got cpw.mods.cl.ModuleClassLoader@4b2a30d
[12Aug2025 21:56:29.889] [main/DEBUG] [net.minecraftforge.fml.javafmlmod.FMLModContainer/LOADING]: Creating FMLModContainer instance for me.lucko.spark.forge.ForgeSparkMod
[12Aug2025 21:56:29.890] [main/DEBUG] [net.minecraftforge.fml.javafmlmod.FMLJavaModLanguageProvider/LOADING]: Loading FMLModContainer from classloader cpw.mods.modlauncher.TransformingClassLoader@4ef5dd23 - got cpw.mods.cl.ModuleClassLoader@4b2a30d
[12Aug2025 21:56:29.890] [main/DEBUG] [net.minecraftforge.fml.javafmlmod.FMLModContainer/LOADING]: Creating FMLModContainer instance for net.mcreator.rogcontinued.RogcontinuedMod
[12Aug2025 21:56:29.890] [main/DEBUG] [net.minecraftforge.fml.javafmlmod.FMLJavaModLanguageProvider/LOADING]: Loading FMLModContainer from classloader cpw.mods.modlauncher.TransformingClassLoader@4ef5dd23 - got cpw.mods.cl.ModuleClassLoader@4b2a30d
[12Aug2025 21:56:29.890] [main/DEBUG] [net.minecraftforge.fml.javafmlmod.FMLModContainer/LOADING]: Creating FMLModContainer instance for com.snowshock35.jeiintegration.JEIIntegration
[12Aug2025 21:56:29.891] [main/DEBUG] [net.minecraftforge.fml.javafmlmod.FMLJavaModLanguageProvider/LOADING]: Loading FMLModContainer from classloader cpw.mods.modlauncher.TransformingClassLoader@4ef5dd23 - got cpw.mods.cl.ModuleClassLoader@4b2a30d
[12Aug2025 21:56:29.891] [main/DEBUG] [net.minecraftforge.fml.javafmlmod.FMLModContainer/LOADING]: Creating FMLModContainer instance for de.cheaterpaul.enchantmentmachine.EnchantmentMachineMod
[12Aug2025 21:56:29.891] [main/DEBUG] [net.minecraftforge.fml.javafmlmod.FMLJavaModLanguageProvider/LOADING]: Loading FMLModContainer from classloader cpw.mods.modlauncher.TransformingClassLoader@4ef5dd23 - got cpw.mods.cl.ModuleClassLoader@4b2a30d
[12Aug2025 21:56:29.891] [main/DEBUG] [net.minecraftforge.fml.javafmlmod.FMLModContainer/LOADING]: Creating FMLModContainer instance for top.theillusivec4.curios.Curios
[12Aug2025 21:56:29.892] [main/DEBUG] [net.minecraftforge.fml.javafmlmod.FMLJavaModLanguageProvider/LOADING]: Loading FMLModContainer from classloader cpw.mods.modlauncher.TransformingClassLoader@4ef5dd23 - got cpw.mods.cl.ModuleClassLoader@4b2a30d
[12Aug2025 21:56:29.892] [main/DEBUG] [net.minecraftforge.fml.javafmlmod.FMLModContainer/LOADING]: Creating FMLModContainer instance for de.maxhenkel.gravestone.Main
[12Aug2025 21:56:29.893] [main/DEBUG] [net.minecraftforge.fml.javafmlmod.FMLJavaModLanguageProvider/LOADING]: Loading FMLModContainer from classloader cpw.mods.modlauncher.TransformingClassLoader@4ef5dd23 - got cpw.mods.cl.ModuleClassLoader@4b2a30d
[12Aug2025 21:56:29.893] [main/DEBUG] [net.minecraftforge.fml.javafmlmod.FMLModContainer/LOADING]: Creating FMLModContainer instance for com.alrex.parcool.ParCool
[12Aug2025 21:56:29.894] [main/DEBUG] [net.minecraftforge.fml.javafmlmod.FMLJavaModLanguageProvider/LOADING]: Loading FMLModContainer from classloader cpw.mods.modlauncher.TransformingClassLoader@4ef5dd23 - got cpw.mods.cl.ModuleClassLoader@4b2a30d
[12Aug2025 21:56:29.894] [main/DEBUG] [net.minecraftforge.fml.javafmlmod.FMLModContainer/LOADING]: Creating FMLModContainer instance for dev.ftb.mods.ftbultimine.forge.FTBUltimineForge
[12Aug2025 21:56:29.894] [main/DEBUG] [net.minecraftforge.fml.javafmlmod.FMLJavaModLanguageProvider/LOADING]: Loading FMLModContainer from classloader cpw.mods.modlauncher.TransformingClassLoader@4ef5dd23 - got cpw.mods.cl.ModuleClassLoader@4b2a30d
[12Aug2025 21:56:29.894] [main/DEBUG] [net.minecraftforge.fml.javafmlmod.FMLModContainer/LOADING]: Creating FMLModContainer instance for com.sk89q.worldedit.forge.ForgeWorldEdit
[12Aug2025 21:56:29.895] [main/DEBUG] [net.minecraftforge.fml.javafmlmod.FMLJavaModLanguageProvider/LOADING]: Loading FMLModContainer from classloader cpw.mods.modlauncher.TransformingClassLoader@4ef5dd23 - got cpw.mods.cl.ModuleClassLoader@4b2a30d
[12Aug2025 21:56:29.895] [main/DEBUG] [net.minecraftforge.fml.javafmlmod.FMLModContainer/LOADING]: Creating FMLModContainer instance for dev.architectury.forge.ArchitecturyForge
[12Aug2025 21:56:29.895] [main/DEBUG] [net.minecraftforge.fml.javafmlmod.FMLJavaModLanguageProvider/LOADING]: Loading FMLModContainer from classloader cpw.mods.modlauncher.TransformingClassLoader@4ef5dd23 - got cpw.mods.cl.ModuleClassLoader@4b2a30d
[12Aug2025 21:56:29.896] [main/DEBUG] [net.minecraftforge.fml.javafmlmod.FMLModContainer/LOADING]: Creating FMLModContainer instance for dev.ftb.mods.ftblibrary.forge.FTBLibraryForge
[12Aug2025 21:56:29.896] [main/DEBUG] [net.minecraftforge.fml.javafmlmod.FMLJavaModLanguageProvider/LOADING]: Loading FMLModContainer from classloader cpw.mods.modlauncher.TransformingClassLoader@4ef5dd23 - got cpw.mods.cl.ModuleClassLoader@4b2a30d
[12Aug2025 21:56:29.896] [main/DEBUG] [net.minecraftforge.fml.javafmlmod.FMLModContainer/LOADING]: Creating FMLModContainer instance for forge.net.mca.forge.MCAForge
[12Aug2025 21:56:29.896] [main/DEBUG] [net.minecraftforge.fml.javafmlmod.FMLJavaModLanguageProvider/LOADING]: Loading FMLModContainer from classloader cpw.mods.modlauncher.TransformingClassLoader@4ef5dd23 - got cpw.mods.cl.ModuleClassLoader@4b2a30d
[12Aug2025 21:56:29.896] [main/DEBUG] [net.minecraftforge.fml.javafmlmod.FMLModContainer/LOADING]: Creating FMLModContainer instance for it.hurts.octostudios.octolib.forge.OctoLibForge
[12Aug2025 21:56:29.897] [main/DEBUG] [net.minecraftforge.fml.javafmlmod.FMLJavaModLanguageProvider/LOADING]: Loading FMLModContainer from classloader cpw.mods.modlauncher.TransformingClassLoader@4ef5dd23 - got cpw.mods.cl.ModuleClassLoader@4b2a30d
[12Aug2025 21:56:29.897] [main/DEBUG] [net.minecraftforge.fml.javafmlmod.FMLModContainer/LOADING]: Creating FMLModContainer instance for de.teamlapen.vampirism.VampirismMod
[12Aug2025 21:56:29.898] [main/DEBUG] [net.minecraftforge.fml.javafmlmod.FMLJavaModLanguageProvider/LOADING]: Loading FMLModContainer from classloader cpw.mods.modlauncher.TransformingClassLoader@4ef5dd23 - got cpw.mods.cl.ModuleClassLoader@4b2a30d
[12Aug2025 21:56:29.898] [main/DEBUG] [net.minecraftforge.fml.javafmlmod.FMLModContainer/LOADING]: Creating FMLModContainer instance for de.teamlapen.lib.VampLib
[12Aug2025 21:56:29.898] [main/DEBUG] [net.minecraftforge.fml.javafmlmod.FMLJavaModLanguageProvider/LOADING]: Loading FMLModContainer from classloader cpw.mods.modlauncher.TransformingClassLoader@4ef5dd23 - got cpw.mods.cl.ModuleClassLoader@4b2a30d
[12Aug2025 21:56:29.899] [main/DEBUG] [net.minecraftforge.fml.javafmlmod.FMLModContainer/LOADING]: Creating FMLModContainer instance for de.teamlapen.vampirism_integrations.VampirismIntegrationsMod
[12Aug2025 21:56:29.899] [main/DEBUG] [net.minecraftforge.fml.javafmlmod.FMLJavaModLanguageProvider/LOADING]: Loading FMLModContainer from classloader cpw.mods.modlauncher.TransformingClassLoader@4ef5dd23 - got cpw.mods.cl.ModuleClassLoader@4b2a30d
[12Aug2025 21:56:29.899] [main/DEBUG] [net.minecraftforge.fml.javafmlmod.FMLModContainer/LOADING]: Creating FMLModContainer instance for de.teamlapen.werewolves.WerewolvesMod
[12Aug2025 21:56:29.900] [main/DEBUG] [net.minecraftforge.fml.javafmlmod.FMLJavaModLanguageProvider/LOADING]: Loading FMLModContainer from classloader cpw.mods.modlauncher.TransformingClassLoader@4ef5dd23 - got cpw.mods.cl.ModuleClassLoader@4b2a30d
[12Aug2025 21:56:29.900] [main/DEBUG] [net.minecraftforge.fml.javafmlmod.FMLModContainer/LOADING]: Creating FMLModContainer instance for de.teamlapen.godlyvampirism.GodlyVampirismMod
[12Aug2025 21:56:29.901] [main/DEBUG] [net.minecraftforge.fml.javafmlmod.FMLJavaModLanguageProvider/LOADING]: Loading FMLModContainer from classloader cpw.mods.modlauncher.TransformingClassLoader@4ef5dd23 - got cpw.mods.cl.ModuleClassLoader@4b2a30d
[12Aug2025 21:56:29.901] [main/DEBUG] [net.minecraftforge.fml.javafmlmod.FMLModContainer/LOADING]: Creating FMLModContainer instance for malte0811.ferritecore.ModMainForge
[12Aug2025 21:56:29.901] [main/DEBUG] [net.minecraftforge.fml.javafmlmod.FMLJavaModLanguageProvider/LOADING]: Loading FMLModContainer from classloader cpw.mods.modlauncher.TransformingClassLoader@4ef5dd23 - got cpw.mods.cl.ModuleClassLoader@4b2a30d
[12Aug2025 21:56:29.901] [main/DEBUG] [net.minecraftforge.fml.javafmlmod.FMLModContainer/LOADING]: Creating FMLModContainer instance for com.cupboard.Cupboard
[12Aug2025 21:56:29.902] [main/DEBUG] [net.minecraftforge.fml.javafmlmod.FMLJavaModLanguageProvider/LOADING]: Loading FMLModContainer from classloader cpw.mods.modlauncher.TransformingClassLoader@4ef5dd23 - got cpw.mods.cl.ModuleClassLoader@4b2a30d
[12Aug2025 21:56:29.902] [main/DEBUG] [net.minecraftforge.fml.javafmlmod.FMLModContainer/LOADING]: Creating FMLModContainer instance for it.hurts.octostudios.rarcompat.RARCompat
[12Aug2025 21:56:29.902] [main/DEBUG] [net.minecraftforge.fml.javafmlmod.FMLJavaModLanguageProvider/LOADING]: Loading FMLModContainer from classloader cpw.mods.modlauncher.TransformingClassLoader@4ef5dd23 - got cpw.mods.cl.ModuleClassLoader@4b2a30d
[12Aug2025 21:56:29.902] [main/DEBUG] [net.minecraftforge.fml.javafmlmod.FMLModContainer/LOADING]: Creating FMLModContainer instance for me.paulf.wings.WingsMod
[12Aug2025 21:56:29.903] [main/DEBUG] [net.minecraftforge.fml.javafmlmod.FMLJavaModLanguageProvider/LOADING]: Loading FMLModContainer from classloader cpw.mods.modlauncher.TransformingClassLoader@4ef5dd23 - got cpw.mods.cl.ModuleClassLoader@4b2a30d
[12Aug2025 21:56:29.903] [main/DEBUG] [net.minecraftforge.fml.javafmlmod.FMLModContainer/LOADING]: Creating FMLModContainer instance for be.florens.expandability.forge.ExpandAbilityForge
[12Aug2025 21:56:29.903] [main/DEBUG] [net.minecraftforge.fml.javafmlmod.FMLJavaModLanguageProvider/LOADING]: Loading FMLModContainer from classloader cpw.mods.modlauncher.TransformingClassLoader@4ef5dd23 - got cpw.mods.cl.ModuleClassLoader@4b2a30d
[12Aug2025 21:56:29.903] [main/DEBUG] [net.minecraftforge.fml.javafmlmod.FMLModContainer/LOADING]: Creating FMLModContainer instance for by.dragonsurvivalteam.dragonsurvival.DragonSurvivalMod
[12Aug2025 21:56:29.996] [modloading-worker-0/DEBUG] [net.minecraftforge.fml.javafmlmod.AutomaticEventSubscriber/LOADING]: Attempting to inject @EventBusSubscriber classes into the eventbus for kuma_api
[12Aug2025 21:56:30.008] [modloading-worker-0/DEBUG] [net.minecraftforge.fml.javafmlmod.AutomaticEventSubscriber/LOADING]: Attempting to inject @EventBusSubscriber classes into the eventbus for parcool_compat_addon
[12Aug2025 21:56:30.015] [modloading-worker-0/DEBUG] [net.minecraftforge.fml.javafmlmod.AutomaticEventSubscriber/LOADING]: Attempting to inject @EventBusSubscriber classes into the eventbus for geckolib
[12Aug2025 21:56:30.016] [modloading-worker-0/DEBUG] [mixin/]: Mixing perf.forge_registry_lambda.RegistryObjectMixin from modernfix-forge.mixins.json into net.minecraftforge.registries.RegistryObject
[12Aug2025 21:56:30.018] [modloading-worker-0/DEBUG] [net.minecraftforge.fml.javafmlmod.AutomaticEventSubscriber/LOADING]: Auto-subscribing software.bernie.example.GeckoLibMod to FORGE
[12Aug2025 21:56:30.018] [modloading-worker-0/DEBUG] [net.minecraftforge.fml.javafmlmod.AutomaticEventSubscriber/LOADING]: Auto-subscribing software.bernie.example.CommonListener to MOD
[12Aug2025 21:56:30.024] [modloading-worker-0/DEBUG] [mixin/]: Mixing DesolateDaggerEntityMixin from raccompat.mixins.json into com.github.alexmodguy.alexscaves.server.entity.item.DesolateDaggerEntity
[12Aug2025 21:56:30.024] [modloading-worker-0/DEBUG] [mixin/]: raccompat.mixins.json:DesolateDaggerEntityMixin: Class version 61 required is higher than the class version supported by the current version of Mixin (JAVA_8 supports class version 52)
[12Aug2025 21:56:30.026] [modloading-worker-0/DEBUG] [net.minecraftforge.fml.config.ConfigTracker/CONFIG]: Config file jmi-client.toml for jmi tracking
[12Aug2025 21:56:30.027] [modloading-worker-0/DEBUG] [net.minecraftforge.fml.javafmlmod.AutomaticEventSubscriber/LOADING]: Attempting to inject @EventBusSubscriber classes into the eventbus for jmi
[12Aug2025 21:56:30.027] [modloading-worker-0/DEBUG] [net.minecraftforge.fml.config.ConfigTracker/CONFIG]: Config file jei-server.toml for jei tracking
[12Aug2025 21:56:30.032] [modloading-worker-0/DEBUG] [net.minecraftforge.fml.javafmlmod.AutomaticEventSubscriber/LOADING]: Attempting to inject @EventBusSubscriber classes into the eventbus for raccompat
[12Aug2025 21:56:30.032] [modloading-worker-0/DEBUG] [net.minecraftforge.fml.javafmlmod.AutomaticEventSubscriber/LOADING]: Auto-subscribing it.hurts.sskirillss.raccompat.items.DesolatePendantItem$DesolatePendantEvents to FORGE
[12Aug2025 21:56:30.033] [modloading-worker-0/DEBUG] [net.minecraftforge.fml.javafmlmod.AutomaticEventSubscriber/LOADING]: Attempting to inject @EventBusSubscriber classes into the eventbus for jei
[12Aug2025 21:56:30.035] [modloading-worker-0/DEBUG] [net.minecraftforge.fml.javafmlmod.AutomaticEventSubscriber/LOADING]: Auto-subscribing it.hurts.sskirillss.raccompat.items.AcidWalkerItem$AcidWalkerItemEvents to FORGE
[12Aug2025 21:56:30.042] [modloading-worker-0/DEBUG] [net.minecraftforge.fml.config.ConfigTracker/CONFIG]: Config file journeymap-server.toml for journeymap tracking
[12Aug2025 21:56:30.048] [modloading-worker-0/DEBUG] [net.minecraftforge.fml.javafmlmod.AutomaticEventSubscriber/LOADING]: Attempting to inject @EventBusSubscriber classes into the eventbus for journeymap
[12Aug2025 21:56:30.050] [modloading-worker-0/DEBUG] [net.minecraftforge.fml.javafmlmod.AutomaticEventSubscriber/LOADING]: Auto-subscribing journeymap.common.config.forge.ForgeConfig to MOD
[12Aug2025 21:56:30.050] [modloading-worker-0/DEBUG] [net.minecraftforge.fml.javafmlmod.AutomaticEventSubscriber/LOADING]: Auto-subscribing journeymap.common.Journeymap to FORGE
[12Aug2025 21:56:30.066] [modloading-worker-0/DEBUG] [mixin/]: Mixing perf.smart_ingredient_sync.PlayerListMixin from modernfix-forge.mixins.json into net.minecraft.server.players.PlayerList
[12Aug2025 21:56:30.069] [modloading-worker-0/DEBUG] [mixin/]: Mixing PlayerListMixin from balm.mixins.json into net.minecraft.server.players.PlayerList
[12Aug2025 21:56:30.086] [modloading-worker-0/DEBUG] [net.minecraftforge.fml.config.ConfigTracker/CONFIG]: Config file modernfix-common.toml for modernfix tracking
[12Aug2025 21:56:30.090] [modloading-worker-0/DEBUG] [net.minecraftforge.fml.javafmlmod.AutomaticEventSubscriber/LOADING]: Attempting to inject @EventBusSubscriber classes into the eventbus for modernfix
[12Aug2025 21:56:30.114] [modloading-worker-0/DEBUG] [net.minecraftforge.fml.config.ConfigTracker/CONFIG]: Config file citadel-common.toml for citadel tracking
[12Aug2025 21:56:30.125] [modloading-worker-0/DEBUG] [net.minecraftforge.fml.javafmlmod.AutomaticEventSubscriber/LOADING]: Attempting to inject @EventBusSubscriber classes into the eventbus for citadel
[12Aug2025 21:56:30.126] [modloading-worker-0/DEBUG] [net.minecraftforge.fml.javafmlmod.AutomaticEventSubscriber/LOADING]: Auto-subscribing com.github.alexthe666.citadel.ServerProxy to MOD
[12Aug2025 21:56:30.160] [modloading-worker-0/DEBUG] [net.minecraftforge.fml.config.ConfigTracker/CONFIG]: Config file mowziesmobs-common.toml for mowziesmobs tracking
[12Aug2025 21:56:30.170] [modloading-worker-0/DEBUG] [com.wuest.prefab.Prefab/]: Loading config file /workspaces/VxW-Next-Gen/servidor_minecraft/config/prefab.toml
[12Aug2025 21:56:30.172] [modloading-worker-0/INFO] [com.wuest.prefab.Prefab/]: Built TOML config for /workspaces/VxW-Next-Gen/servidor_minecraft/config/prefab.toml
[12Aug2025 21:56:30.176] [modloading-worker-0/INFO] [com.wuest.prefab.Prefab/]: Loaded TOML config file /workspaces/VxW-Next-Gen/servidor_minecraft/config/prefab.toml
[12Aug2025 21:56:30.186] [modloading-worker-0/DEBUG] [com.wuest.prefab.Prefab/]: Setting recipe configuration for key: Compressed Stone
[12Aug2025 21:56:30.186] [modloading-worker-0/DEBUG] [com.wuest.prefab.Prefab/]: Setting recipe configuration for key: Compressed Glowstone
[12Aug2025 21:56:30.186] [modloading-worker-0/DEBUG] [com.wuest.prefab.Prefab/]: Setting recipe configuration for key: Compressed Dirt
[12Aug2025 21:56:30.186] [modloading-worker-0/DEBUG] [com.wuest.prefab.Prefab/]: Setting recipe configuration for key: Compressed Chest
[12Aug2025 21:56:30.186] [modloading-worker-0/DEBUG] [com.wuest.prefab.Prefab/]: Setting recipe configuration for key: Pile of Bricks
[12Aug2025 21:56:30.186] [modloading-worker-0/DEBUG] [com.wuest.prefab.Prefab/]: Setting recipe configuration for key: Warehouse
[12Aug2025 21:56:30.186] [modloading-worker-0/DEBUG] [com.wuest.prefab.Prefab/]: Setting recipe configuration for key: Upgrade
[12Aug2025 21:56:30.186] [modloading-worker-0/DEBUG] [com.wuest.prefab.Prefab/]: Setting recipe configuration for key: Improved Warehouse
[12Aug2025 21:56:30.186] [modloading-worker-0/DEBUG] [com.wuest.prefab.Prefab/]: Setting recipe configuration for key: Bundle of Timber
[12Aug2025 21:56:30.186] [modloading-worker-0/DEBUG] [com.wuest.prefab.Prefab/]: Setting recipe configuration for key: Nether Gate
[12Aug2025 21:56:30.186] [modloading-worker-0/DEBUG] [com.wuest.prefab.Prefab/]: Setting recipe configuration for key: Machinery Tower
[12Aug2025 21:56:30.186] [modloading-worker-0/DEBUG] [com.wuest.prefab.Prefab/]: Setting recipe configuration for key: Defense Bunker
[12Aug2025 21:56:30.186] [modloading-worker-0/DEBUG] [com.wuest.prefab.Prefab/]: Setting recipe configuration for key: Mineshaft Entrance
[12Aug2025 21:56:30.186] [modloading-worker-0/DEBUG] [com.wuest.prefab.Prefab/]: Setting recipe configuration for key: Ender Gateway
[12Aug2025 21:56:30.186] [modloading-worker-0/DEBUG] [com.wuest.prefab.Prefab/]: Setting recipe configuration for key: Magic Temple
[12Aug2025 21:56:30.186] [modloading-worker-0/DEBUG] [com.wuest.prefab.Prefab/]: Setting recipe configuration for key: Instant Bridge
[12Aug2025 21:56:30.186] [modloading-worker-0/DEBUG] [com.wuest.prefab.Prefab/]: Setting recipe configuration for key: Paper Lantern
[12Aug2025 21:56:30.187] [modloading-worker-0/DEBUG] [com.wuest.prefab.Prefab/]: Setting recipe configuration for key: Compressed Obsidian
[12Aug2025 21:56:30.187] [modloading-worker-0/DEBUG] [com.wuest.prefab.Prefab/]: Setting recipe configuration for key: Villager Houses
[12Aug2025 21:56:30.187] [modloading-worker-0/DEBUG] [com.wuest.prefab.Prefab/]: Setting recipe configuration for key: Phasic Block
[12Aug2025 21:56:30.187] [modloading-worker-0/DEBUG] [com.wuest.prefab.Prefab/]: Setting recipe configuration for key: Smart Glass
[12Aug2025 21:56:30.187] [modloading-worker-0/DEBUG] [com.wuest.prefab.Prefab/]: Setting recipe configuration for key: Green House
[12Aug2025 21:56:30.187] [modloading-worker-0/DEBUG] [com.wuest.prefab.Prefab/]: Setting recipe configuration for key: House
[12Aug2025 21:56:30.187] [modloading-worker-0/DEBUG] [com.wuest.prefab.Prefab/]: Setting recipe configuration for key: Glass Stairs
[12Aug2025 21:56:30.187] [modloading-worker-0/DEBUG] [com.wuest.prefab.Prefab/]: Setting recipe configuration for key: Glass Slabs
[12Aug2025 21:56:30.187] [modloading-worker-0/DEBUG] [com.wuest.prefab.Prefab/]: Setting recipe configuration for key: Improved House
[12Aug2025 21:56:30.187] [modloading-worker-0/DEBUG] [com.wuest.prefab.Prefab/]: Setting recipe configuration for key: Grassy Plains
[12Aug2025 21:56:30.187] [modloading-worker-0/DEBUG] [com.wuest.prefab.Prefab/]: Setting recipe configuration for key: Aqua Base
[12Aug2025 21:56:30.187] [modloading-worker-0/DEBUG] [com.wuest.prefab.Prefab/]: Setting recipe configuration for key: Watch Tower
[12Aug2025 21:56:30.187] [modloading-worker-0/DEBUG] [com.wuest.prefab.Prefab/]: Setting recipe configuration for key: Bulldozer
[12Aug2025 21:56:30.187] [modloading-worker-0/DEBUG] [com.wuest.prefab.Prefab/]: Setting recipe configuration for key: Jail
[12Aug2025 21:56:30.187] [modloading-worker-0/DEBUG] [com.wuest.prefab.Prefab/]: Setting recipe configuration for key: Saloon
[12Aug2025 21:56:30.187] [modloading-worker-0/DEBUG] [com.wuest.prefab.Prefab/]: Setting recipe configuration for key: Ski Lodge
[12Aug2025 21:56:30.187] [modloading-worker-0/DEBUG] [com.wuest.prefab.Prefab/]: Setting recipe configuration for key: Windmill
[12Aug2025 21:56:30.187] [modloading-worker-0/DEBUG] [com.wuest.prefab.Prefab/]: Setting recipe configuration for key: Town Hall
[12Aug2025 21:56:30.187] [modloading-worker-0/DEBUG] [com.wuest.prefab.Prefab/]: Setting recipe configuration for key: Heap of Timber
[12Aug2025 21:56:30.187] [modloading-worker-0/DEBUG] [com.wuest.prefab.Prefab/]: Setting recipe configuration for key: Ton of Timber
[12Aug2025 21:56:30.187] [modloading-worker-0/DEBUG] [com.wuest.prefab.Prefab/]: Setting recipe configuration for key: Workshop
[12Aug2025 21:56:30.187] [modloading-worker-0/DEBUG] [com.wuest.prefab.Prefab/]: Setting recipe configuration for key: Modern Buildings
[12Aug2025 21:56:30.187] [modloading-worker-0/DEBUG] [com.wuest.prefab.Prefab/]: Setting recipe configuration for key: Swift Blade
[12Aug2025 21:56:30.187] [modloading-worker-0/DEBUG] [com.wuest.prefab.Prefab/]: Setting recipe configuration for key: Sickle
[12Aug2025 21:56:30.187] [modloading-worker-0/DEBUG] [com.wuest.prefab.Prefab/]: Setting recipe configuration for key: Dirt Recipes
[12Aug2025 21:56:30.187] [modloading-worker-0/DEBUG] [com.wuest.prefab.Prefab/]: Setting recipe configuration for key: Bunch of Beets
[12Aug2025 21:56:30.187] [modloading-worker-0/DEBUG] [com.wuest.prefab.Prefab/]: Setting recipe configuration for key: Bunch of Carrots
[12Aug2025 21:56:30.187] [modloading-worker-0/DEBUG] [com.wuest.prefab.Prefab/]: Setting recipe configuration for key: Bunch of Potatoes
[12Aug2025 21:56:30.187] [modloading-worker-0/DEBUG] [com.wuest.prefab.Prefab/]: Setting recipe configuration for key: Bunch of Eggs
[12Aug2025 21:56:30.187] [modloading-worker-0/DEBUG] [com.wuest.prefab.Prefab/]: Setting recipe configuration for key: Wooden Crate
[12Aug2025 21:56:30.187] [modloading-worker-0/DEBUG] [com.wuest.prefab.Prefab/]: Setting recipe configuration for key: Farm
[12Aug2025 21:56:30.187] [modloading-worker-0/DEBUG] [com.wuest.prefab.Prefab/]: Setting recipe configuration for key: Improved Farm
[12Aug2025 21:56:30.187] [modloading-worker-0/DEBUG] [com.wuest.prefab.Prefab/]: Setting recipe configuration for key: Advanced Farm
[12Aug2025 21:56:30.187] [modloading-worker-0/DEBUG] [com.wuest.prefab.Prefab/]: Setting recipe configuration for key: Quartz-Crete
[12Aug2025 21:56:30.187] [modloading-worker-0/DEBUG] [com.wuest.prefab.Prefab/]: Setting recipe configuration for key: Advanced House
[12Aug2025 21:56:30.187] [modloading-worker-0/DEBUG] [com.wuest.prefab.Prefab/]: Setting recipe configuration for key: Dark Light Lamp
[12Aug2025 21:56:30.187] [modloading-worker-0/DEBUG] [com.wuest.prefab.Prefab/]: Setting recipe configuration for key: Light Switch
[12Aug2025 21:56:30.189] [modloading-worker-0/DEBUG] [net.minecraftforge.fml.javafmlmod.AutomaticEventSubscriber/LOADING]: Attempting to inject @EventBusSubscriber classes into the eventbus for prefab
[12Aug2025 21:56:30.189] [modloading-worker-0/DEBUG] [net.minecraftforge.fml.javafmlmod.AutomaticEventSubscriber/LOADING]: Auto-subscribing com.wuest.prefab.structures.events.StructureEventHandler to FORGE
[12Aug2025 21:56:30.193] [modloading-worker-0/DEBUG] [net.minecraftforge.fml.javafmlmod.AutomaticEventSubscriber/LOADING]: Auto-subscribing com.wuest.prefab.events.ModEventHandler to FORGE
[12Aug2025 21:56:30.204] [modloading-worker-0/DEBUG] [net.minecraftforge.fml.config.ConfigTracker/CONFIG]: Config file waystones-common.toml for waystones tracking
[12Aug2025 21:56:30.215] [modloading-worker-0/DEBUG] [net.minecraftforge.fml.javafmlmod.AutomaticEventSubscriber/LOADING]: Attempting to inject @EventBusSubscriber classes into the eventbus for mowziesmobs
[12Aug2025 21:56:30.217] [modloading-worker-0/DEBUG] [net.minecraftforge.fml.javafmlmod.AutomaticEventSubscriber/LOADING]: Auto-subscribing com.bobmowzie.mowziesmobs.server.sound.MMSounds to FORGE
[12Aug2025 21:56:30.219] [modloading-worker-0/DEBUG] [net.minecraftforge.fml.javafmlmod.AutomaticEventSubscriber/LOADING]: Auto-subscribing com.bobmowzie.mowziesmobs.server.inventory.ContainerHandler to MOD
[12Aug2025 21:56:30.220] [modloading-worker-0/DEBUG] [net.minecraftforge.fml.javafmlmod.AutomaticEventSubscriber/LOADING]: Auto-subscribing com.bobmowzie.mowziesmobs.server.entity.EntityHandler to MOD
[12Aug2025 21:56:30.220] [modloading-worker-0/DEBUG] [net.minecraftforge.fml.javafmlmod.AutomaticEventSubscriber/LOADING]: Auto-subscribing com.bobmowzie.mowziesmobs.server.config.ConfigHandler to MOD
[12Aug2025 21:56:30.220] [modloading-worker-0/DEBUG] [net.minecraftforge.fml.javafmlmod.AutomaticEventSubscriber/LOADING]: Auto-subscribing com.bobmowzie.mowziesmobs.MowziesMobs to FORGE
[12Aug2025 21:56:30.220] [modloading-worker-0/DEBUG] [net.minecraftforge.fml.javafmlmod.AutomaticEventSubscriber/LOADING]: Auto-subscribing com.bobmowzie.mowziesmobs.datagen.DataGenerators to MOD
[12Aug2025 21:56:30.234] [modloading-worker-0/DEBUG] [net.minecraftforge.fml.config.ConfigTracker/CONFIG]: Config file travelersbackpack-server.toml for travelersbackpack tracking
[12Aug2025 21:56:30.237] [modloading-worker-0/INFO] [STDOUT/]: [com.tiviacz.travelersbackpack.TravelersBackpack:readOldCommonConfig:178]: curiosIntegration not found in the [common.backpackSettings] section.
[12Aug2025 21:56:30.237] [modloading-worker-0/DEBUG] [net.minecraftforge.fml.config.ConfigTracker/CONFIG]: Config file travelersbackpack-common.toml for travelersbackpack tracking
[12Aug2025 21:56:30.237] [modloading-worker-0/DEBUG] [net.minecraftforge.fml.config.ConfigTracker/CONFIG]: Config file travelersbackpack-client.toml for travelersbackpack tracking
[12Aug2025 21:56:30.299] [modloading-worker-0/INFO] [dev.architectury.networking.forge.NetworkManagerImpl/]: Registering C2S receiver with id architectury:sync_ids
[12Aug2025 21:56:30.303] [modloading-worker-0/INFO] [dev.architectury.networking.forge.NetworkManagerImpl/]: Registering C2S receiver with id artifacts:networking_channel/42a7ad70b1cc371599a0eff744096b8a
[12Aug2025 21:56:30.304] [modloading-worker-0/DEBUG] [net.minecraftforge.fml.javafmlmod.AutomaticEventSubscriber/LOADING]: Attempting to inject @EventBusSubscriber classes into the eventbus for waystones
[12Aug2025 21:56:30.305] [modloading-worker-0/DEBUG] [net.minecraftforge.fml.javafmlmod.AutomaticEventSubscriber/LOADING]: Attempting to inject @EventBusSubscriber classes into the eventbus for mixinextras
[12Aug2025 21:56:30.305] [modloading-worker-0/DEBUG] [net.minecraftforge.fml.javafmlmod.AutomaticEventSubscriber/LOADING]: Attempting to inject @EventBusSubscriber classes into the eventbus for myserveriscompatible
[12Aug2025 21:56:30.305] [modloading-worker-0/INFO] [dev.architectury.networking.forge.NetworkManagerImpl/]: Registering C2S receiver with id artifacts:networking_channel/74a5e841822a3a87854ae896a33430d6
[12Aug2025 21:56:30.307] [modloading-worker-0/INFO] [dev.architectury.networking.forge.NetworkManagerImpl/]: Registering C2S receiver with id artifacts:networking_channel/eb3d1e2748533430848cadf0f37c7e9c
[12Aug2025 21:56:30.309] [modloading-worker-0/INFO] [dev.architectury.networking.forge.NetworkManagerImpl/]: Registering C2S receiver with id artifacts:networking_channel/91c8520f19f93b3e8b6a727568e194ab
[12Aug2025 21:56:30.310] [modloading-worker-0/INFO] [dev.architectury.networking.forge.NetworkManagerImpl/]: Registering C2S receiver with id artifacts:networking_channel/8c2784d778293fd482ed84b8aa5fedb9
[12Aug2025 21:56:30.312] [modloading-worker-0/INFO] [dev.architectury.networking.forge.NetworkManagerImpl/]: Registering C2S receiver with id artifacts:networking_channel/ea038224ea783d40b2863f52239e2604
[12Aug2025 21:56:30.313] [modloading-worker-0/INFO] [dev.architectury.networking.forge.NetworkManagerImpl/]: Registering C2S receiver with id artifacts:networking_channel/97ad64b7ecaf33209991c4f031501a58
[12Aug2025 21:56:30.318] [modloading-worker-0/DEBUG] [net.minecraftforge.fml.config.ConfigTracker/CONFIG]: Config file vampiricageing-common.toml for vampiricageing tracking
[12Aug2025 21:56:30.320] [modloading-worker-0/DEBUG] [net.minecraftforge.fml.config.ConfigTracker/CONFIG]: Config file vampiricageing-client.toml for vampiricageing tracking
[12Aug2025 21:56:30.335] [modloading-worker-0/DEBUG] [mixin/]: Mixing init.ModItemsMixin from rarcompat.mixins.json into artifacts.registry.ModItems
[12Aug2025 21:56:30.336] [modloading-worker-0/DEBUG] [mixin/]: rarcompat.mixins.json:init.ModItemsMixin: Class version 61 required is higher than the class version supported by the current version of Mixin (JAVA_8 supports class version 52)
[12Aug2025 21:56:30.348] [modloading-worker-0/DEBUG] [mixin/]: Mixing item.wearable.WearableArtifactItemMixin from mixins.artifacts.forge.json into artifacts.item.wearable.WearableArtifactItem
[12Aug2025 21:56:30.359] [modloading-worker-0/DEBUG] [mixin/]: Mixing item.umbrella.UmbrellaItemMixin from mixins.artifacts.forge.json into artifacts.item.UmbrellaItem
[12Aug2025 21:56:30.362] [modloading-worker-0/DEBUG] [mixin/]: Mixing DrinkingHatItemMixin from rarcompat.mixins.json into artifacts.item.wearable.head.DrinkingHatItem
[12Aug2025 21:56:30.362] [modloading-worker-0/DEBUG] [mixin/]: rarcompat.mixins.json:DrinkingHatItemMixin: Class version 61 required is higher than the class version supported by the current version of Mixin (JAVA_8 supports class version 52)
[12Aug2025 21:56:30.376] [modloading-worker-0/DEBUG] [net.minecraftforge.fml.config.ConfigTracker/CONFIG]: Config file vampiricageing-hunterAgeing.toml for vampiricageing tracking
[12Aug2025 21:56:30.378] [modloading-worker-0/DEBUG] [net.minecraftforge.fml.config.ConfigTracker/CONFIG]: Config file vampiricageing-werewolfAgeing.toml for vampiricageing tracking
[12Aug2025 21:56:30.379] [modloading-worker-0/DEBUG] [net.minecraftforge.fml.javafmlmod.AutomaticEventSubscriber/LOADING]: Attempting to inject @EventBusSubscriber classes into the eventbus for vampiricageing
[12Aug2025 21:56:30.379] [modloading-worker-0/DEBUG] [net.minecraftforge.fml.javafmlmod.AutomaticEventSubscriber/LOADING]: Auto-subscribing com.doctor.vampiricageing.capabilities.VampiricAgeingCapabilityManager to FORGE
[12Aug2025 21:56:30.388] [modloading-worker-0/DEBUG] [net.minecraftforge.fml.config.ConfigTracker/CONFIG]: Config file alexsmobs.toml for alexsmobs tracking
[12Aug2025 21:56:30.430] [modloading-worker-0/DEBUG] [net.minecraftforge.fml.javafmlmod.AutomaticEventSubscriber/LOADING]: Auto-subscribing com.doctor.vampiricageing.capabilities.HunterAgeingManager to FORGE
[12Aug2025 21:56:30.436] [modloading-worker-0/DEBUG] [mixin/]: Mixing RollLootTableModifierMixin from rarcompat.mixins.json into artifacts.forge.loot.RollLootTableModifier
[12Aug2025 21:56:30.437] [modloading-worker-0/DEBUG] [mixin/]: rarcompat.mixins.json:RollLootTableModifierMixin: Class version 61 required is higher than the class version supported by the current version of Mixin (JAVA_8 supports class version 52)
[12Aug2025 21:56:30.437] [modloading-worker-0/DEBUG] [mixin/]: Renaming synthetic method lambda$doApply$0(Lit/unimi/dsi/fastutil/objects/ObjectArrayList;Lnet/minecraft/world/item/ItemStack;)V to md8ce68a$lambda$doApply$0$0 in rarcompat.mixins.json:RollLootTableModifierMixin
[12Aug2025 21:56:30.440] [modloading-worker-0/DEBUG] [mixin/]: Mixing ReloadableServerResourcesMixin from balm.mixins.json into net.minecraft.server.ReloadableServerResources
[12Aug2025 21:56:30.441] [modloading-worker-0/DEBUG] [mixin/]: Renaming synthetic method lambda$loadResources$0(Lnet/minecraft/server/ReloadableServerResources;)V to md8ce68a$lambda$loadResources$0$0 in balm.mixins.json:ReloadableServerResourcesMixin
[12Aug2025 21:56:30.441] [modloading-worker-0/DEBUG] [mixin/]: Mixing ReloadableServerResourcesAccessor from vampirism.mixins.json into net.minecraft.server.ReloadableServerResources
[12Aug2025 21:56:30.444] [modloading-worker-0/DEBUG] [net.minecraftforge.fml.javafmlmod.AutomaticEventSubscriber/LOADING]: Attempting to inject @EventBusSubscriber classes into the eventbus for alexsmobs
[12Aug2025 21:56:30.444] [modloading-worker-0/DEBUG] [net.minecraftforge.fml.javafmlmod.AutomaticEventSubscriber/LOADING]: Auto-subscribing com.github.alexthe666.alexsmobs.world.AMWorldRegistry to MOD
[12Aug2025 21:56:30.446] [modloading-worker-0/DEBUG] [net.minecraftforge.fml.javafmlmod.AutomaticEventSubscriber/LOADING]: Auto-subscribing com.github.alexthe666.alexsmobs.tileentity.AMTileEntityRegistry to MOD
[12Aug2025 21:56:30.446] [modloading-worker-0/DEBUG] [net.minecraftforge.fml.javafmlmod.AutomaticEventSubscriber/LOADING]: Auto-subscribing com.github.alexthe666.alexsmobs.event.ServerEvents to FORGE
[12Aug2025 21:56:30.448] [modloading-worker-0/DEBUG] [net.minecraftforge.fml.javafmlmod.AutomaticEventSubscriber/LOADING]: Auto-subscribing com.github.alexthe666.alexsmobs.entity.AMEntityRegistry to MOD
[12Aug2025 21:56:30.449] [modloading-worker-0/DEBUG] [net.minecraftforge.fml.javafmlmod.AutomaticEventSubscriber/LOADING]: Auto-subscribing com.github.alexthe666.alexsmobs.CommonProxy to MOD
[12Aug2025 21:56:30.450] [modloading-worker-0/DEBUG] [net.minecraftforge.fml.javafmlmod.AutomaticEventSubscriber/LOADING]: Attempting to inject @EventBusSubscriber classes into the eventbus for guideapi_vp
[12Aug2025 21:56:30.450] [modloading-worker-0/DEBUG] [net.minecraftforge.fml.javafmlmod.AutomaticEventSubscriber/LOADING]: Auto-subscribing de.maxanier.guideapi.util.EventHandler to FORGE
[12Aug2025 21:56:30.451] [modloading-worker-0/DEBUG] [net.minecraftforge.fml.javafmlmod.AutomaticEventSubscriber/LOADING]: Auto-subscribing com.github.alexthe666.alexsmobs.AlexsMobs to FORGE
[12Aug2025 21:56:30.451] [modloading-worker-0/DEBUG] [net.minecraftforge.fml.javafmlmod.AutomaticEventSubscriber/LOADING]: Auto-subscribing de.maxanier.guideapi.RegistrarGuideAPI to MOD
[12Aug2025 21:56:30.455] [modloading-worker-0/DEBUG] [net.minecraftforge.fml.javafmlmod.AutomaticEventSubscriber/LOADING]: Attempting to inject @EventBusSubscriber classes into the eventbus for artifacts
[12Aug2025 21:56:30.463] [modloading-worker-0/DEBUG] [net.minecraftforge.fml.config.ConfigTracker/CONFIG]: Config file iceandfire-client.toml for iceandfire tracking
[12Aug2025 21:56:30.463] [modloading-worker-0/DEBUG] [net.minecraftforge.fml.config.ConfigTracker/CONFIG]: Config file iceandfire-common.toml for iceandfire tracking
[12Aug2025 21:56:30.475] [modloading-worker-0/DEBUG] [net.minecraftforge.fml.config.ConfigTracker/CONFIG]: Config file balm-client.toml for balm tracking
[12Aug2025 21:56:30.485] [modloading-worker-0/DEBUG] [net.minecraftforge.fml.config.ConfigTracker/CONFIG]: Config file balm-common.toml for balm tracking
[12Aug2025 21:56:30.490] [modloading-worker-0/DEBUG] [net.minecraftforge.fml.javafmlmod.AutomaticEventSubscriber/LOADING]: Attempting to inject @EventBusSubscriber classes into the eventbus for balm
[12Aug2025 21:56:30.493] [modloading-worker-0/DEBUG] [mixin/]: Mixing EntityTendonSegmentMixin from ramcompat.mixins.json into com.github.alexthe666.alexsmobs.entity.EntityTendonSegment
[12Aug2025 21:56:30.493] [modloading-worker-0/DEBUG] [mixin/]: ramcompat.mixins.json:EntityTendonSegmentMixin: Class version 61 required is higher than the class version supported by the current version of Mixin (JAVA_8 supports class version 52)
[12Aug2025 21:56:30.497] [modloading-worker-0/DEBUG] [mixin/]: Mixing EntityIceShardMixin from ramcompat.mixins.json into com.github.alexthe666.alexsmobs.entity.EntityIceShard
[12Aug2025 21:56:30.497] [modloading-worker-0/DEBUG] [mixin/]: ramcompat.mixins.json:EntityIceShardMixin: Class version 61 required is higher than the class version supported by the current version of Mixin (JAVA_8 supports class version 52)
[12Aug2025 21:56:30.501] [modloading-worker-0/DEBUG] [mixin/]: Mixing EntityFartMixin from ramcompat.mixins.json into com.github.alexthe666.alexsmobs.entity.EntityFart
[12Aug2025 21:56:30.502] [modloading-worker-0/DEBUG] [mixin/]: ramcompat.mixins.json:EntityFartMixin: Class version 61 required is higher than the class version supported by the current version of Mixin (JAVA_8 supports class version 52)
[12Aug2025 21:56:30.505] [modloading-worker-0/DEBUG] [net.minecraftforge.fml.javafmlmod.AutomaticEventSubscriber/LOADING]: Attempting to inject @EventBusSubscriber classes into the eventbus for ramcompat
[12Aug2025 21:56:30.505] [modloading-worker-0/DEBUG] [net.minecraftforge.fml.javafmlmod.AutomaticEventSubscriber/LOADING]: Auto-subscribing it.hurts.sskirillss.ramcompat.items.TendonLumpItem$Events to FORGE
[12Aug2025 21:56:30.506] [modloading-worker-0/DEBUG] [net.minecraftforge.fml.javafmlmod.AutomaticEventSubscriber/LOADING]: Auto-subscribing it.hurts.sskirillss.ramcompat.items.FrostRobeItem$FrostRobeEvents to FORGE
[12Aug2025 21:56:30.523] [modloading-worker-0/DEBUG] [Carry On/]: Loaded tschipp.carryon.platform.ForgePlatformHelper@4dbacaa2 for service interface tschipp.carryon.platform.services.IPlatformHelper
[12Aug2025 21:56:30.527] [modloading-worker-0/DEBUG] [Carry On/]: Loaded tschipp.carryon.platform.ForgeGamestagesHelper@1efed463 for service interface tschipp.carryon.platform.services.IGamestagePlatformHelper
[12Aug2025 21:56:30.533] [modloading-worker-0/DEBUG] [net.minecraftforge.fml.config.ConfigTracker/CONFIG]: Config file carryon-client.toml for carryon tracking
[12Aug2025 21:56:30.533] [modloading-worker-0/DEBUG] [net.minecraftforge.fml.config.ConfigTracker/CONFIG]: Config file carryon-common.toml for carryon tracking
[12Aug2025 21:56:30.534] [modloading-worker-0/DEBUG] [net.minecraftforge.fml.javafmlmod.AutomaticEventSubscriber/LOADING]: Attempting to inject @EventBusSubscriber classes into the eventbus for carryon
[12Aug2025 21:56:30.534] [modloading-worker-0/DEBUG] [net.minecraftforge.fml.javafmlmod.AutomaticEventSubscriber/LOADING]: Auto-subscribing tschipp.carryon.CarryOnForge to MOD
[12Aug2025 21:56:30.534] [modloading-worker-0/DEBUG] [net.minecraftforge.fml.javafmlmod.AutomaticEventSubscriber/LOADING]: Auto-subscribing tschipp.carryon.events.CommonEvents to FORGE
[12Aug2025 21:56:30.539] [modloading-worker-0/DEBUG] [net.minecraftforge.fml.javafmlmod.AutomaticEventSubscriber/LOADING]: Auto-subscribing tschipp.carryon.events.ModBusEvents to MOD
[12Aug2025 21:56:30.540] [modloading-worker-0/DEBUG] [net.minecraftforge.fml.javafmlmod.AutomaticEventSubscriber/LOADING]: Attempting to inject @EventBusSubscriber classes into the eventbus for cloth_config
[12Aug2025 21:56:30.542] [modloading-worker-0/DEBUG] [net.minecraftforge.versions.forge.ForgeVersion/CORE]: Forge Version package package net.minecraftforge.versions.forge, Forge, version 47.3 from cpw.mods.modlauncher.TransformingClassLoader@4ef5dd23
[12Aug2025 21:56:30.542] [modloading-worker-0/DEBUG] [net.minecraftforge.versions.forge.ForgeVersion/CORE]: Found Forge version 47.3.7
[12Aug2025 21:56:30.542] [modloading-worker-0/DEBUG] [net.minecraftforge.versions.forge.ForgeVersion/CORE]: Found Forge spec 47.3
[12Aug2025 21:56:30.542] [modloading-worker-0/DEBUG] [net.minecraftforge.versions.forge.ForgeVersion/CORE]: Found Forge group net.minecraftforge
[12Aug2025 21:56:30.542] [modloading-worker-0/DEBUG] [net.minecraftforge.versions.mcp.MCPVersion/CORE]: MCP Version package package net.minecraftforge.versions.mcp, Minecraft, version 1.20.1 from cpw.mods.modlauncher.TransformingClassLoader@4ef5dd23
[12Aug2025 21:56:30.543] [modloading-worker-0/DEBUG] [net.minecraftforge.versions.mcp.MCPVersion/CORE]: Found MC version information 1.20.1
[12Aug2025 21:56:30.543] [modloading-worker-0/DEBUG] [net.minecraftforge.versions.mcp.MCPVersion/CORE]: Found MCP version information 20230612.114412
[12Aug2025 21:56:30.543] [modloading-worker-0/INFO] [net.minecraftforge.common.ForgeMod/FORGEMOD]: Forge mod loading, version 47.3.7, for MC 1.20.1 with MCP 20230612.114412
[12Aug2025 21:56:30.543] [modloading-worker-0/INFO] [net.minecraftforge.common.MinecraftForge/FORGE]: MinecraftForge v47.3.7 Initialized
[12Aug2025 21:56:30.563] [modloading-worker-0/DEBUG] [net.minecraftforge.common.ForgeMod/FORGEMOD]: Loading Network data for FML net version: FML3
[12Aug2025 21:56:30.563] [modloading-worker-0/DEBUG] [net.minecraftforge.fml.javafmlmod.AutomaticEventSubscriber/LOADING]: Attempting to inject @EventBusSubscriber classes into the eventbus for relics
[12Aug2025 21:56:30.563] [modloading-worker-0/DEBUG] [net.minecraftforge.fml.javafmlmod.AutomaticEventSubscriber/LOADING]: Auto-subscribing it.hurts.sskirillss.relics.network.NetworkHandler to MOD
[12Aug2025 21:56:30.564] [modloading-worker-0/DEBUG] [net.minecraftforge.fml.javafmlmod.AutomaticEventSubscriber/LOADING]: Auto-subscribing it.hurts.sskirillss.relics.items.relics.ring.ChorusInhibitorItem$Events to FORGE
[12Aug2025 21:56:30.568] [modloading-worker-0/DEBUG] [net.minecraftforge.fml.javafmlmod.AutomaticEventSubscriber/LOADING]: Auto-subscribing it.hurts.sskirillss.relics.items.relics.ring.BastionRingItem$Events to FORGE
[12Aug2025 21:56:30.570] [modloading-worker-0/DEBUG] [net.minecraftforge.fml.javafmlmod.AutomaticEventSubscriber/LOADING]: Auto-subscribing it.hurts.sskirillss.relics.items.relics.necklace.ReflectionNecklaceItem$ReflectionNecklaceServerEvents to FORGE
[12Aug2025 21:56:30.571] [modloading-worker-0/DEBUG] [net.minecraftforge.fml.javafmlmod.AutomaticEventSubscriber/LOADING]: Auto-subscribing it.hurts.sskirillss.relics.items.relics.necklace.HolyLocketItem$Events to FORGE
[12Aug2025 21:56:30.573] [modloading-worker-0/DEBUG] [net.minecraftforge.fml.config.ConfigTracker/CONFIG]: Config file forge-client.toml for forge tracking
[12Aug2025 21:56:30.573] [modloading-worker-0/DEBUG] [net.minecraftforge.fml.config.ConfigTracker/CONFIG]: Config file forge-server.toml for forge tracking
[12Aug2025 21:56:30.573] [modloading-worker-0/DEBUG] [net.minecraftforge.fml.ModLoadingContext/]: Attempted to register an empty config for type COMMON on mod forge
[12Aug2025 21:56:30.575] [modloading-worker-0/DEBUG] [net.minecraftforge.fml.javafmlmod.AutomaticEventSubscriber/LOADING]: Auto-subscribing it.hurts.sskirillss.relics.items.relics.hands.WoolMittenItem$Events to FORGE
[12Aug2025 21:56:30.577] [modloading-worker-0/DEBUG] [net.minecraftforge.fml.javafmlmod.AutomaticEventSubscriber/LOADING]: Auto-subscribing it.hurts.sskirillss.relics.items.relics.hands.RageGloveItem$Events to FORGE
[12Aug2025 21:56:30.578] [modloading-worker-0/DEBUG] [net.minecraftforge.fml.javafmlmod.AutomaticEventSubscriber/LOADING]: Auto-subscribing it.hurts.sskirillss.relics.items.relics.feet.RollerSkatesItem$Events to FORGE
[12Aug2025 21:56:30.580] [modloading-worker-0/DEBUG] [net.minecraftforge.fml.javafmlmod.AutomaticEventSubscriber/LOADING]: Auto-subscribing it.hurts.sskirillss.relics.items.relics.feet.MagmaWalkerItem to FORGE
[12Aug2025 21:56:30.580] [modloading-worker-0/DEBUG] [mixin/]: Mixing MixinLevelEvent from architectury.mixins.json into net.minecraftforge.event.level.LevelEvent
[12Aug2025 21:56:30.591] [modloading-worker-0/DEBUG] [net.minecraftforge.fml.javafmlmod.AutomaticEventSubscriber/LOADING]: Attempting to inject @EventBusSubscriber classes into the eventbus for forge
[12Aug2025 21:56:30.592] [modloading-worker-0/DEBUG] [net.minecraftforge.fml.javafmlmod.AutomaticEventSubscriber/LOADING]: Auto-subscribing net.minecraftforge.common.ForgeSpawnEggItem$CommonHandler to MOD
[12Aug2025 21:56:30.594] [modloading-worker-0/DEBUG] [net.minecraftforge.fml.javafmlmod.AutomaticEventSubscriber/LOADING]: Attempting to inject @EventBusSubscriber classes into the eventbus for dungeons_arise
[12Aug2025 21:56:30.594] [modloading-worker-0/INFO] [com.iafenvoy.iafpatcher.IceAndFirePatcher/]: Trying to patch Ice And Fire
[12Aug2025 21:56:30.596] [modloading-worker-0/DEBUG] [net.minecraftforge.fml.javafmlmod.AutomaticEventSubscriber/LOADING]: Attempting to inject @EventBusSubscriber classes into the eventbus for iaf_patcher
[12Aug2025 21:56:30.596] [modloading-worker-0/DEBUG] [net.minecraftforge.fml.javafmlmod.AutomaticEventSubscriber/LOADING]: Auto-subscribing it.hurts.sskirillss.relics.items.relics.feet.IceBreakerItem$Events to FORGE
[12Aug2025 21:56:30.597] [modloading-worker-0/DEBUG] [net.minecraftforge.fml.javafmlmod.AutomaticEventSubscriber/LOADING]: Auto-subscribing it.hurts.sskirillss.relics.items.relics.feet.AquaWalkerItem to FORGE
[12Aug2025 21:56:30.597] [modloading-worker-0/DEBUG] [net.minecraftforge.fml.javafmlmod.AutomaticEventSubscriber/LOADING]: Auto-subscribing it.hurts.sskirillss.relics.items.relics.feet.AmphibianBootItem$Events to FORGE
[12Aug2025 21:56:30.599] [modloading-worker-0/DEBUG] [net.minecraftforge.fml.javafmlmod.AutomaticEventSubscriber/LOADING]: Auto-subscribing it.hurts.sskirillss.relics.items.relics.charm.SporeSackItem$Events to FORGE
[12Aug2025 21:56:30.600] [modloading-worker-0/DEBUG] [net.minecraftforge.fml.javafmlmod.AutomaticEventSubscriber/LOADING]: Auto-subscribing it.hurts.sskirillss.relics.items.relics.belt.LeatherBeltItem to FORGE
[12Aug2025 21:56:30.600] [modloading-worker-0/DEBUG] [net.minecraftforge.fml.javafmlmod.AutomaticEventSubscriber/LOADING]: Auto-subscribing it.hurts.sskirillss.relics.items.relics.belt.HunterBeltItem$HunterBeltEvents to FORGE
[12Aug2025 21:56:30.601] [modloading-worker-0/DEBUG] [net.minecraftforge.fml.javafmlmod.AutomaticEventSubscriber/LOADING]: Auto-subscribing it.hurts.sskirillss.relics.items.relics.belt.DrownedBeltItem$Events to FORGE
[12Aug2025 21:56:30.603] [modloading-worker-0/DEBUG] [net.minecraftforge.fml.javafmlmod.AutomaticEventSubscriber/LOADING]: Auto-subscribing it.hurts.sskirillss.relics.items.relics.back.MidnightRobeItem$ServerEvents to FORGE
[12Aug2025 21:56:30.603] [modloading-worker-0/DEBUG] [net.minecraftforge.fml.config.ConfigTracker/CONFIG]: Config file alexscaves-general.toml for alexscaves tracking
[12Aug2025 21:56:30.603] [modloading-worker-0/DEBUG] [net.minecraftforge.fml.config.ConfigTracker/CONFIG]: Config file alexscaves-client.toml for alexscaves tracking
[12Aug2025 21:56:30.604] [modloading-worker-0/DEBUG] [net.minecraftforge.fml.javafmlmod.AutomaticEventSubscriber/LOADING]: Auto-subscribing it.hurts.sskirillss.relics.items.relics.back.ElytraBoosterItem to FORGE
[12Aug2025 21:56:30.605] [modloading-worker-0/DEBUG] [net.minecraftforge.fml.javafmlmod.AutomaticEventSubscriber/LOADING]: Auto-subscribing it.hurts.sskirillss.relics.items.relics.back.ArrowQuiverItem$Events to FORGE
[12Aug2025 21:56:30.610] [modloading-worker-0/DEBUG] [net.minecraftforge.fml.javafmlmod.AutomaticEventSubscriber/LOADING]: Auto-subscribing it.hurts.sskirillss.relics.items.relics.SpatialSignItem$Events to FORGE
[12Aug2025 21:56:30.611] [modloading-worker-0/DEBUG] [net.minecraftforge.fml.javafmlmod.AutomaticEventSubscriber/LOADING]: Auto-subscribing it.hurts.sskirillss.relics.items.relics.MagicMirrorItem$ServerEvents to FORGE
[12Aug2025 21:56:30.612] [modloading-worker-0/DEBUG] [net.minecraftforge.fml.javafmlmod.AutomaticEventSubscriber/LOADING]: Auto-subscribing it.hurts.sskirillss.relics.items.relics.InfinityHamItem$Events to FORGE
[12Aug2025 21:56:30.613] [modloading-worker-0/DEBUG] [net.minecraftforge.fml.javafmlmod.AutomaticEventSubscriber/LOADING]: Auto-subscribing it.hurts.sskirillss.relics.init.CommandRegistry to FORGE
[12Aug2025 21:56:30.614] [modloading-worker-0/DEBUG] [net.minecraftforge.fml.javafmlmod.AutomaticEventSubscriber/LOADING]: Auto-subscribing it.hurts.sskirillss.relics.init.CapabilityRegistry to FORGE
[12Aug2025 21:56:30.615] [modloading-worker-0/DEBUG] [net.minecraftforge.fml.javafmlmod.AutomaticEventSubscriber/LOADING]: Auto-subscribing it.hurts.sskirillss.relics.entities.ArrowRainEntity$Events to FORGE
[12Aug2025 21:56:30.617] [modloading-worker-0/DEBUG] [net.minecraftforge.fml.javafmlmod.AutomaticEventSubscriber/LOADING]: Auto-subscribing it.hurts.sskirillss.relics.effects.BleedingEffect$Events to FORGE
[12Aug2025 21:56:30.618] [modloading-worker-0/DEBUG] [net.minecraftforge.fml.javafmlmod.AutomaticEventSubscriber/LOADING]: Auto-subscribing it.hurts.sskirillss.relics.effects.AntiHealEffect$Events to FORGE
[12Aug2025 21:56:30.620] [modloading-worker-0/DEBUG] [net.minecraftforge.fml.javafmlmod.AutomaticEventSubscriber/LOADING]: Auto-subscribing it.hurts.sskirillss.relics.capability.handlers.SyncHandler to FORGE
[12Aug2025 21:56:30.634] [modloading-worker-0/DEBUG] [net.minecraftforge.fml.javafmlmod.AutomaticEventSubscriber/LOADING]: Attempting to inject @EventBusSubscriber classes into the eventbus for travelersbackpack
[12Aug2025 21:56:30.634] [modloading-worker-0/DEBUG] [net.minecraftforge.fml.javafmlmod.AutomaticEventSubscriber/LOADING]: Auto-subscribing com.tiviacz.travelersbackpack.handlers.NeoForgeEventHandler to FORGE
[12Aug2025 21:56:30.663] [modloading-worker-0/DEBUG] [net.minecraftforge.fml.javafmlmod.AutomaticEventSubscriber/LOADING]: Auto-subscribing com.tiviacz.travelersbackpack.handlers.ModEventHandler to MOD
[12Aug2025 21:56:30.674] [modloading-worker-0/DEBUG] [net.minecraftforge.fml.javafmlmod.AutomaticEventSubscriber/LOADING]: Attempting to inject @EventBusSubscriber classes into the eventbus for jade
[12Aug2025 21:56:30.689] [modloading-worker-0/DEBUG] [net.minecraftforge.fml.javafmlmod.AutomaticEventSubscriber/LOADING]: Attempting to inject @EventBusSubscriber classes into the eventbus for lionfishapi
[12Aug2025 21:56:30.689] [modloading-worker-0/DEBUG] [net.minecraftforge.fml.javafmlmod.AutomaticEventSubscriber/LOADING]: Auto-subscribing com.github.L_Ender.lionfishapi.LionfishAPI to FORGE
[12Aug2025 21:56:30.689] [modloading-worker-0/DEBUG] [net.minecraftforge.fml.javafmlmod.AutomaticEventSubscriber/LOADING]: Auto-subscribing com.github.L_Ender.lionfishapi.CommonProxy to MOD
[12Aug2025 21:56:30.727] [modloading-worker-0/DEBUG] [mixin/]: Mixing EntityDragonBaseMixin from iaf_patcher.mixins.json into com.github.alexthe666.iceandfire.entity.EntityDragonBase
[12Aug2025 21:56:30.727] [modloading-worker-0/DEBUG] [mixin/]: iaf_patcher.mixins.json:EntityDragonBaseMixin: Class version 61 required is higher than the class version supported by the current version of Mixin (JAVA_8 supports class version 52)
[12Aug2025 21:56:30.757] [modloading-worker-0/DEBUG] [mixin/]: Mixing EntityFireDragonMixin from iaf_patcher.mixins.json into com.github.alexthe666.iceandfire.entity.EntityFireDragon
[12Aug2025 21:56:30.757] [modloading-worker-0/DEBUG] [mixin/]: iaf_patcher.mixins.json:EntityFireDragonMixin: Class version 61 required is higher than the class version supported by the current version of Mixin (JAVA_8 supports class version 52)
[12Aug2025 21:56:30.795] [modloading-worker-0/DEBUG] [mixin/]: Mixing EntityIceDragonMixin from iaf_patcher.mixins.json into com.github.alexthe666.iceandfire.entity.EntityIceDragon
[12Aug2025 21:56:30.795] [modloading-worker-0/DEBUG] [mixin/]: iaf_patcher.mixins.json:EntityIceDragonMixin: Class version 61 required is higher than the class version supported by the current version of Mixin (JAVA_8 supports class version 52)
[12Aug2025 21:56:30.810] [modloading-worker-0/DEBUG] [mixin/]: Mixing EntityLightningDragonMixin from iaf_patcher.mixins.json into com.github.alexthe666.iceandfire.entity.EntityLightningDragon
[12Aug2025 21:56:30.810] [modloading-worker-0/DEBUG] [mixin/]: iaf_patcher.mixins.json:EntityLightningDragonMixin: Class version 61 required is higher than the class version supported by the current version of Mixin (JAVA_8 supports class version 52)
[12Aug2025 21:56:31.088] [modloading-worker-0/DEBUG] [net.minecraftforge.fml.javafmlmod.AutomaticEventSubscriber/LOADING]: Attempting to inject @EventBusSubscriber classes into the eventbus for aerlunerpg
[12Aug2025 21:56:31.089] [modloading-worker-0/DEBUG] [net.minecraftforge.fml.javafmlmod.AutomaticEventSubscriber/LOADING]: Auto-subscribing net.mcreator.aerlunerpg.world.teleporter.IcedTeleporter to MOD
[12Aug2025 21:56:31.104] [modloading-worker-0/DEBUG] [net.minecraftforge.fml.javafmlmod.AutomaticEventSubscriber/LOADING]: Attempting to inject @EventBusSubscriber classes into the eventbus for world
[12Aug2025 21:56:31.104] [modloading-worker-0/DEBUG] [net.minecraftforge.fml.javafmlmod.AutomaticEventSubscriber/LOADING]: Auto-subscribing net.mcreator.aerlunerpg.world.teleporter.CrowddTeleporter to MOD
[12Aug2025 21:56:31.107] [modloading-worker-0/DEBUG] [net.minecraftforge.fml.javafmlmod.AutomaticEventSubscriber/LOADING]: Auto-subscribing net.mcreator.aerlunerpg.world.inventory.MetsguiMenu to FORGE
[12Aug2025 21:56:31.107] [modloading-worker-0/DEBUG] [net.minecraftforge.fml.javafmlmod.AutomaticEventSubscriber/LOADING]: Auto-subscribing net.mcreator.world.world.teleporter.MadnessdimensionTeleporter to MOD
[12Aug2025 21:56:31.109] [modloading-worker-0/DEBUG] [net.minecraftforge.fml.javafmlmod.AutomaticEventSubscriber/LOADING]: Auto-subscribing net.mcreator.world.world.features.StructureFeature to FORGE
[12Aug2025 21:56:31.110] [modloading-worker-0/DEBUG] [net.minecraftforge.fml.javafmlmod.AutomaticEventSubscriber/LOADING]: Attempting to inject @EventBusSubscriber classes into the eventbus for iceandfire
[12Aug2025 21:56:31.113] [modloading-worker-0/DEBUG] [net.minecraftforge.fml.javafmlmod.AutomaticEventSubscriber/LOADING]: Auto-subscribing com.github.alexthe666.iceandfire.recipe.IafRecipeRegistry to MOD
[12Aug2025 21:56:31.113] [modloading-worker-0/DEBUG] [net.minecraftforge.fml.javafmlmod.AutomaticEventSubscriber/LOADING]: Auto-subscribing com.github.alexthe666.iceandfire.misc.IafSoundRegistry to MOD
[12Aug2025 21:56:31.113] [modloading-worker-0/DEBUG] [net.minecraftforge.fml.javafmlmod.AutomaticEventSubscriber/LOADING]: Auto-subscribing net.mcreator.world.world.dimension.Worldtest1Dimension to FORGE
[12Aug2025 21:56:31.113] [modloading-worker-0/DEBUG] [net.minecraftforge.fml.javafmlmod.AutomaticEventSubscriber/LOADING]: Auto-subscribing com.github.alexthe666.iceandfire.misc.IafDamageRegistry to MOD
[12Aug2025 21:56:31.113] [modloading-worker-0/DEBUG] [net.minecraftforge.fml.javafmlmod.AutomaticEventSubscriber/LOADING]: Auto-subscribing net.mcreator.world.world.dimension.Worldtest1Dimension$DimensionSpecialEffectsHandler to MOD
[12Aug2025 21:56:31.114] [modloading-worker-0/DEBUG] [net.minecraftforge.fml.javafmlmod.AutomaticEventSubscriber/LOADING]: Auto-subscribing net.mcreator.world.world.dimension.MadnessdimensionDimension to FORGE
[12Aug2025 21:56:31.115] [modloading-worker-0/DEBUG] [net.minecraftforge.fml.javafmlmod.AutomaticEventSubscriber/LOADING]: Auto-subscribing net.mcreator.world.world.dimension.MadnessdimensionDimension$DimensionSpecialEffectsHandler to MOD
[12Aug2025 21:56:31.117] [modloading-worker-0/DEBUG] [net.minecraftforge.fml.javafmlmod.AutomaticEventSubscriber/LOADING]: Auto-subscribing net.mcreator.world.network.OldmanguiButtonMessage to MOD
[12Aug2025 21:56:31.117] [modloading-worker-0/DEBUG] [net.minecraftforge.fml.javafmlmod.AutomaticEventSubscriber/LOADING]: Auto-subscribing com.github.alexthe666.iceandfire.item.IafItemRegistry to MOD
[12Aug2025 21:56:31.118] [modloading-worker-0/DEBUG] [net.minecraftforge.fml.javafmlmod.AutomaticEventSubscriber/LOADING]: Auto-subscribing net.mcreator.world.network.MineguiButtonMessage to MOD
[12Aug2025 21:56:31.119] [modloading-worker-0/DEBUG] [net.minecraftforge.fml.javafmlmod.AutomaticEventSubscriber/LOADING]: Auto-subscribing net.mcreator.world.network.DryadhouseguiButtonMessage to MOD
[12Aug2025 21:56:31.119] [modloading-worker-0/DEBUG] [net.minecraftforge.fml.javafmlmod.AutomaticEventSubscriber/LOADING]: Auto-subscribing net.mcreator.aerlunerpg.world.features.StructureFeature to FORGE
[12Aug2025 21:56:31.120] [modloading-worker-0/DEBUG] [net.minecraftforge.fml.javafmlmod.AutomaticEventSubscriber/LOADING]: Auto-subscribing net.mcreator.aerlunerpg.world.dimension.IcedDimension to FORGE
[12Aug2025 21:56:31.121] [modloading-worker-0/DEBUG] [net.minecraftforge.fml.javafmlmod.AutomaticEventSubscriber/LOADING]: Auto-subscribing net.mcreator.world.init.WorldModTabs to MOD
[12Aug2025 21:56:31.121] [modloading-worker-0/DEBUG] [net.minecraftforge.fml.javafmlmod.AutomaticEventSubscriber/LOADING]: Auto-subscribing net.mcreator.aerlunerpg.world.dimension.IcedDimension$DimensionSpecialEffectsHandler to MOD
[12Aug2025 21:56:31.121] [modloading-worker-0/DEBUG] [net.minecraftforge.fml.javafmlmod.AutomaticEventSubscriber/LOADING]: Auto-subscribing com.github.alexthe666.iceandfire.event.ServerEvents to FORGE
[12Aug2025 21:56:31.122] [modloading-worker-0/DEBUG] [net.minecraftforge.fml.javafmlmod.AutomaticEventSubscriber/LOADING]: Auto-subscribing net.mcreator.aerlunerpg.world.dimension.CrowddDimension to FORGE
[12Aug2025 21:56:31.123] [modloading-worker-0/DEBUG] [net.minecraftforge.fml.javafmlmod.AutomaticEventSubscriber/LOADING]: Auto-subscribing net.mcreator.aerlunerpg.world.dimension.CrowddDimension$DimensionSpecialEffectsHandler to MOD
[12Aug2025 21:56:31.122] [modloading-worker-0/DEBUG] [net.minecraftforge.fml.javafmlmod.AutomaticEventSubscriber/LOADING]: Auto-subscribing net.mcreator.world.init.WorldModEntities to MOD
[12Aug2025 21:56:31.124] [modloading-worker-0/DEBUG] [net.minecraftforge.fml.javafmlmod.AutomaticEventSubscriber/LOADING]: Auto-subscribing net.mcreator.world.init.WorldModBiomes to FORGE
[12Aug2025 21:56:31.126] [modloading-worker-0/DEBUG] [net.minecraftforge.fml.javafmlmod.AutomaticEventSubscriber/LOADING]: Auto-subscribing net.mcreator.world.init.EntityAnimationFactory to FORGE
[12Aug2025 21:56:31.124] [modloading-worker-0/DEBUG] [net.minecraftforge.fml.javafmlmod.AutomaticEventSubscriber/LOADING]: Auto-subscribing net.mcreator.aerlunerpg.procedures.SpawnProcedure to FORGE
[12Aug2025 21:56:31.127] [modloading-worker-0/DEBUG] [net.minecraftforge.fml.javafmlmod.AutomaticEventSubscriber/LOADING]: Auto-subscribing net.mcreator.aerlunerpg.procedures.LifeessensedropProcedure to FORGE
[12Aug2025 21:56:31.129] [modloading-worker-0/DEBUG] [net.minecraftforge.fml.javafmlmod.AutomaticEventSubscriber/LOADING]: Auto-subscribing net.mcreator.aerlunerpg.procedures.ForestdarkskyProcedure to FORGE
[12Aug2025 21:56:31.129] [modloading-worker-0/DEBUG] [net.minecraftforge.fml.javafmlmod.AutomaticEventSubscriber/LOADING]: Auto-subscribing net.mcreator.world.init.ArmorAnimationFactory to FORGE
[12Aug2025 21:56:31.130] [modloading-worker-0/DEBUG] [net.minecraftforge.fml.javafmlmod.AutomaticEventSubscriber/LOADING]: Auto-subscribing net.mcreator.world.block.listener.ClientListener to MOD
[12Aug2025 21:56:31.131] [modloading-worker-0/DEBUG] [net.minecraftforge.fml.javafmlmod.AutomaticEventSubscriber/LOADING]: Auto-subscribing net.mcreator.aerlunerpg.procedures.BasepProcedure to FORGE
[12Aug2025 21:56:31.133] [modloading-worker-0/DEBUG] [net.minecraftforge.fml.javafmlmod.AutomaticEventSubscriber/LOADING]: Attempting to inject @EventBusSubscriber classes into the eventbus for spark
[12Aug2025 21:56:31.133] [modloading-worker-0/DEBUG] [net.minecraftforge.fml.javafmlmod.AutomaticEventSubscriber/LOADING]: Auto-subscribing net.mcreator.aerlunerpg.network.MetsMessage to MOD
[12Aug2025 21:56:31.134] [modloading-worker-0/DEBUG] [net.minecraftforge.fml.javafmlmod.AutomaticEventSubscriber/LOADING]: Auto-subscribing net.mcreator.aerlunerpg.network.AerlunerpgModVariables to MOD
[12Aug2025 21:56:31.132] [modloading-worker-0/DEBUG] [net.minecraftforge.fml.javafmlmod.AutomaticEventSubscriber/LOADING]: Auto-subscribing com.github.alexthe666.iceandfire.entity.props.CapabilityHandler to FORGE
[12Aug2025 21:56:31.138] [modloading-worker-0/DEBUG] [net.minecraftforge.fml.javafmlmod.AutomaticEventSubscriber/LOADING]: Auto-subscribing com.github.alexthe666.iceandfire.entity.IafVillagerRegistry to MOD
[12Aug2025 21:56:31.139] [modloading-worker-0/DEBUG] [net.minecraftforge.fml.javafmlmod.AutomaticEventSubscriber/LOADING]: Auto-subscribing com.github.alexthe666.iceandfire.entity.IafEntityRegistry to MOD
[12Aug2025 21:56:31.140] [modloading-worker-0/DEBUG] [net.minecraftforge.fml.javafmlmod.AutomaticEventSubscriber/LOADING]: Auto-subscribing net.mcreator.aerlunerpg.network.AerlunerpgModVariables$PlayerVariablesProvider to FORGE
[12Aug2025 21:56:31.140] [modloading-worker-0/DEBUG] [net.minecraftforge.fml.javafmlmod.AutomaticEventSubscriber/LOADING]: Auto-subscribing com.github.alexthe666.iceandfire.datagen.DataGenerators to MOD
[12Aug2025 21:56:31.141] [modloading-worker-0/DEBUG] [net.minecraftforge.fml.javafmlmod.AutomaticEventSubscriber/LOADING]: Auto-subscribing net.mcreator.aerlunerpg.network.AerlunerpgModVariables$EventBusVariableHandlers to FORGE
[12Aug2025 21:56:31.141] [modloading-worker-0/DEBUG] [mixin/]: Mixing RegistriesDatapackGeneratorAccessor from vampirism.mixins.json into net.minecraft.data.registries.RegistriesDatapackGenerator
[12Aug2025 21:56:31.142] [modloading-worker-0/DEBUG] [mixin/]: Mixing RegistriesDatapackGeneratorAccessor from werewolves.mixins.json into net.minecraft.data.registries.RegistriesDatapackGenerator
[12Aug2025 21:56:31.142] [modloading-worker-0/DEBUG] [mixin/]: Unexpected: Registered method getRegistries()Ljava/util/concurrent/CompletableFuture; in net.minecraft.data.registries.RegistriesDatapackGenerator was not merged
[12Aug2025 21:56:31.145] [modloading-worker-0/DEBUG] [net.minecraftforge.fml.javafmlmod.AutomaticEventSubscriber/LOADING]: Auto-subscribing com.github.alexthe666.iceandfire.block.IafBlockRegistry to MOD
[12Aug2025 21:56:31.146] [modloading-worker-0/DEBUG] [net.minecraftforge.fml.javafmlmod.AutomaticEventSubscriber/LOADING]: Auto-subscribing com.github.alexthe666.iceandfire.IceAndFire to FORGE
[12Aug2025 21:56:31.146] [modloading-worker-0/DEBUG] [net.minecraftforge.fml.javafmlmod.AutomaticEventSubscriber/LOADING]: Auto-subscribing com.github.alexthe666.iceandfire.CommonProxy to MOD
[12Aug2025 21:56:31.148] [modloading-worker-0/DEBUG] [net.minecraftforge.fml.javafmlmod.AutomaticEventSubscriber/LOADING]: Auto-subscribing net.mcreator.aerlunerpg.init.ItemAnimationFactory to FORGE
[12Aug2025 21:56:31.150] [modloading-worker-0/DEBUG] [net.minecraftforge.fml.javafmlmod.AutomaticEventSubscriber/LOADING]: Auto-subscribing net.mcreator.aerlunerpg.init.EntityAnimationFactory to FORGE
[12Aug2025 21:56:31.150] [modloading-worker-0/DEBUG] [net.minecraftforge.fml.javafmlmod.AutomaticEventSubscriber/LOADING]: Auto-subscribing net.mcreator.aerlunerpg.init.ArmorAnimationFactory to FORGE
[12Aug2025 21:56:31.151] [modloading-worker-0/DEBUG] [net.minecraftforge.fml.javafmlmod.AutomaticEventSubscriber/LOADING]: Auto-subscribing net.mcreator.aerlunerpg.init.AerlunerpgModTabs to MOD
[12Aug2025 21:56:31.153] [modloading-worker-0/DEBUG] [net.minecraftforge.fml.config.ConfigTracker/CONFIG]: Config file jeiintegration-client.toml for jeiintegration tracking
[12Aug2025 21:56:31.154] [modloading-worker-0/DEBUG] [net.minecraftforge.fml.javafmlmod.AutomaticEventSubscriber/LOADING]: Attempting to inject @EventBusSubscriber classes into the eventbus for jeiintegration
[12Aug2025 21:56:31.155] [modloading-worker-0/DEBUG] [net.minecraftforge.fml.javafmlmod.AutomaticEventSubscriber/LOADING]: Auto-subscribing net.mcreator.aerlunerpg.init.AerlunerpgModFeatures to FORGE
[12Aug2025 21:56:31.155] [modloading-worker-0/DEBUG] [net.minecraftforge.fml.javafmlmod.AutomaticEventSubscriber/LOADING]: Auto-subscribing net.mcreator.aerlunerpg.init.AerlunerpgModEntities to MOD
[12Aug2025 21:56:31.159] [modloading-worker-0/DEBUG] [net.minecraftforge.fml.javafmlmod.AutomaticEventSubscriber/LOADING]: Auto-subscribing net.mcreator.aerlunerpg.block.listener.ClientListener to MOD
[12Aug2025 21:56:31.162] [modloading-worker-0/DEBUG] [net.minecraftforge.fml.config.ConfigTracker/CONFIG]: Config file enchantmentmachine-server.toml for enchantmentmachine tracking
[12Aug2025 21:56:31.167] [modloading-worker-0/DEBUG] [net.minecraftforge.fml.config.ConfigTracker/CONFIG]: Config file curios-client.toml for curios tracking
[12Aug2025 21:56:31.171] [modloading-worker-0/DEBUG] [net.minecraftforge.fml.config.ConfigTracker/CONFIG]: Config file curios-common.toml for curios tracking
[12Aug2025 21:56:31.171] [modloading-worker-0/DEBUG] [net.minecraftforge.fml.config.ConfigTracker/CONFIG]: Config file curios-server.toml for curios tracking
[12Aug2025 21:56:31.171] [modloading-worker-0/DEBUG] [net.minecraftforge.fml.javafmlmod.AutomaticEventSubscriber/LOADING]: Attempting to inject @EventBusSubscriber classes into the eventbus for curios
[12Aug2025 21:56:31.177] [modloading-worker-0/DEBUG] [net.minecraftforge.fml.javafmlmod.AutomaticEventSubscriber/LOADING]: Attempting to inject @EventBusSubscriber classes into the eventbus for enchantmentmachine
[12Aug2025 21:56:31.187] [modloading-worker-0/DEBUG] [net.minecraftforge.fml.config.ConfigTracker/CONFIG]: Config file gravestone-server.toml for gravestone tracking
[12Aug2025 21:56:31.191] [modloading-worker-0/DEBUG] [net.minecraftforge.fml.config.ConfigTracker/CONFIG]: Config file gravestone-client.toml for gravestone tracking
[12Aug2025 21:56:31.192] [modloading-worker-0/DEBUG] [net.minecraftforge.fml.javafmlmod.AutomaticEventSubscriber/LOADING]: Attempting to inject @EventBusSubscriber classes into the eventbus for gravestone
[12Aug2025 21:56:31.192] [modloading-worker-0/DEBUG] [net.minecraftforge.fml.javafmlmod.AutomaticEventSubscriber/LOADING]: Auto-subscribing de.maxhenkel.gravestone.Main to FORGE
[12Aug2025 21:56:31.201] [modloading-worker-0/INFO] [dev.architectury.networking.forge.NetworkManagerImpl/]: Registering C2S receiver with id ftbultimine:key_pressed
[12Aug2025 21:56:31.204] [modloading-worker-0/INFO] [dev.architectury.networking.forge.NetworkManagerImpl/]: Registering C2S receiver with id ftbultimine:mode_changed
[12Aug2025 21:56:31.206] [modloading-worker-0/INFO] [dev.architectury.networking.forge.NetworkManagerImpl/]: Registering C2S receiver with id ftbultimine:sync_config_to_server
[12Aug2025 21:56:31.223] [modloading-worker-0/DEBUG] [net.minecraftforge.fml.javafmlmod.AutomaticEventSubscriber/LOADING]: Attempting to inject @EventBusSubscriber classes into the eventbus for alexscaves
[12Aug2025 21:56:31.223] [modloading-worker-0/DEBUG] [net.minecraftforge.fml.javafmlmod.AutomaticEventSubscriber/LOADING]: Auto-subscribing com.github.alexmodguy.alexscaves.server.entity.ACEntityRegistry to MOD
[12Aug2025 21:56:31.240] [modloading-worker-0/DEBUG] [net.minecraftforge.fml.javafmlmod.AutomaticEventSubscriber/LOADING]: Attempting to inject @EventBusSubscriber classes into the eventbus for ftbultimine
[12Aug2025 21:56:31.259] [modloading-worker-0/DEBUG] [net.minecraftforge.fml.javafmlmod.AutomaticEventSubscriber/LOADING]: Attempting to inject @EventBusSubscriber classes into the eventbus for worldedit
[12Aug2025 21:56:31.264] [modloading-worker-0/DEBUG] [net.minecraftforge.fml.javafmlmod.AutomaticEventSubscriber/LOADING]: Attempting to inject @EventBusSubscriber classes into the eventbus for rogcontinued
[12Aug2025 21:56:31.264] [modloading-worker-0/DEBUG] [net.minecraftforge.fml.javafmlmod.AutomaticEventSubscriber/LOADING]: Auto-subscribing net.mcreator.rogcontinued.procedures.WolfsgravestoneTickProcedure to FORGE
[12Aug2025 21:56:31.265] [modloading-worker-0/DEBUG] [net.minecraftforge.fml.javafmlmod.AutomaticEventSubscriber/LOADING]: Auto-subscribing net.mcreator.rogcontinued.procedures.ThunderingpulseTickProcedure to FORGE
[12Aug2025 21:56:31.266] [modloading-worker-0/DEBUG] [net.minecraftforge.fml.javafmlmod.AutomaticEventSubscriber/LOADING]: Auto-subscribing net.mcreator.rogcontinued.procedures.TheunforgedTickProcedure to FORGE
[12Aug2025 21:56:31.267] [modloading-worker-0/DEBUG] [net.minecraftforge.fml.javafmlmod.AutomaticEventSubscriber/LOADING]: Auto-subscribing net.mcreator.rogcontinued.procedures.TheblackswordTickProcedure to FORGE
[12Aug2025 21:56:31.268] [modloading-worker-0/INFO] [dev.architectury.networking.forge.NetworkManagerImpl/]: Registering C2S receiver with id ftblibrary:edit_nbt_response
[12Aug2025 21:56:31.270] [modloading-worker-0/DEBUG] [net.minecraftforge.fml.config.ConfigTracker/CONFIG]: Config file parcool-server.toml for parcool tracking
[12Aug2025 21:56:31.270] [modloading-worker-0/DEBUG] [net.minecraftforge.fml.javafmlmod.AutomaticEventSubscriber/LOADING]: Attempting to inject @EventBusSubscriber classes into the eventbus for ftblibrary
[12Aug2025 21:56:31.271] [modloading-worker-0/DEBUG] [net.minecraftforge.fml.javafmlmod.AutomaticEventSubscriber/LOADING]: Auto-subscribing net.mcreator.rogcontinued.procedures.ThebelltickProcedure to FORGE
[12Aug2025 21:56:31.272] [modloading-worker-0/DEBUG] [net.minecraftforge.fml.javafmlmod.AutomaticEventSubscriber/LOADING]: Auto-subscribing net.mcreator.rogcontinued.procedures.StrenghtEffectProcedure to FORGE
[12Aug2025 21:56:31.272] [modloading-worker-0/DEBUG] [net.minecraftforge.fml.javafmlmod.AutomaticEventSubscriber/LOADING]: Auto-subscribing net.mcreator.rogcontinued.procedures.SkywardtickProcedure to FORGE
[12Aug2025 21:56:31.273] [modloading-worker-0/DEBUG] [net.minecraftforge.fml.javafmlmod.AutomaticEventSubscriber/LOADING]: Auto-subscribing net.mcreator.rogcontinued.procedures.RedhornstonethresherTickProcedure to FORGE
[12Aug2025 21:56:31.273] [modloading-worker-0/DEBUG] [mixin/]: Mixing LootTableMixin from balm.mixins.json into net.minecraft.world.level.storage.loot.LootTable
[12Aug2025 21:56:31.275] [modloading-worker-0/DEBUG] [mixin/]: Mixing LootTableAccessor from vampirism.mixins.json into net.minecraft.world.level.storage.loot.LootTable
[12Aug2025 21:56:31.278] [modloading-worker-0/DEBUG] [net.minecraftforge.fml.javafmlmod.AutomaticEventSubscriber/LOADING]: Auto-subscribing net.mcreator.rogcontinued.procedures.LightningInazumaBiomeProcedure to FORGE
[12Aug2025 21:56:31.279] [modloading-worker-0/DEBUG] [net.minecraftforge.fml.javafmlmod.AutomaticEventSubscriber/LOADING]: Auto-subscribing net.mcreator.rogcontinued.procedures.HarbingerofdawnHandTickProcedure to FORGE
[12Aug2025 21:56:31.282] [modloading-worker-0/DEBUG] [net.minecraftforge.fml.javafmlmod.AutomaticEventSubscriber/LOADING]: Auto-subscribing net.mcreator.rogcontinued.procedures.EnduranceupTickProcedure to FORGE
[12Aug2025 21:56:31.283] [modloading-worker-0/DEBUG] [net.minecraftforge.fml.javafmlmod.AutomaticEventSubscriber/LOADING]: Auto-subscribing net.mcreator.rogcontinued.procedures.BowTickProcedure to FORGE
[12Aug2025 21:56:31.284] [modloading-worker-0/DEBUG] [net.minecraftforge.fml.javafmlmod.AutomaticEventSubscriber/LOADING]: Auto-subscribing net.mcreator.rogcontinued.procedures.BakufuTickProcedure to FORGE
[12Aug2025 21:56:31.285] [modloading-worker-0/DEBUG] [net.minecraftforge.fml.javafmlmod.AutomaticEventSubscriber/LOADING]: Auto-subscribing net.mcreator.rogcontinued.procedures.AquilafavoniaTickProcedure to FORGE
[12Aug2025 21:56:31.286] [modloading-worker-0/DEBUG] [net.minecraftforge.fml.javafmlmod.AutomaticEventSubscriber/LOADING]: Auto-subscribing net.mcreator.rogcontinued.procedures.AmosbowTickProcedure to FORGE
[12Aug2025 21:56:31.287] [modloading-worker-0/DEBUG] [net.minecraftforge.fml.javafmlmod.AutomaticEventSubscriber/LOADING]: Auto-subscribing net.mcreator.rogcontinued.procedures.AgressiveentitydiesProcedure to FORGE
[12Aug2025 21:56:31.288] [modloading-worker-0/DEBUG] [net.minecraftforge.fml.javafmlmod.AutomaticEventSubscriber/LOADING]: Auto-subscribing net.mcreator.rogcontinued.network.RogcontinuedModVariables to MOD
[12Aug2025 21:56:31.288] [modloading-worker-0/DEBUG] [net.minecraftforge.fml.javafmlmod.AutomaticEventSubscriber/LOADING]: Auto-subscribing net.mcreator.rogcontinued.init.RogcontinuedModFeatures to FORGE
[12Aug2025 21:56:31.289] [modloading-worker-0/DEBUG] [net.minecraftforge.fml.javafmlmod.AutomaticEventSubscriber/LOADING]: Auto-subscribing net.mcreator.rogcontinued.init.RogcontinuedModEntities to MOD
[12Aug2025 21:56:31.292] [modloading-worker-0/DEBUG] [net.minecraftforge.fml.javafmlmod.AutomaticEventSubscriber/LOADING]: Auto-subscribing net.mcreator.rogcontinued.init.RogcontinuedModBiomes to FORGE
[12Aug2025 21:56:31.295] [modloading-worker-0/DEBUG] [net.minecraftforge.fml.javafmlmod.AutomaticEventSubscriber/LOADING]: Attempting to inject @EventBusSubscriber classes into the eventbus for architectury
[12Aug2025 21:56:31.295] [modloading-worker-0/DEBUG] [net.minecraftforge.fml.javafmlmod.AutomaticEventSubscriber/LOADING]: Auto-subscribing dev.architectury.registry.level.entity.trade.forge.TradeRegistryImpl to FORGE
[12Aug2025 21:56:31.297] [modloading-worker-0/DEBUG] [net.minecraftforge.fml.javafmlmod.AutomaticEventSubscriber/LOADING]: Auto-subscribing dev.architectury.registry.forge.ReloadListenerRegistryImpl to FORGE
[12Aug2025 21:56:31.297] [modloading-worker-0/DEBUG] [net.minecraftforge.fml.javafmlmod.AutomaticEventSubscriber/LOADING]: Auto-subscribing dev.architectury.networking.forge.NetworkManagerImpl to FORGE
[12Aug2025 21:56:31.298] [modloading-worker-0/DEBUG] [net.minecraftforge.fml.javafmlmod.AutomaticEventSubscriber/LOADING]: Attempting to inject @EventBusSubscriber classes into the eventbus for octolib
[12Aug2025 21:56:31.304] [modloading-worker-0/DEBUG] [net.minecraftforge.fml.config.ConfigTracker/CONFIG]: Config file parcool-client.toml for parcool tracking
[12Aug2025 21:56:31.304] [modloading-worker-0/DEBUG] [net.minecraftforge.fml.javafmlmod.AutomaticEventSubscriber/LOADING]: Attempting to inject @EventBusSubscriber classes into the eventbus for parcool
[12Aug2025 21:56:31.308] [modloading-worker-0/DEBUG] [net.minecraftforge.fml.javafmlmod.AutomaticEventSubscriber/LOADING]: Attempting to inject @EventBusSubscriber classes into the eventbus for teamlapenlib
[12Aug2025 21:56:31.330] [modloading-worker-0/DEBUG] [net.minecraftforge.fml.javafmlmod.AutomaticEventSubscriber/LOADING]: Attempting to inject @EventBusSubscriber classes into the eventbus for vampirism_integrations
[12Aug2025 21:56:31.337] [modloading-worker-0/INFO] [de.teamlapen.vampirism.config.BalanceConfig/]: IceAndFire is loaded -> Adjusting default fire related configuration.
[12Aug2025 21:56:31.344] [modloading-worker-0/DEBUG] [net.minecraftforge.fml.javafmlmod.AutomaticEventSubscriber/LOADING]: Attempting to inject @EventBusSubscriber classes into the eventbus for godly_vampirism
[12Aug2025 21:56:31.344] [modloading-worker-0/DEBUG] [net.minecraftforge.fml.javafmlmod.AutomaticEventSubscriber/LOADING]: Auto-subscribing de.teamlapen.godlyvampirism.GodlyVampirismMod to FORGE
[12Aug2025 21:56:31.345] [modloading-worker-0/DEBUG] [net.minecraftforge.fml.javafmlmod.AutomaticEventSubscriber/LOADING]: Attempting to inject @EventBusSubscriber classes into the eventbus for ferritecore
[12Aug2025 21:56:31.360] [modloading-worker-0/INFO] [com.cupboard.Cupboard/]: Loaded config for: cupboard.json
[12Aug2025 21:56:31.364] [modloading-worker-0/DEBUG] [net.minecraftforge.fml.javafmlmod.AutomaticEventSubscriber/LOADING]: Attempting to inject @EventBusSubscriber classes into the eventbus for cupboard
[12Aug2025 21:56:31.365] [modloading-worker-0/DEBUG] [net.minecraftforge.fml.javafmlmod.AutomaticEventSubscriber/LOADING]: Attempting to inject @EventBusSubscriber classes into the eventbus for rarcompat
[12Aug2025 21:56:31.365] [modloading-worker-0/DEBUG] [net.minecraftforge.fml.javafmlmod.AutomaticEventSubscriber/LOADING]: Auto-subscribing it.hurts.octostudios.rarcompat.network.NetworkHandler to MOD
[12Aug2025 21:56:31.366] [modloading-worker-0/DEBUG] [net.minecraftforge.fml.javafmlmod.AutomaticEventSubscriber/LOADING]: Auto-subscribing it.hurts.octostudios.rarcompat.items.hat.DrinkingHatItem$DrinkingHatEvents to FORGE
[12Aug2025 21:56:31.367] [modloading-worker-0/DEBUG] [net.minecraftforge.fml.javafmlmod.AutomaticEventSubscriber/LOADING]: Auto-subscribing it.hurts.octostudios.rarcompat.items.hat.AnglersHatItem$AnglersHatEvents to FORGE
[12Aug2025 21:56:31.368] [modloading-worker-0/DEBUG] [net.minecraftforge.fml.javafmlmod.AutomaticEventSubscriber/LOADING]: Auto-subscribing it.hurts.octostudios.rarcompat.CreativeTabModifier to MOD
[12Aug2025 21:56:31.386] [modloading-worker-0/DEBUG] [mixin/]: Mixing MixinCriteria from forge-mca.mixin.json into net.minecraft.advancements.CriteriaTriggers
[12Aug2025 21:56:31.407] [modloading-worker-0/DEBUG] [net.minecraftforge.fml.javafmlmod.AutomaticEventSubscriber/LOADING]: Attempting to inject @EventBusSubscriber classes into the eventbus for wings
[12Aug2025 21:56:31.408] [modloading-worker-0/DEBUG] [net.minecraftforge.fml.javafmlmod.AutomaticEventSubscriber/LOADING]: Auto-subscribing me.paulf.wings.server.sound.WingsSounds to FORGE
[12Aug2025 21:56:31.408] [modloading-worker-0/DEBUG] [net.minecraftforge.fml.javafmlmod.AutomaticEventSubscriber/LOADING]: Auto-subscribing me.paulf.wings.server.item.WingsItems to FORGE
[12Aug2025 21:56:31.408] [modloading-worker-0/DEBUG] [net.minecraftforge.fml.javafmlmod.AutomaticEventSubscriber/LOADING]: Auto-subscribing me.paulf.wings.server.flight.Flights to FORGE
[12Aug2025 21:56:31.419] [modloading-worker-0/DEBUG] [net.minecraftforge.fml.javafmlmod.AutomaticEventSubscriber/LOADING]: Auto-subscribing me.paulf.wings.server.dreamcatcher.InSomniableEventHandler to FORGE
[12Aug2025 21:56:31.420] [modloading-worker-0/DEBUG] [net.minecraftforge.fml.javafmlmod.AutomaticEventSubscriber/LOADING]: Auto-subscribing me.paulf.wings.server.dreamcatcher.InSomniableCapability to FORGE
[12Aug2025 21:56:31.421] [modloading-worker-0/DEBUG] [net.minecraftforge.fml.javafmlmod.AutomaticEventSubscriber/LOADING]: Auto-subscribing me.paulf.wings.server.ServerEventHandler to FORGE
[12Aug2025 21:56:31.421] [modloading-worker-0/DEBUG] [mixin/]: Mixing WerewolfFormActionMixin from vampiricageing.mixins.json into de.teamlapen.werewolves.entities.player.werewolf.actions.WerewolfFormAction
[12Aug2025 21:56:31.422] [modloading-worker-0/DEBUG] [mixin/]: Renaming synthetic method lambda$getTimeModifier$0(Lcom/doctor/vampiricageing/capabilities/IAgeingCapability;)Ljava/lang/Integer; to md8ce68a$lambda$getTimeModifier$0$0 in vampiricageing.mixins.json:WerewolfFormActionMixin
[12Aug2025 21:56:31.429] [modloading-worker-0/DEBUG] [mixin/]: Mixing HowlActionMixin from vampiricageing.mixins.json into de.teamlapen.werewolves.entities.player.werewolf.actions.HowlingAction
[12Aug2025 21:56:31.429] [modloading-worker-0/DEBUG] [mixin/]: Renaming synthetic method lambda$activate$0(Lcom/doctor/vampiricageing/capabilities/IAgeingCapability;)Ljava/lang/Integer; to md8ce68a$lambda$activate$0$0 in vampiricageing.mixins.json:HowlActionMixin
[12Aug2025 21:56:31.434] [modloading-worker-0/INFO] [be.florens.expandability.ExpandAbility/]: ExpandAbility here, who dis?
[12Aug2025 21:56:31.434] [modloading-worker-0/DEBUG] [net.minecraftforge.fml.javafmlmod.AutomaticEventSubscriber/LOADING]: Attempting to inject @EventBusSubscriber classes into the eventbus for expandability
[12Aug2025 21:56:31.456] [modloading-worker-0/DEBUG] [net.minecraftforge.fml.javafmlmod.AutomaticEventSubscriber/LOADING]: Attempting to inject @EventBusSubscriber classes into the eventbus for mca
[12Aug2025 21:56:31.457] [modloading-worker-0/DEBUG] [net.minecraftforge.fml.javafmlmod.AutomaticEventSubscriber/LOADING]: Auto-subscribing forge.net.mca.forge.ForgeBusEvents to FORGE
[12Aug2025 21:56:31.460] [modloading-worker-0/DEBUG] [mixin/]: Mixing SilverOilMixin from vampiricageing.mixins.json into de.teamlapen.werewolves.items.oil.SilverOil
[12Aug2025 21:56:31.461] [modloading-worker-0/DEBUG] [mixin/]: Renaming synthetic method lambda$onDamage$0(Lcom/doctor/vampiricageing/capabilities/IAgeingCapability;)Ljava/lang/Integer; to md8ce68a$lambda$onDamage$0$0 in vampiricageing.mixins.json:SilverOilMixin
[12Aug2025 21:56:31.463] [modloading-worker-0/DEBUG] [net.minecraftforge.fml.javafmlmod.AutomaticEventSubscriber/LOADING]: Auto-subscribing forge.net.mca.forge.MCAForge to MOD
[12Aug2025 21:56:31.479] [modloading-worker-0/DEBUG] [net.minecraftforge.fml.config.ConfigTracker/CONFIG]: Config file werewolves-client.toml for werewolves tracking
[12Aug2025 21:56:31.479] [modloading-worker-0/DEBUG] [net.minecraftforge.fml.config.ConfigTracker/CONFIG]: Config file werewolves-common.toml for werewolves tracking
[12Aug2025 21:56:31.479] [modloading-worker-0/DEBUG] [net.minecraftforge.fml.config.ConfigTracker/CONFIG]: Config file werewolves-server.toml for werewolves tracking
[12Aug2025 21:56:31.479] [modloading-worker-0/DEBUG] [net.minecraftforge.fml.config.ConfigTracker/CONFIG]: Config file werewolves-balance.toml for werewolves tracking
[12Aug2025 21:56:31.480] [modloading-worker-0/DEBUG] [net.minecraftforge.fml.javafmlmod.AutomaticEventSubscriber/LOADING]: Attempting to inject @EventBusSubscriber classes into the eventbus for werewolves
[12Aug2025 21:56:31.480] [modloading-worker-0/DEBUG] [net.minecraftforge.fml.javafmlmod.AutomaticEventSubscriber/LOADING]: Auto-subscribing de.teamlapen.werewolves.misc.WerewolvesCreativeTab to MOD
[12Aug2025 21:56:31.481] [modloading-worker-0/DEBUG] [net.minecraftforge.fml.javafmlmod.AutomaticEventSubscriber/LOADING]: Auto-subscribing de.teamlapen.werewolves.data.DataGeneration to MOD
[12Aug2025 21:56:31.481] [modloading-worker-0/DEBUG] [mixin/]: Mixing VampirismItemBloodFoodItemMixin from vampiricageing.mixins.json into de.teamlapen.vampirism.items.VampirismItemBloodFoodItem
[12Aug2025 21:56:31.537] [modloading-worker-0/WARN] [Dragon Survival/]: Potential issue found for configuration: [oresTag]
[12Aug2025 21:56:31.542] [modloading-worker-0/DEBUG] [net.minecraftforge.fml.config.ConfigTracker/CONFIG]: Config file dragonsurvival-server.toml for dragonsurvival tracking
[12Aug2025 21:56:31.576] [modloading-worker-0/DEBUG] [mixin/]: Mixing perf.resourcepacks.ForgePathPackResourcesMixin from modernfix-forge.mixins.json into net.minecraftforge.resource.PathPackResources
[12Aug2025 21:56:31.577] [modloading-worker-0/DEBUG] [mixin/]: Renaming synthetic method lambda$generateResourceCache$0(Lnet/minecraft/server/packs/PackType;)Ljava/nio/file/Path; to md8ce68a$lambda$generateResourceCache$0$0 in modernfix-forge.mixins.json:perf.resourcepacks.ForgePathPackResourcesMixin
[12Aug2025 21:56:31.593] [modloading-worker-0/DEBUG] [net.minecraftforge.fml.javafmlmod.AutomaticEventSubscriber/LOADING]: Attempting to inject @EventBusSubscriber classes into the eventbus for dragonsurvival
[12Aug2025 21:56:31.594] [modloading-worker-0/DEBUG] [net.minecraftforge.fml.javafmlmod.AutomaticEventSubscriber/LOADING]: Auto-subscribing by.dragonsurvivalteam.dragonsurvival.server.tileentity.DSTileEntities to MOD
[12Aug2025 21:56:31.596] [modloading-worker-0/DEBUG] [net.minecraftforge.fml.javafmlmod.AutomaticEventSubscriber/LOADING]: Auto-subscribing by.dragonsurvivalteam.dragonsurvival.server.handlers.ServerPlayerStatusSync to FORGE
[12Aug2025 21:56:31.597] [modloading-worker-0/DEBUG] [net.minecraftforge.fml.javafmlmod.AutomaticEventSubscriber/LOADING]: Auto-subscribing by.dragonsurvivalteam.dragonsurvival.server.handlers.ServerFlightHandler to FORGE
[12Aug2025 21:56:31.599] [modloading-worker-0/DEBUG] [net.minecraftforge.fml.javafmlmod.AutomaticEventSubscriber/LOADING]: Auto-subscribing by.dragonsurvivalteam.dragonsurvival.server.handlers.PotionSync to FORGE
[12Aug2025 21:56:31.601] [modloading-worker-0/DEBUG] [net.minecraftforge.fml.javafmlmod.AutomaticEventSubscriber/LOADING]: Auto-subscribing by.dragonsurvivalteam.dragonsurvival.server.handlers.LootTableInject to FORGE
[12Aug2025 21:56:31.603] [modloading-worker-0/DEBUG] [net.minecraftforge.fml.javafmlmod.AutomaticEventSubscriber/LOADING]: Auto-subscribing by.dragonsurvivalteam.dragonsurvival.server.handlers.DragonRidingHandler to FORGE
[12Aug2025 21:56:31.606] [modloading-worker-0/DEBUG] [net.minecraftforge.fml.javafmlmod.AutomaticEventSubscriber/LOADING]: Auto-subscribing by.dragonsurvivalteam.dragonsurvival.server.handlers.DragonDestructionHandler to FORGE
[12Aug2025 21:56:31.607] [modloading-worker-0/DEBUG] [net.minecraftforge.fml.javafmlmod.AutomaticEventSubscriber/LOADING]: Auto-subscribing by.dragonsurvivalteam.dragonsurvival.registry.DragonModifiers to FORGE
[12Aug2025 21:56:31.609] [modloading-worker-0/DEBUG] [net.minecraftforge.fml.javafmlmod.AutomaticEventSubscriber/LOADING]: Auto-subscribing by.dragonsurvivalteam.dragonsurvival.registry.DragonEffects to MOD
[12Aug2025 21:56:31.611] [modloading-worker-0/DEBUG] [net.minecraftforge.fml.javafmlmod.AutomaticEventSubscriber/LOADING]: Auto-subscribing by.dragonsurvivalteam.dragonsurvival.registry.DSItems to MOD
[12Aug2025 21:56:31.616] [modloading-worker-0/DEBUG] [net.minecraftforge.fml.javafmlmod.AutomaticEventSubscriber/LOADING]: Auto-subscribing by.dragonsurvivalteam.dragonsurvival.registry.DSEntities to MOD
[12Aug2025 21:56:31.617] [modloading-worker-0/DEBUG] [net.minecraftforge.fml.javafmlmod.AutomaticEventSubscriber/LOADING]: Auto-subscribing by.dragonsurvivalteam.dragonsurvival.registry.DSCreativeTabs to MOD
[12Aug2025 21:56:31.618] [modloading-worker-0/DEBUG] [net.minecraftforge.fml.javafmlmod.AutomaticEventSubscriber/LOADING]: Auto-subscribing by.dragonsurvivalteam.dragonsurvival.registry.DSContainers to MOD
[12Aug2025 21:56:31.618] [modloading-worker-0/DEBUG] [net.minecraftforge.fml.javafmlmod.AutomaticEventSubscriber/LOADING]: Auto-subscribing by.dragonsurvivalteam.dragonsurvival.registry.DSBlocks to MOD
[12Aug2025 21:56:31.628] [modloading-worker-0/DEBUG] [net.minecraftforge.fml.javafmlmod.AutomaticEventSubscriber/LOADING]: Auto-subscribing by.dragonsurvivalteam.dragonsurvival.data.ForgeDataGen to MOD
[12Aug2025 21:56:31.631] [modloading-worker-0/DEBUG] [net.minecraftforge.fml.javafmlmod.AutomaticEventSubscriber/LOADING]: Auto-subscribing by.dragonsurvivalteam.dragonsurvival.config.ConfigHandler to MOD
[12Aug2025 21:56:31.631] [modloading-worker-0/DEBUG] [net.minecraftforge.fml.javafmlmod.AutomaticEventSubscriber/LOADING]: Auto-subscribing by.dragonsurvivalteam.dragonsurvival.common.handlers.magic.ManaHandler to FORGE
[12Aug2025 21:56:31.633] [modloading-worker-0/DEBUG] [net.minecraftforge.fml.javafmlmod.AutomaticEventSubscriber/LOADING]: Auto-subscribing by.dragonsurvivalteam.dragonsurvival.common.handlers.magic.MagicHandler to FORGE
[12Aug2025 21:56:31.636] [modloading-worker-0/DEBUG] [net.minecraftforge.fml.javafmlmod.AutomaticEventSubscriber/LOADING]: Auto-subscribing by.dragonsurvivalteam.dragonsurvival.common.handlers.magic.ClawToolHandler to FORGE
[12Aug2025 21:56:31.638] [modloading-worker-0/DEBUG] [net.minecraftforge.fml.javafmlmod.AutomaticEventSubscriber/LOADING]: Auto-subscribing by.dragonsurvivalteam.dragonsurvival.common.handlers.magic.ClawToolHandler$Event_busHandler to MOD
[12Aug2025 21:56:31.638] [modloading-worker-0/DEBUG] [net.minecraftforge.fml.javafmlmod.AutomaticEventSubscriber/LOADING]: Auto-subscribing by.dragonsurvivalteam.dragonsurvival.common.handlers.WingObtainmentController to FORGE
[12Aug2025 21:56:31.641] [modloading-worker-0/DEBUG] [net.minecraftforge.fml.javafmlmod.AutomaticEventSubscriber/LOADING]: Auto-subscribing by.dragonsurvivalteam.dragonsurvival.common.handlers.VillagerRelationsHandler to FORGE
[12Aug2025 21:56:31.644] [modloading-worker-0/DEBUG] [net.minecraftforge.fml.javafmlmod.AutomaticEventSubscriber/LOADING]: Auto-subscribing by.dragonsurvivalteam.dragonsurvival.common.handlers.SourceOfMagicHandler to FORGE
[12Aug2025 21:56:31.646] [modloading-worker-0/DEBUG] [net.minecraftforge.fml.javafmlmod.AutomaticEventSubscriber/LOADING]: Auto-subscribing by.dragonsurvivalteam.dragonsurvival.common.handlers.MiningTickHandler to FORGE
[12Aug2025 21:56:31.646] [modloading-worker-0/DEBUG] [net.minecraftforge.fml.javafmlmod.AutomaticEventSubscriber/LOADING]: Auto-subscribing by.dragonsurvivalteam.dragonsurvival.common.handlers.EventHandler to FORGE
[12Aug2025 21:56:31.650] [modloading-worker-0/DEBUG] [net.minecraftforge.fml.javafmlmod.AutomaticEventSubscriber/LOADING]: Auto-subscribing by.dragonsurvivalteam.dragonsurvival.common.handlers.DragonTreasureHandler to FORGE
[12Aug2025 21:56:31.652] [modloading-worker-0/DEBUG] [net.minecraftforge.fml.javafmlmod.AutomaticEventSubscriber/LOADING]: Auto-subscribing by.dragonsurvivalteam.dragonsurvival.common.handlers.DragonTraitHandler to FORGE
[12Aug2025 21:56:31.653] [modloading-worker-0/DEBUG] [net.minecraftforge.fml.javafmlmod.AutomaticEventSubscriber/LOADING]: Auto-subscribing by.dragonsurvivalteam.dragonsurvival.common.handlers.DragonSizeHandler to FORGE
[12Aug2025 21:56:31.654] [modloading-worker-0/DEBUG] [net.minecraftforge.fml.javafmlmod.AutomaticEventSubscriber/LOADING]: Auto-subscribing by.dragonsurvivalteam.dragonsurvival.common.handlers.DragonPenaltyHandler to FORGE
[12Aug2025 21:56:31.656] [modloading-worker-0/DEBUG] [net.minecraftforge.fml.javafmlmod.AutomaticEventSubscriber/LOADING]: Auto-subscribing by.dragonsurvivalteam.dragonsurvival.common.handlers.DragonGrowthHandler to FORGE
[12Aug2025 21:56:31.657] [modloading-worker-0/DEBUG] [net.minecraftforge.fml.javafmlmod.AutomaticEventSubscriber/LOADING]: Auto-subscribing by.dragonsurvivalteam.dragonsurvival.common.handlers.DragonFoodHandler to MOD
[12Aug2025 21:56:31.658] [modloading-worker-0/DEBUG] [net.minecraftforge.fml.javafmlmod.AutomaticEventSubscriber/LOADING]: Auto-subscribing by.dragonsurvivalteam.dragonsurvival.common.handlers.DragonConfigHandler to MOD
[12Aug2025 21:56:31.659] [modloading-worker-0/DEBUG] [net.minecraftforge.fml.javafmlmod.AutomaticEventSubscriber/LOADING]: Auto-subscribing by.dragonsurvivalteam.dragonsurvival.common.handlers.DragonBonusHandler to FORGE
[12Aug2025 21:56:31.662] [modloading-worker-0/DEBUG] [net.minecraftforge.fml.javafmlmod.AutomaticEventSubscriber/LOADING]: Auto-subscribing by.dragonsurvivalteam.dragonsurvival.common.capability.Capabilities to FORGE
[12Aug2025 21:56:31.664] [modloading-worker-0/DEBUG] [mixin/]: Mixing InfectActionMixin from vampiricageing.mixins.json into de.teamlapen.vampirism.entity.player.vampire.actions.InfectAction
[12Aug2025 21:56:31.664] [modloading-worker-0/DEBUG] [mixin/]: Renaming synthetic method lambda$activate$0(Lnet/minecraft/world/entity/Entity;Lcom/doctor/vampiricageing/capabilities/IAgeingCapability;)V to md8ce68a$lambda$activate$0$0 in vampiricageing.mixins.json:InfectActionMixin
[12Aug2025 21:56:31.668] [modloading-worker-0/DEBUG] [net.minecraftforge.fml.javafmlmod.AutomaticEventSubscriber/LOADING]: Auto-subscribing by.dragonsurvivalteam.dragonsurvival.client.skin_editor_system.DragonEditorRegistry to MOD
[12Aug2025 21:56:31.670] [modloading-worker-0/DEBUG] [net.minecraftforge.fml.javafmlmod.AutomaticEventSubscriber/LOADING]: Auto-subscribing by.dragonsurvivalteam.dragonsurvival.client.render.util.AnimationTimer to FORGE
[12Aug2025 21:56:31.670] [modloading-worker-0/DEBUG] [net.minecraftforge.fml.javafmlmod.AutomaticEventSubscriber/LOADING]: Auto-subscribing by.dragonsurvivalteam.dragonsurvival.client.emotes.EmoteRegistry to MOD
[12Aug2025 21:56:31.671] [modloading-worker-0/DEBUG] [net.minecraftforge.fml.javafmlmod.AutomaticEventSubscriber/LOADING]: Auto-subscribing by.dragonsurvivalteam.dragonsurvival.DragonSurvivalMod$EventHandlers to MOD
[12Aug2025 21:56:31.692] [modloading-worker-0/DEBUG] [net.minecraftforge.fml.javafmlmod.AutomaticEventSubscriber/LOADING]: Attempting to inject @EventBusSubscriber classes into the eventbus for vampirism
[12Aug2025 21:56:31.693] [modloading-worker-0/DEBUG] [net.minecraftforge.fml.javafmlmod.AutomaticEventSubscriber/LOADING]: Auto-subscribing de.teamlapen.vampirism.misc.VampirismCreativeTab to MOD
[12Aug2025 21:56:31.693] [modloading-worker-0/DEBUG] [net.minecraftforge.fml.javafmlmod.AutomaticEventSubscriber/LOADING]: Auto-subscribing de.teamlapen.vampirism.data.provider.DataProvider to MOD
[12Aug2025 21:56:32.288] [main/DEBUG] [net.minecraftforge.common.capabilities.CapabilityManager/CAPABILITIES]: Attempting to automatically register: Lcom/tiviacz/travelersbackpack/capability/ITravelersBackpack;
[12Aug2025 21:56:32.289] [main/DEBUG] [net.minecraftforge.common.capabilities.CapabilityManager/CAPABILITIES]: Attempting to automatically register: Lnet/minecraftforge/energy/IEnergyStorage;
[12Aug2025 21:56:32.289] [main/DEBUG] [net.minecraftforge.common.capabilities.CapabilityManager/CAPABILITIES]: Attempting to automatically register: Lnet/minecraftforge/fluids/capability/IFluidHandler;
[12Aug2025 21:56:32.289] [main/DEBUG] [net.minecraftforge.common.capabilities.CapabilityManager/CAPABILITIES]: Attempting to automatically register: Lnet/minecraftforge/fluids/capability/IFluidHandlerItem;
[12Aug2025 21:56:32.289] [main/DEBUG] [net.minecraftforge.common.capabilities.CapabilityManager/CAPABILITIES]: Attempting to automatically register: Lnet/minecraftforge/items/IItemHandler;
[12Aug2025 21:56:32.713] [main/INFO] [de.teamlapen.vampirism.config.BalanceBuilder/]: Building balance configuration with 24 modifications
[12Aug2025 21:56:32.717] [main/DEBUG] [net.minecraftforge.fml.config.ConfigTracker/CONFIG]: Config file vampirism-common.toml for vampirism tracking
[12Aug2025 21:56:32.717] [main/DEBUG] [net.minecraftforge.fml.config.ConfigTracker/CONFIG]: Config file vampirism-client.toml for vampirism tracking
[12Aug2025 21:56:32.717] [main/DEBUG] [net.minecraftforge.fml.config.ConfigTracker/CONFIG]: Config file vampirism-server.toml for vampirism tracking
[12Aug2025 21:56:32.717] [main/DEBUG] [net.minecraftforge.fml.config.ConfigTracker/CONFIG]: Config file vampirism-balance.toml for vampirism tracking
[12Aug2025 21:56:35.668] [main/DEBUG] [mixin/]: Mixing AccessorAnimationController from dragonsurvival.mixins.json into software.bernie.geckolib.core.animation.AnimationController
[12Aug2025 21:56:35.681] [main/DEBUG] [software.bernie.geckolib.GeckoLib/]: Registered SyncedAnimatable for class com.bobmowzie.mowziesmobs.server.item.ItemEarthrendGauntlet
[12Aug2025 21:56:35.681] [main/DEBUG] [software.bernie.geckolib.GeckoLib/]: Registered SyncedAnimatable for class com.bobmowzie.mowziesmobs.server.item.ItemSculptorStaff
[12Aug2025 21:56:35.725] [main/DEBUG] [mixin/]: Mixing gamerule.BooleanValueInvoker from mixins.artifacts.common.json into net.minecraft.world.level.GameRules$BooleanValue
[12Aug2025 21:56:35.726] [main/DEBUG] [mixin/]: Renaming @Invoker method invokeCreate(ZLjava/util/function/BiConsumer;)Lnet/minecraft/world/level/GameRules$Type; to invokeCreate_$md$8ce68a$0 in mixins.artifacts.common.json:gamerule.BooleanValueInvoker
[12Aug2025 21:56:35.731] [main/DEBUG] [mixin/]: Mixing gamerule.IntegerValueInvoker from mixins.artifacts.common.json into net.minecraft.world.level.GameRules$IntegerValue
[12Aug2025 21:56:35.731] [main/DEBUG] [mixin/]: Renaming @Invoker method invokeCreate(ILjava/util/function/BiConsumer;)Lnet/minecraft/world/level/GameRules$Type; to invokeCreate_$md$8ce68a$0 in mixins.artifacts.common.json:gamerule.IntegerValueInvoker
[12Aug2025 21:56:35.737] [main/WARN] [net.minecraft.network.syncher.SynchedEntityData/]: defineId called for: class net.minecraft.world.entity.Entity from class it.hurts.octostudios.rarcompat.items.necklace.ScarfOfInvisibilityItem
[12Aug2025 21:56:35.756] [main/DEBUG] [net.minecraftforge.fml.config.ConfigTracker/CONFIG]: Config file guideapi_vp-common.toml for guideapi_vp tracking
[12Aug2025 21:56:35.882] [main/DEBUG] [net.minecraftforge.fml.config.ConfigTracker/CONFIG]: Config file vampirism_integrations-common.toml for vampirism_integrations tracking
[12Aug2025 21:56:36.182] [main/DEBUG] [dev.architectury.core.item.ArchitecturySpawnEggItem/]: Registering spawn egg mimic_spawn_egg for artifacts:mimic
[12Aug2025 21:56:36.182] [main/WARN] [dev.architectury.registry.registries.forge.RegistrarManagerImpl/]: Registry entry listened Registry Entry [minecraft:entity_type / mca:male_villager] was not realized!
[12Aug2025 21:56:36.183] [main/WARN] [dev.architectury.registry.registries.forge.RegistrarManagerImpl/]: Registry entry listened Registry Entry [minecraft:entity_type / mca:grim_reaper] was not realized!
[12Aug2025 21:56:36.183] [main/WARN] [dev.architectury.registry.registries.forge.RegistrarManagerImpl/]: Registry entry listened Registry Entry [minecraft:entity_type / mca:female_villager] was not realized!
[12Aug2025 21:56:36.183] [main/WARN] [dev.architectury.registry.registries.forge.RegistrarManagerImpl/]: Registry entry listened Registry Entry [minecraft:entity_type / mca:female_zombie_villager] was not realized!
[12Aug2025 21:56:36.183] [main/WARN] [dev.architectury.registry.registries.forge.RegistrarManagerImpl/]: Registry entry listened Registry Entry [minecraft:entity_type / mca:male_zombie_villager] was not realized!
[12Aug2025 21:56:36.320] [main/DEBUG] [dev.architectury.core.item.ArchitecturySpawnEggItem/]: Registering spawn egg male_villager_spawn_egg for mca:male_villager
[12Aug2025 21:56:36.320] [main/DEBUG] [dev.architectury.core.item.ArchitecturySpawnEggItem/]: Registering spawn egg female_villager_spawn_egg for mca:female_villager
[12Aug2025 21:56:36.320] [main/DEBUG] [dev.architectury.core.item.ArchitecturySpawnEggItem/]: Registering spawn egg male_zombie_villager_spawn_egg for mca:male_zombie_villager
[12Aug2025 21:56:36.320] [main/DEBUG] [dev.architectury.core.item.ArchitecturySpawnEggItem/]: Registering spawn egg female_zombie_villager_spawn_egg for mca:female_zombie_villager
[12Aug2025 21:56:36.320] [main/DEBUG] [dev.architectury.core.item.ArchitecturySpawnEggItem/]: Registering spawn egg grim_reaper_spawn_egg for mca:grim_reaper
[12Aug2025 21:56:36.443] [main/DEBUG] [mixin/]: Mixing perf.dynamic_dfu.DataFixersMixin from modernfix-common.mixins.json into net.minecraft.util.datafix.DataFixers
[12Aug2025 21:56:36.443] [main/DEBUG] [mixin/]: Renaming synthetic method lambda$createLazyFixerUpper$0(Ljava/util/Set;)Lcom/mojang/datafixers/DataFixer; to md8ce68a$lambda$createLazyFixerUpper$0$0 in modernfix-common.mixins.json:perf.dynamic_dfu.DataFixersMixin
[12Aug2025 21:56:36.519] [main/INFO] [ModernFix/]: Bypassed Mojang DFU
[12Aug2025 21:56:36.519] [main/INFO] [ModernFix/]: Instantiating Mojang DFU
[12Aug2025 21:56:37.060] [main/DEBUG] [mixin/]: Mixing InventoryMenuSlotMixin from werewolves.mixins.json into net.minecraft.world.inventory.InventoryMenu$1
[12Aug2025 21:56:37.060] [main/DEBUG] [mixin/]: Renaming synthetic method lambda$mayPlace$1(Lorg/spongepowered/asm/mixin/injection/callback/CallbackInfoReturnable;Lde/teamlapen/werewolves/entities/player/werewolf/WerewolfPlayer;)V to md8ce68a$lambda$mayPlace$1$0 in werewolves.mixins.json:InventoryMenuSlotMixin
[12Aug2025 21:56:37.060] [main/DEBUG] [mixin/]: Renaming synthetic method lambda$mayPlace$0(Lnet/minecraft/world/item/ItemStack;Lde/teamlapen/werewolves/entities/player/werewolf/WerewolfPlayer;)Z to md8ce68a$lambda$mayPlace$0$1 in werewolves.mixins.json:InventoryMenuSlotMixin
[12Aug2025 21:56:37.219] [main/DEBUG] [mixin/]: Mixing MixinEntityPredicate from vampirism.mixins.json into net.minecraft.world.entity.ai.targeting.TargetingConditions
[12Aug2025 21:56:37.220] [main/DEBUG] [mixin/]: Mixing TargetConditionAccessor from vampirism.mixins.json into net.minecraft.world.entity.ai.targeting.TargetingConditions
[12Aug2025 21:56:37.220] [main/DEBUG] [mixin/]: Mixing TargetingConditionsAccessor from werewolves.mixins.json into net.minecraft.world.entity.ai.targeting.TargetingConditions
[12Aug2025 21:56:37.221] [main/DEBUG] [mixin/]: Unexpected: Registered method getSelector()Ljava/util/function/Predicate; in net.minecraft.world.entity.ai.targeting.TargetingConditions was not merged
[12Aug2025 21:56:37.238] [main/DEBUG] [io.netty.util.internal.InternalThreadLocalMap/]: -Dio.netty.threadLocalMap.stringBuilder.initialSize: 1024
[12Aug2025 21:56:37.238] [main/DEBUG] [io.netty.util.internal.InternalThreadLocalMap/]: -Dio.netty.threadLocalMap.stringBuilder.maxSize: 4096
[12Aug2025 21:56:37.238] [main/DEBUG] [io.netty.util.internal.ThreadLocalRandom/]: -Dio.netty.initialSeedUniquifier: 0xf62a14560728b579
[12Aug2025 21:56:37.281] [main/DEBUG] [mixin/]: Mixing perf.faster_ingredients.ForgeHooksMixin from modernfix-forge.mixins.json into net.minecraftforge.common.ForgeHooks
[12Aug2025 21:56:37.375] [main/WARN] [net.minecraft.network.syncher.SynchedEntityData/]: defineId called for: class com.github.alexmodguy.alexscaves.server.entity.living.TremorzillaEntity from class com.github.alexmodguy.alexscaves.server.entity.living.LicowitchEntity
[12Aug2025 21:56:37.376] [main/DEBUG] [mixin/]: Mixing PotionUtilsMixin from alexscaves.mixins.json into net.minecraft.world.item.alchemy.PotionUtils
[12Aug2025 21:56:37.376] [main/DEBUG] [mixin/]: Renaming synthetic method lambda$ac_getColor$0(Lnet/minecraft/world/effect/MobEffectInstance;)Z to md8ce68a$lambda$ac_getColor$0$0 in alexscaves.mixins.json:PotionUtilsMixin
[12Aug2025 21:56:37.405] [main/WARN] [net.minecraft.network.syncher.SynchedEntityData/]: defineId called for: class forge.net.mca.entity.VillagerEntityMCA from class forge.net.mca.util.network.datasync.CDataParameter
[12Aug2025 21:56:37.405] [main/WARN] [net.minecraft.network.syncher.SynchedEntityData/]: defineId called for: class forge.net.mca.entity.VillagerEntityMCA from class forge.net.mca.util.network.datasync.CDataParameter
[12Aug2025 21:56:37.406] [main/WARN] [net.minecraft.network.syncher.SynchedEntityData/]: defineId called for: class forge.net.mca.entity.VillagerEntityMCA from class forge.net.mca.util.network.datasync.CDataParameter
[12Aug2025 21:56:37.406] [main/WARN] [net.minecraft.network.syncher.SynchedEntityData/]: defineId called for: class forge.net.mca.entity.VillagerEntityMCA from class forge.net.mca.util.network.datasync.CDataParameter
[12Aug2025 21:56:37.406] [main/WARN] [net.minecraft.network.syncher.SynchedEntityData/]: defineId called for: class forge.net.mca.entity.VillagerEntityMCA from class forge.net.mca.util.network.datasync.CDataParameter
[12Aug2025 21:56:37.406] [main/WARN] [net.minecraft.network.syncher.SynchedEntityData/]: defineId called for: class forge.net.mca.entity.VillagerEntityMCA from class forge.net.mca.util.network.datasync.CDataParameter
[12Aug2025 21:56:37.406] [main/WARN] [net.minecraft.network.syncher.SynchedEntityData/]: defineId called for: class forge.net.mca.entity.VillagerEntityMCA from class forge.net.mca.util.network.datasync.CDataParameter
[12Aug2025 21:56:37.407] [main/WARN] [net.minecraft.network.syncher.SynchedEntityData/]: defineId called for: class forge.net.mca.entity.VillagerEntityMCA from class forge.net.mca.util.network.datasync.CEnumParameter
[12Aug2025 21:56:37.408] [main/WARN] [net.minecraft.network.syncher.SynchedEntityData/]: defineId called for: class forge.net.mca.entity.VillagerEntityMCA from class forge.net.mca.util.network.datasync.CDataParameter
[12Aug2025 21:56:37.408] [main/WARN] [net.minecraft.network.syncher.SynchedEntityData/]: defineId called for: class forge.net.mca.entity.VillagerEntityMCA from class forge.net.mca.util.network.datasync.CDataParameter
[12Aug2025 21:56:37.408] [main/WARN] [net.minecraft.network.syncher.SynchedEntityData/]: defineId called for: class forge.net.mca.entity.VillagerEntityMCA from class forge.net.mca.util.network.datasync.CDataParameter
[12Aug2025 21:56:37.409] [main/WARN] [net.minecraft.network.syncher.SynchedEntityData/]: defineId called for: class forge.net.mca.entity.VillagerEntityMCA from class forge.net.mca.util.network.datasync.CDataParameter
[12Aug2025 21:56:37.409] [main/WARN] [net.minecraft.network.syncher.SynchedEntityData/]: defineId called for: class forge.net.mca.entity.VillagerEntityMCA from class forge.net.mca.util.network.datasync.CDataParameter
[12Aug2025 21:56:37.409] [main/WARN] [net.minecraft.network.syncher.SynchedEntityData/]: defineId called for: class forge.net.mca.entity.VillagerEntityMCA from class forge.net.mca.util.network.datasync.CDataParameter
[12Aug2025 21:56:37.409] [main/WARN] [net.minecraft.network.syncher.SynchedEntityData/]: defineId called for: class forge.net.mca.entity.VillagerEntityMCA from class forge.net.mca.util.network.datasync.CDataParameter
[12Aug2025 21:56:37.410] [main/WARN] [net.minecraft.network.syncher.SynchedEntityData/]: defineId called for: class forge.net.mca.entity.VillagerEntityMCA from class forge.net.mca.util.network.datasync.CDataParameter
[12Aug2025 21:56:37.410] [main/WARN] [net.minecraft.network.syncher.SynchedEntityData/]: defineId called for: class forge.net.mca.entity.VillagerEntityMCA from class forge.net.mca.util.network.datasync.CDataParameter
[12Aug2025 21:56:37.410] [main/WARN] [net.minecraft.network.syncher.SynchedEntityData/]: defineId called for: class forge.net.mca.entity.VillagerEntityMCA from class forge.net.mca.util.network.datasync.CDataParameter
[12Aug2025 21:56:37.410] [main/WARN] [net.minecraft.network.syncher.SynchedEntityData/]: defineId called for: class forge.net.mca.entity.VillagerEntityMCA from class forge.net.mca.util.network.datasync.CDataParameter
[12Aug2025 21:56:37.410] [main/WARN] [net.minecraft.network.syncher.SynchedEntityData/]: defineId called for: class forge.net.mca.entity.VillagerEntityMCA from class forge.net.mca.util.network.datasync.CEnumParameter
[12Aug2025 21:56:37.411] [main/WARN] [net.minecraft.network.syncher.SynchedEntityData/]: defineId called for: class forge.net.mca.entity.VillagerEntityMCA from class forge.net.mca.util.network.datasync.CDataParameter
[12Aug2025 21:56:37.415] [main/WARN] [net.minecraft.network.syncher.SynchedEntityData/]: defineId called for: class forge.net.mca.entity.VillagerEntityMCA from class forge.net.mca.util.network.datasync.CDataParameter
[12Aug2025 21:56:37.415] [main/WARN] [net.minecraft.network.syncher.SynchedEntityData/]: defineId called for: class forge.net.mca.entity.VillagerEntityMCA from class forge.net.mca.util.network.datasync.CEnumParameter
[12Aug2025 21:56:37.415] [main/WARN] [net.minecraft.network.syncher.SynchedEntityData/]: defineId called for: class forge.net.mca.entity.VillagerEntityMCA from class forge.net.mca.util.network.datasync.CDataParameter
[12Aug2025 21:56:37.416] [main/WARN] [net.minecraft.network.syncher.SynchedEntityData/]: defineId called for: class forge.net.mca.entity.VillagerEntityMCA from class forge.net.mca.util.network.datasync.CEnumParameter
[12Aug2025 21:56:37.416] [main/WARN] [net.minecraft.network.syncher.SynchedEntityData/]: defineId called for: class forge.net.mca.entity.VillagerEntityMCA from class forge.net.mca.util.network.datasync.CEnumParameter
[12Aug2025 21:56:37.416] [main/WARN] [net.minecraft.network.syncher.SynchedEntityData/]: defineId called for: class forge.net.mca.entity.VillagerEntityMCA from class forge.net.mca.util.network.datasync.CDataParameter
[12Aug2025 21:56:37.416] [main/WARN] [net.minecraft.network.syncher.SynchedEntityData/]: defineId called for: class forge.net.mca.entity.VillagerEntityMCA from class forge.net.mca.util.network.datasync.CDataParameter
[12Aug2025 21:56:37.416] [main/WARN] [net.minecraft.network.syncher.SynchedEntityData/]: defineId called for: class forge.net.mca.entity.VillagerEntityMCA from class forge.net.mca.util.network.datasync.CDataParameter
[12Aug2025 21:56:37.416] [main/WARN] [net.minecraft.network.syncher.SynchedEntityData/]: defineId called for: class forge.net.mca.entity.VillagerEntityMCA from class forge.net.mca.util.network.datasync.CDataParameter
[12Aug2025 21:56:37.416] [main/WARN] [net.minecraft.network.syncher.SynchedEntityData/]: defineId called for: class forge.net.mca.entity.VillagerEntityMCA from class forge.net.mca.util.network.datasync.CDataParameter
[12Aug2025 21:56:37.418] [main/WARN] [net.minecraft.network.syncher.SynchedEntityData/]: defineId called for: class forge.net.mca.entity.VillagerEntityMCA from class forge.net.mca.util.network.datasync.CDataParameter
[12Aug2025 21:56:37.421] [main/WARN] [net.minecraft.network.syncher.SynchedEntityData/]: defineId called for: class forge.net.mca.entity.VillagerEntityMCA from class forge.net.mca.util.network.datasync.CDataParameter
[12Aug2025 21:56:37.421] [main/WARN] [net.minecraft.network.syncher.SynchedEntityData/]: defineId called for: class forge.net.mca.entity.VillagerEntityMCA from class forge.net.mca.util.network.datasync.CDataParameter
[12Aug2025 21:56:37.422] [main/WARN] [net.minecraft.network.syncher.SynchedEntityData/]: defineId called for: class forge.net.mca.entity.VillagerEntityMCA from class forge.net.mca.util.network.datasync.CDataParameter
[12Aug2025 21:56:37.422] [main/WARN] [net.minecraft.network.syncher.SynchedEntityData/]: defineId called for: class forge.net.mca.entity.VillagerEntityMCA from class forge.net.mca.util.network.datasync.CDataParameter
[12Aug2025 21:56:37.423] [main/WARN] [net.minecraft.network.syncher.SynchedEntityData/]: defineId called for: class forge.net.mca.entity.VillagerEntityMCA from class forge.net.mca.util.network.datasync.CDataParameter
[12Aug2025 21:56:37.423] [main/WARN] [net.minecraft.network.syncher.SynchedEntityData/]: defineId called for: class forge.net.mca.entity.GrimReaperEntity from class forge.net.mca.util.network.datasync.CEnumParameter
[12Aug2025 21:56:37.646] [main/DEBUG] [net.minecraftforge.fml.config.ConfigTracker/CONFIG]: Loading configs type COMMON
[12Aug2025 21:56:37.647] [main/DEBUG] [net.minecraftforge.fml.config.ConfigFileTypeHandler/CONFIG]: Built TOML config for /workspaces/VxW-Next-Gen/servidor_minecraft/config/modernfix-common.toml
[12Aug2025 21:56:37.647] [main/DEBUG] [net.minecraftforge.fml.config.ConfigFileTypeHandler/CONFIG]: Loaded TOML config file /workspaces/VxW-Next-Gen/servidor_minecraft/config/modernfix-common.toml
[12Aug2025 21:56:37.649] [main/DEBUG] [net.minecraftforge.fml.config.ConfigFileTypeHandler/CONFIG]: Watching TOML config file /workspaces/VxW-Next-Gen/servidor_minecraft/config/modernfix-common.toml for changes
[12Aug2025 21:56:37.650] [main/DEBUG] [net.minecraftforge.fml.config.ConfigFileTypeHandler/CONFIG]: Built TOML config for /workspaces/VxW-Next-Gen/servidor_minecraft/config/citadel-common.toml
[12Aug2025 21:56:37.650] [main/DEBUG] [net.minecraftforge.fml.config.ConfigFileTypeHandler/CONFIG]: Loaded TOML config file /workspaces/VxW-Next-Gen/servidor_minecraft/config/citadel-common.toml
[12Aug2025 21:56:37.651] [main/DEBUG] [net.minecraftforge.fml.config.ConfigFileTypeHandler/CONFIG]: Watching TOML config file /workspaces/VxW-Next-Gen/servidor_minecraft/config/citadel-common.toml for changes
[12Aug2025 21:56:37.651] [main/DEBUG] [net.minecraftforge.fml.config.ConfigFileTypeHandler/CONFIG]: Built TOML config for /workspaces/VxW-Next-Gen/servidor_minecraft/config/mowziesmobs-common.toml
[12Aug2025 21:56:37.655] [main/DEBUG] [net.minecraftforge.fml.config.ConfigFileTypeHandler/CONFIG]: Loaded TOML config file /workspaces/VxW-Next-Gen/servidor_minecraft/config/mowziesmobs-common.toml
[12Aug2025 21:56:37.655] [main/DEBUG] [net.minecraftforge.fml.config.ConfigFileTypeHandler/CONFIG]: Watching TOML config file /workspaces/VxW-Next-Gen/servidor_minecraft/config/mowziesmobs-common.toml for changes
[12Aug2025 21:56:37.663] [main/DEBUG] [net.minecraftforge.fml.config.ConfigFileTypeHandler/CONFIG]: Built TOML config for /workspaces/VxW-Next-Gen/servidor_minecraft/config/waystones-common.toml
[12Aug2025 21:56:37.663] [main/DEBUG] [net.minecraftforge.fml.config.ConfigFileTypeHandler/CONFIG]: Loaded TOML config file /workspaces/VxW-Next-Gen/servidor_minecraft/config/waystones-common.toml
[12Aug2025 21:56:37.663] [main/DEBUG] [net.minecraftforge.fml.config.ConfigFileTypeHandler/CONFIG]: Watching TOML config file /workspaces/VxW-Next-Gen/servidor_minecraft/config/waystones-common.toml for changes
[12Aug2025 21:56:37.668] [main/DEBUG] [net.minecraftforge.fml.config.ConfigFileTypeHandler/CONFIG]: Built TOML config for /workspaces/VxW-Next-Gen/servidor_minecraft/config/travelersbackpack-common.toml
[12Aug2025 21:56:37.668] [main/DEBUG] [net.minecraftforge.fml.config.ConfigFileTypeHandler/CONFIG]: Loaded TOML config file /workspaces/VxW-Next-Gen/servidor_minecraft/config/travelersbackpack-common.toml
[12Aug2025 21:56:37.668] [main/DEBUG] [net.minecraftforge.fml.config.ConfigFileTypeHandler/CONFIG]: Watching TOML config file /workspaces/VxW-Next-Gen/servidor_minecraft/config/travelersbackpack-common.toml for changes
[12Aug2025 21:56:37.668] [main/DEBUG] [net.minecraftforge.fml.config.ConfigFileTypeHandler/CONFIG]: Built TOML config for /workspaces/VxW-Next-Gen/servidor_minecraft/config/vampiricageing-common.toml
[12Aug2025 21:56:37.670] [main/DEBUG] [net.minecraftforge.fml.config.ConfigFileTypeHandler/CONFIG]: Loaded TOML config file /workspaces/VxW-Next-Gen/servidor_minecraft/config/vampiricageing-common.toml
[12Aug2025 21:56:37.670] [main/DEBUG] [net.minecraftforge.fml.config.ConfigFileTypeHandler/CONFIG]: Watching TOML config file /workspaces/VxW-Next-Gen/servidor_minecraft/config/vampiricageing-common.toml for changes
[12Aug2025 21:56:37.671] [main/DEBUG] [net.minecraftforge.fml.config.ConfigFileTypeHandler/CONFIG]: Built TOML config for /workspaces/VxW-Next-Gen/servidor_minecraft/config/vampiricageing-hunterAgeing.toml
[12Aug2025 21:56:37.671] [main/DEBUG] [net.minecraftforge.fml.config.ConfigFileTypeHandler/CONFIG]: Loaded TOML config file /workspaces/VxW-Next-Gen/servidor_minecraft/config/vampiricageing-hunterAgeing.toml
[12Aug2025 21:56:37.672] [main/DEBUG] [net.minecraftforge.fml.config.ConfigFileTypeHandler/CONFIG]: Watching TOML config file /workspaces/VxW-Next-Gen/servidor_minecraft/config/vampiricageing-hunterAgeing.toml for changes
[12Aug2025 21:56:37.673] [main/DEBUG] [net.minecraftforge.fml.config.ConfigFileTypeHandler/CONFIG]: Built TOML config for /workspaces/VxW-Next-Gen/servidor_minecraft/config/vampiricageing-werewolfAgeing.toml
[12Aug2025 21:56:37.673] [main/DEBUG] [net.minecraftforge.fml.config.ConfigFileTypeHandler/CONFIG]: Loaded TOML config file /workspaces/VxW-Next-Gen/servidor_minecraft/config/vampiricageing-werewolfAgeing.toml
[12Aug2025 21:56:37.673] [main/DEBUG] [net.minecraftforge.fml.config.ConfigFileTypeHandler/CONFIG]: Watching TOML config file /workspaces/VxW-Next-Gen/servidor_minecraft/config/vampiricageing-werewolfAgeing.toml for changes
[12Aug2025 21:56:37.674] [main/DEBUG] [net.minecraftforge.fml.config.ConfigFileTypeHandler/CONFIG]: Built TOML config for /workspaces/VxW-Next-Gen/servidor_minecraft/config/alexsmobs.toml
[12Aug2025 21:56:37.676] [main/DEBUG] [net.minecraftforge.fml.config.ConfigFileTypeHandler/CONFIG]: Loaded TOML config file /workspaces/VxW-Next-Gen/servidor_minecraft/config/alexsmobs.toml
[12Aug2025 21:56:37.676] [main/DEBUG] [net.minecraftforge.fml.config.ConfigFileTypeHandler/CONFIG]: Watching TOML config file /workspaces/VxW-Next-Gen/servidor_minecraft/config/alexsmobs.toml for changes
[12Aug2025 21:56:37.750] [main/DEBUG] [net.minecraftforge.fml.config.ConfigFileTypeHandler/CONFIG]: Built TOML config for /workspaces/VxW-Next-Gen/servidor_minecraft/config/iceandfire-common.toml
[12Aug2025 21:56:37.752] [main/DEBUG] [net.minecraftforge.fml.config.ConfigFileTypeHandler/CONFIG]: Loaded TOML config file /workspaces/VxW-Next-Gen/servidor_minecraft/config/iceandfire-common.toml
[12Aug2025 21:56:37.752] [main/DEBUG] [net.minecraftforge.fml.config.ConfigFileTypeHandler/CONFIG]: Watching TOML config file /workspaces/VxW-Next-Gen/servidor_minecraft/config/iceandfire-common.toml for changes
[12Aug2025 21:56:37.772] [main/DEBUG] [net.minecraftforge.fml.config.ConfigFileTypeHandler/CONFIG]: Built TOML config for /workspaces/VxW-Next-Gen/servidor_minecraft/config/balm-common.toml
[12Aug2025 21:56:37.773] [main/DEBUG] [net.minecraftforge.fml.config.ConfigFileTypeHandler/CONFIG]: Loaded TOML config file /workspaces/VxW-Next-Gen/servidor_minecraft/config/balm-common.toml
[12Aug2025 21:56:37.773] [main/DEBUG] [net.minecraftforge.fml.config.ConfigFileTypeHandler/CONFIG]: Watching TOML config file /workspaces/VxW-Next-Gen/servidor_minecraft/config/balm-common.toml for changes
[12Aug2025 21:56:37.773] [main/DEBUG] [net.minecraftforge.fml.config.ConfigFileTypeHandler/CONFIG]: Built TOML config for /workspaces/VxW-Next-Gen/servidor_minecraft/config/carryon-common.toml
[12Aug2025 21:56:37.774] [main/DEBUG] [net.minecraftforge.fml.config.ConfigFileTypeHandler/CONFIG]: Loaded TOML config file /workspaces/VxW-Next-Gen/servidor_minecraft/config/carryon-common.toml
[12Aug2025 21:56:37.774] [main/DEBUG] [net.minecraftforge.fml.config.ConfigFileTypeHandler/CONFIG]: Watching TOML config file /workspaces/VxW-Next-Gen/servidor_minecraft/config/carryon-common.toml for changes
[12Aug2025 21:56:37.816] [main/DEBUG] [net.minecraftforge.fml.config.ConfigFileTypeHandler/CONFIG]: Built TOML config for /workspaces/VxW-Next-Gen/servidor_minecraft/config/alexscaves-general.toml
[12Aug2025 21:56:37.817] [main/DEBUG] [net.minecraftforge.fml.config.ConfigFileTypeHandler/CONFIG]: Loaded TOML config file /workspaces/VxW-Next-Gen/servidor_minecraft/config/alexscaves-general.toml
[12Aug2025 21:56:37.817] [main/DEBUG] [net.minecraftforge.fml.config.ConfigFileTypeHandler/CONFIG]: Watching TOML config file /workspaces/VxW-Next-Gen/servidor_minecraft/config/alexscaves-general.toml for changes
[12Aug2025 21:56:37.824] [main/DEBUG] [net.minecraftforge.fml.config.ConfigFileTypeHandler/CONFIG]: Built TOML config for /workspaces/VxW-Next-Gen/servidor_minecraft/config/curios-common.toml
[12Aug2025 21:56:37.824] [main/DEBUG] [net.minecraftforge.fml.config.ConfigFileTypeHandler/CONFIG]: Loaded TOML config file /workspaces/VxW-Next-Gen/servidor_minecraft/config/curios-common.toml
[12Aug2025 21:56:37.824] [main/DEBUG] [net.minecraftforge.fml.config.ConfigFileTypeHandler/CONFIG]: Watching TOML config file /workspaces/VxW-Next-Gen/servidor_minecraft/config/curios-common.toml for changes
[12Aug2025 21:56:37.825] [main/DEBUG] [net.minecraftforge.fml.config.ConfigFileTypeHandler/CONFIG]: Built TOML config for /workspaces/VxW-Next-Gen/servidor_minecraft/config/werewolves-common.toml
[12Aug2025 21:56:37.825] [main/DEBUG] [net.minecraftforge.fml.config.ConfigFileTypeHandler/CONFIG]: Loaded TOML config file /workspaces/VxW-Next-Gen/servidor_minecraft/config/werewolves-common.toml
[12Aug2025 21:56:37.825] [main/DEBUG] [net.minecraftforge.fml.config.ConfigFileTypeHandler/CONFIG]: Watching TOML config file /workspaces/VxW-Next-Gen/servidor_minecraft/config/werewolves-common.toml for changes
[12Aug2025 21:56:37.825] [main/DEBUG] [net.minecraftforge.fml.config.ConfigFileTypeHandler/CONFIG]: Built TOML config for /workspaces/VxW-Next-Gen/servidor_minecraft/config/vampirism-common.toml
[12Aug2025 21:56:37.826] [main/DEBUG] [net.minecraftforge.fml.config.ConfigFileTypeHandler/CONFIG]: Loaded TOML config file /workspaces/VxW-Next-Gen/servidor_minecraft/config/vampirism-common.toml
[12Aug2025 21:56:37.826] [main/DEBUG] [net.minecraftforge.fml.config.ConfigFileTypeHandler/CONFIG]: Watching TOML config file /workspaces/VxW-Next-Gen/servidor_minecraft/config/vampirism-common.toml for changes
[12Aug2025 21:56:37.826] [main/DEBUG] [net.minecraftforge.fml.config.ConfigFileTypeHandler/CONFIG]: Built TOML config for /workspaces/VxW-Next-Gen/servidor_minecraft/config/guideapi_vp-common.toml
[12Aug2025 21:56:37.826] [main/DEBUG] [net.minecraftforge.fml.config.ConfigFileTypeHandler/CONFIG]: Loaded TOML config file /workspaces/VxW-Next-Gen/servidor_minecraft/config/guideapi_vp-common.toml
[12Aug2025 21:56:37.827] [main/DEBUG] [net.minecraftforge.fml.config.ConfigFileTypeHandler/CONFIG]: Watching TOML config file /workspaces/VxW-Next-Gen/servidor_minecraft/config/guideapi_vp-common.toml for changes
[12Aug2025 21:56:37.827] [main/DEBUG] [net.minecraftforge.fml.config.ConfigFileTypeHandler/CONFIG]: Built TOML config for /workspaces/VxW-Next-Gen/servidor_minecraft/config/vampirism_integrations-common.toml
[12Aug2025 21:56:37.827] [main/DEBUG] [net.minecraftforge.fml.config.ConfigFileTypeHandler/CONFIG]: Loaded TOML config file /workspaces/VxW-Next-Gen/servidor_minecraft/config/vampirism_integrations-common.toml
[12Aug2025 21:56:37.827] [main/DEBUG] [net.minecraftforge.fml.config.ConfigFileTypeHandler/CONFIG]: Watching TOML config file /workspaces/VxW-Next-Gen/servidor_minecraft/config/vampirism_integrations-common.toml for changes
[12Aug2025 21:56:38.004] [Thread-0/INFO] [ModernFix/]: Please use /mfsrc to reload any changed mod config files
[12Aug2025 21:56:38.024] [modloading-worker-0/DEBUG] [ModernFix/]: Cleared 6502 object holder stacktrace references
[12Aug2025 21:56:38.039] [Forge Version Check/INFO] [net.minecraftforge.fml.VersionChecker/]: [prefab] Starting version check at https://raw.githubusercontent.com/Brian-Wuest/MC-Prefab/Main/changeLog.json
[12Aug2025 21:56:38.057] [modloading-worker-0/DEBUG] [mixin/]: Mixing MixinSlotAttribute from curios.mixins.json into top.theillusivec4.curios.api.SlotAttribute
[12Aug2025 21:56:38.062] [modloading-worker-0/DEBUG] [mixin/]: Mixing MixinCuriosApi from curios.mixins.json into top.theillusivec4.curios.api.CuriosApi
[12Aug2025 21:56:38.101] [Forge Version Check/DEBUG] [net.minecraftforge.fml.VersionChecker/]: [prefab] Received version check data:
{
  "homepage": "https://minecraft.curseforge.com/projects/prefab",
  "promos": {
    "1.10.2-latest": "1.1.1.16",
    "1.10.2-recommended": "1.1.1.16",
    "1.11.2-latest": "1.2.0.19",
    "1.11.2-recommended": "1.2.0.19",
    "1.12-latest": "1.3.1.7",
    "1.12-recommended": "1.3.1.7",
    "1.14-latest": "1.4.0.18",
    "1.14-recommended": "1.4.0.18",
    "1.15-latest": "1.5.0.10",
    "1.15-recommended": "1.5.0.10",
    "1.16.1-latest": "1.6.0.2",
    "1.16.1-recommended": "1.6.0.2",
    "1.16.2-latest": "1.6.1.0",
    "1.16.2-recommended": "1.6.1.0",
    "1.16.3-latest": "1.6.2.1",
    "1.16.3-recommended": "1.6.2.1",
    "1.16.4-latest": "1.6.4.3",
    "1.16.4-recommended": "1.6.4.3",
    "1.16.5-latest": "1.6.5.16",
    "1.16.5-recommended": "1.6.5.16",
    "1.17.1-latest": "1.7.1.2",
    "1.17.1-recommended": "1.7.1.2",
    "1.18.1-latest": "1.8.1.4",
    "1.18.1-recommended": "1.8.1.4",
    "1.18.2-latest": "1.8.2.2",
    "1.18.2-recommended": "1.8.2.2",
    "1.19.2-latest": "1.9.2.5",
    "1.19.2-recommended": "1.9.2.5",
    "1.19.3-latest": "1.9.3.0",
    "1.19.3-recommended": "1.9.3.0",
    "1.20.1-latest": "1.10.0.0",
    "1.20.1-recommended": "1.10.0.0",
    "1.20.6-latest": "2.0.0.2",
    "1.20.6-recommended": "2.0.0.2"
  },
  "1.10.2": {
    "1.1.1.10": "New Stuff: Added [Ender Gateway] structure. Added [Phasic Block] and [Boundary Block]\nSome buildings can now be generated in mod-created dimensions.",
    "1.1.1.11": "New Stuff: Added [Aqua Base] structure. Added Desert and Snowy style starting houses.",
    "1.1.1.12": "Fixes: Instant Bridge not showing preview. New Stuff: Added new language files. Starter Hosue can now be in the nether.",
    "1.1.1.13": "New Stuff: Added Grassy Plain structure.",
    "1.1.1.14": "New Stuff: Added Magic Temple structure. Fixes: Made structure generation faster, fixed villager houses.",
    "1.1.1.15": "New Stuff: Added Greenhouse, various new stairs/slabs, added starting house crafting.",
    "1.1.1.16": "Fixes: A player can generate 2 structures at same time now."
  },
  "1.11.2": {
    "1.2.0.5": "New Stuff: Added [Ender Gateway] structure. Added [Phasic Block] and [Boundary Block]\nSome buildings can now be generated in mod-created dimensions.",
    "1.2.0.6": "New Stuff: Added [Aqua Base] structure. Added Desert and Snowy style starting houses.",
    "1.2.0.7": "Fixes: Instant Bridge not showing preview. New Stuff: Added new language files. Structures with water can now be in the Nether/End.",
    "1.2.0.8": "New Stuff: Added Grassy Plain structure.",
    "1.2.0.9": "New Stuff: Added Magic Temple structure. Fixes: Made structure generation faster, fixed villager houses.",
    "1.2.0.10": "New Stuff: Added Greenhouse, various new stairs/slabs, added starting house crafting.",
    "1.2.0.11": "Fixes: A player can generate 2 structures at same time now.",
    "1.2.0.12": "Adds moderate houses. Adds compressed blocks to Ore Dictionary.",
    "1.2.0.13": "Updates Language files, fixes carpet generation, fixes green house.",
    "1.2.0.14": "Added options to Moderate House. Fixed issue with structures replacing bedrock",
    "1.2.0.15": "Added option to not include chest in mineshaft. Fixed issue with pulling items from creative menu on server",
    "1.2.0.16": "Added watch tower",
    "1.2.0.17": "Added Bulldozer, fixed phasic block and preview, changed grassy plains cleared area",
    "1.2.0.18": "Added Welcome Center, added enchanting table to Monster Masher",
    "1.2.0.19": "Enhanced the Instant Bridge to have variable length, height and materials."
  },
  "1.12": {
    "1.3.0.0": "Initial release containing latest updates from 1.2.0.10.",
    "1.3.0.1": "Fixes: A player can generate 2 structures at same time now.",
    "1.3.0.2": "Adds moderate houses. Adds compressed blocks to Ore Dictionary",
    "1.3.0.3": "Fixes game crashing issue.",
    "1.3.0.4": "Updates Language files. Fixes issues with carpet generation in Acacia house.",
    "1.3.0.5": "Fixes the green house to have more light for crops.",
    "1.3.0.6": "Fixes grassy plains crafting. Fixes crafting of certain items when playing on a server",
    "1.3.0.7": "Fixed an issue where the AquaBase wasn't craftable",
    "1.3.0.8": "Added options to Moderate House. Fixed issue with structures replacing bedrock",
    "1.3.0.9": "Added option to not include chest in mineshaft.",
    "1.3.0.10": "Updated to work for MC 1.12.2",
    "1.3.0.11": "Added watch tower.",
    "1.3.0.12": "Fixes issues with construction and preview when the Plants mod was loaded.",
    "1.3.0.13": "Added Bulldozer, fixed phasic block and preview, changed grassy plains cleared area.",
    "1.3.0.14": "Added Welcome Center, removed direction button, added enchanting table to Monster Masher.",
    "1.3.0.15": "Fixed an issue where the Monster Masher wasn't generating.",
    "1.3.0.16": "Enhanced the Instant Bridge to have variable length, height and materials.",
    "1.3.0.17": "Added Earthen Home for the Moderate House item.",
    "1.3.0.18": "Added Jungle Tree House for the Moderate House item.",
    "1.3.0.19": "Removed ores from Acacia House basement. Fixed clear space for Earthen House.",
    "1.3.0.20": "Fixed an issue with the furnace being included in a starter house when configured not to do so.",
    "1.3.0.21": "Russian translations updated. Added structure parts which is a great way to add walls, stairs and building frames!",
    "1.3.0.22": "Added Roof and Floor to Structure Part. Added Structure part to options for starting item.",
    "1.3.0.23": "Fixes an issue with the configuration for the starting item. Also adds a Chinese (Simplified) translation file.",
    "1.3.0.24": "Adds jail structure and fixes console spam issues.",
    "1.3.0.25": "Fixes the advanced warehouse recipe to use double compressed stone.",
    "1.3.0.26": "Adds saloon structure and fixes some other structure generation issues",
    "1.3.1.0": "Added a LOT of new functionality. Checkout the CurseForge release page for more information! Warning: Breaking changes ahead!",
    "1.3.1.1": "Fixed a big issue where the mod simply would not load",
    "1.3.1.2": "Fixed issues with starting houses not generating. Fixed version number in mod info. Re-vamped all blueprint screens",
    "1.3.1.3": "Item Textures have been updated. Added configuration option for water in non-overworld dimensions. Added mod specific creative tab",
    "1.3.1.4": "Fixed an issue where the bulldozer could not be enchanted in the anvil",
    "1.3.1.5": "Fixed monster masher spawns and sign. Updated checkbox texture. Added more info to unbreakable block detection. Removed excessive recipes",
    "1.3.1.6": "Added Finnish and German language support. Updated structure item icons",
    "1.3.1.7": "Added more options for instant bridge, updated villager houses, added config option for start item"
  },
  "1.14": {
    "1.4.0.0": "Initial release containing latest updates from 1.3.0.26. Added Japanese translation file. Basic starting house was updated from procedurally generated building to a static building.",
    "1.4.0.1": "Fixes a few critical defects where the game would crash when clicking on it on the Modlist screen and fixed an issue with buildings on servers.",
    "1.4.0.2": "Fixes the basic starting house and adds a new desert style house and a new sub-aquatic style!",
    "1.4.0.3": "Fixed a server error when building the villager house or instant bridge. Also fixed the structure part gui and the Aqua Base.",
    "1.4.0.4": "Fixed issues with the Horse Stable, Structure Part and Defense Bunker. Added Turkish language file. Thanks Emirhangg!",
    "1.4.0.5": "Fixed an issue with recipe registration caused by latest forge version.",
    "1.4.0.6": "Fixed an issue caused by the forge version 28.0.92 and later.",
    "1.4.0.7": "Fixed an issue caused by the recommended version of forge. This marks the first non-beta release!",
    "1.4.0.8": "Latest forge update, fixing various rendering issues and blocks not dropping themselves.",
    "1.4.0.9": "Fixing issue with glass stairs not rendering correctly when around other glass blocks.",
    "1.4.0.10": "Adding windmill and town center. Adding Chinese(Traditional), fixing various bugs",
    "1.4.0.11": "Adding config option for bulldozer to not create drops. Allow for custom bed color!",
    "1.4.0.12": "Added lantern to list of blocks to clear properly. Fixes issues with OpenJDK",
    "1.4.0.13": "Addresses an issue where the blueprints weren't respecting the vanilla spawn protected when on dedicated servers",
    "1.4.0.14": "Fixed an issue when filling the starter house chest when repurpose was also installed",
    "1.4.0.15": "Fixed an issue when filling the moderate house chest when repurpose was also installed",
    "1.4.0.16": "Updated the configuration to provide better information for the starter house options",
    "1.4.0.17": "Fixed an issue where there starter house couldn't be built",
    "1.4.0.18": "Fixes issues with infected blocks in some buildings"
  },
  "1.15": {
    "1.5.0.0": "Initial release for 1.15.2 containing the latest updates from 1.4.0.9.",
    "1.5.0.1": "Adding windmill and town center. Adding Chinese(Traditional), fixing various bugs",
    "1.5.0.2": "Adding config option for bulldozer to not create drops. Allow for custom bed color! Fixes issues with OpenJDK",
    "1.5.0.3": "Fixing issue with glass stairs not being transparent",
    "1.5.0.4": "Fixing mod not respecting vanilla spawn protection. Fixing issue when repurpose was also installed",
    "1.5.0.5": "Fixed an issue when filling the moderate house chest when repurpose was also installed",
    "1.5.0.6": "Updated the configuration to provide better information for the starter house options",
    "1.5.0.7": "Fixed an issue where there starter house couldn't be built",
    "1.5.0.8": "Fixed an issue the OpenJDK when using the Preview functionality",
    "1.5.0.9": "Fixed issues with infected blocks in some buildings",
    "1.5.0.10": "Fixed recipes to use Minecraft Tag system (old OreDictionary)"
  },
  "1.16.1": {
    "1.6.0.0": "Initial release for 1.16.1 containing the latest updates from 1.5.0.9",
    "1.6.0.1": "Added 'Warped' and 'Mountainside' Moderate houses. Added 'Cursed Tree' Nether Gate. Also fixed issue with preview when Optifine is loaded.",
    "1.6.0.2": "Fixed an issue with the saloon generating as the jail instead. Fixed some structure image dimensions so they look correct."
  },
  "1.16.2": {
    "1.6.1.0": "Initial release for 1.16.2 containing the latest updates from 1.6.0.2"
  },
  "1.16.3": {
    "1.6.2.0": "Initial release for 1.16.3 containing the latest updates from 1.6.1.0",
    "1.6.2.1": "Adds missing crafting table to Mountain Moderate House"
  },
  "1.16.4": {
    "1.6.4.0": "Initial release for 1.16.4 containing the latest updates from 1.6.2.1",
    "1.6.4.1": "Adding Creative Bulldozer",
    "1.6.4.2": "Fixed recipes to use Minecraft Tag system (old OreDictionary)",
    "1.6.4.3": "Added visual indicator of clicked block in preview and shortcut to preview to build structure"
  },
  "1.16.5": {
    "1.6.5.0": "Initial release for 1.16.5 containing the latest updates from 1.6.4.3",
    "1.6.5.1": "Fixing issue with glass panes in structures. Removed wither rose from Tree Nether Gate. Fixed default config file loading",
    "1.6.5.2": "Fixing issue where the player could generate infinite houses without losing blueprint",
    "1.6.5.3": "Adding Advanced Aqua Base and Sugar Cane Farm. Aqua Base recipe updated as it was too cheap before",
    "1.6.5.4": "Fixed item frames in structures, made workshop blueprint. Lots of config updates, see full changelog on CurseForge",
    "1.6.5.5": "Fixed issue with the workshop where it would not generate the mineshaft. Added Ukrainian language file",
    "1.6.5.6": "Added Clear glass options to some blueprints, added Sandstone and Red Sandstone to Structure Part and Instant Bridge. Fixed more Internationalization issues",
    "1.6.5.7": "Re-vamped all blueprint screens, fixed some translations, added second Acacia style house to Moderate House item, added modern buildings",
    "1.6.5.8": "Added many new items and blocks such as Swift Blades and Dirt Walls. Also added more buildings for the Modern Buildings item",
    "1.6.5.9": "Fixed infinite blueprints, fixed water in nether, fixed swift blades, updated textures, added campsite starter house",
    "1.6.5.10": "Updated compressed chest texture, added beds to villager houses, added modern tree house, add custom creative tab",
    "1.6.5.11": "Agriculture update: Added tiered farms, many new and interesting types of farms. Consolidated items. See changelog on CurseForge for more details",
    "1.6.5.12": "Fixing campsite house error, adding lights to modern tree house, fixing some reversal recipes",
    "1.6.5.13": "Instant build, build generation soud, updated checkboxes, machinery tower glass color and more! See Curseforge for full changelog",
    "1.6.5.14": "Fixed spawners and the sign on the monster masher",
    "1.6.5.15": "Added configuration option for the building sound. Fixed lecterns for the town hall. Fixed various entity generation. Fixed the bulldozer for survival mode",
    "1.6.5.16": "Added Finnish and German translations. Updated structure item textures to be up to modern styling. A number of other fixes and enhancements."
  },
  "1.17.1": {
    "1.7.1.0": "Initial release for 1.17.1 containing the latest updates from 1.6.5.11",
    "1.7.1.1": "Fixing campsite house error, adding lights to modern tree house, fixing some reversal recipes",
    "1.7.1.2": "Added configuration to determine if the building sound would play. Fixed lecturns for the town hall. Fixed various entity generation issues. Fixed the bulldozer for survival mode"
  },
  "1.18.1": {
    "1.8.1.0": "Initial release for 1.18.1 containing the latest updates from 1.7.1.2",
    "1.8.1.1": "Adding Quartz-Crete blocks (so many types....), adding restaurant and juice shop, adding modern moderate housee",
    "1.8.1.2": "Fixing item frame and painting placement. Fixing crash on dedicated server when previewing structures",
    "1.8.1.3": "Fixed issue with certain buildings generating with paintings",
    "1.8.1.4": "Added Izba starting house. Fixed Grass Wall Block connections"
  },
  "1.18.2": {
    "1.8.2.0": "Initial release for 1.18.2 containing the latest updates from 1.8.1.4",
    "1.8.2.1": "Added new starter house options, added new moderate house options, added moderate barn option, fixed bug causing players to lose structure items",
    "1.8.2.2": "Fixed issue where the moderate barn was made instead of the advanced barn"
  },
  "1.19.2": {
    "1.9.2.0": "Initial release for 1.18.2 containing the latest updates from 1.8.2.2. Also lots of new buildings and options!",
    "1.9.2.1": "Fixed some issues with dedicated servers",
    "1.9.2.2": "Fixed more issues with dedicated servers, sorry about these!!!!",
    "1.9.2.3": "Added Estate, Dark WatchTower, New Monster Masher, New Dark-Light Block and Light Switch",
    "1.9.2.4": "Glass option for instant bridge, clearer starting item config option, German translations!",
    "1.9.2.5": "Fixed issue with the mineshaft entrance not generating the mineshaft"
  },
  "1.19.3": {
    "1.9.3.0": "Initial release for 1.19.3. Added Finnish language"
  },
  "1.20.1": {
    "1.10.0.0": "Initial release for 1.20.1."
  },
  "1.20.6": {
    "2.0.0.0": "Initial release for 1.20.6.",
    "2.0.0.1": "Fixing shaped recipes, they just didn't work, don't ask how we didn't see that",
    "2.0.0.2": "Fixing issue with connecting to servers with disabled recipes"
  }
}
[12Aug2025 21:56:38.102] [Forge Version Check/INFO] [net.minecraftforge.fml.VersionChecker/]: [prefab] Found status: AHEAD Current: 1.10.0.1 Target: null
[12Aug2025 21:56:38.103] [Forge Version Check/INFO] [net.minecraftforge.fml.VersionChecker/]: [journeymap] Starting version check at https://forge.curseupdate.com/32274/journeymap
[12Aug2025 21:56:38.131] [modloading-worker-0/DEBUG] [mixin/]: Mixing MapDecorationTypeMixin from alexscaves.mixins.json into net.minecraft.world.level.saveddata.maps.MapDecoration$Type
[12Aug2025 21:56:38.131] [modloading-worker-0/DEBUG] [mixin/]: Renaming @Invoker method ac_invokeInit(Ljava/lang/String;IZIZ)Lnet/minecraft/world/level/saveddata/maps/MapDecoration$Type; to ac_invokeInit_$md$8ce68a$0 in alexscaves.mixins.json:MapDecorationTypeMixin
[12Aug2025 21:56:38.145] [modloading-worker-0/DEBUG] [de.teamlapen.vampirism_integrations.util.ModCompatLoader/]: Prepared vampirism compatibility
[12Aug2025 21:56:38.145] [modloading-worker-0/DEBUG] [de.teamlapen.vampirism_integrations.util.ModCompatLoader/]: Prepared mca compatibility
[12Aug2025 21:56:38.145] [modloading-worker-0/DEBUG] [de.teamlapen.vampirism_integrations.util.ModCompatLoader/]: Prepared jade compatibility
[12Aug2025 21:56:38.153] [Thread-5/INFO] [de.teamlapen.lib.lib.util.VersionChecker/]: Starting version check at http://maxanier.de/projects/vampirism/versions_integrations.json
[12Aug2025 21:56:38.181] [modloading-worker-0/DEBUG] [mixin/]: Mixing VampirePlayerMixin from vampiricageing.mixins.json into de.teamlapen.vampirism.entity.player.vampire.VampirePlayer
[12Aug2025 21:56:38.182] [modloading-worker-0/DEBUG] [mixin/]: Renaming synthetic method lambda$addEffect$0(Lcom/doctor/vampiricageing/capabilities/IAgeingCapability;)V to md8ce68a$lambda$addEffect$0$0 in vampiricageing.mixins.json:VampirePlayerMixin
[12Aug2025 21:56:38.254] [modloading-worker-0/INFO] [Dragon Survival/]: Successfully registered packets!
[12Aug2025 21:56:38.265] [Forge Version Check/DEBUG] [net.minecraftforge.fml.VersionChecker/]: [journeymap] Received version check data:
{"promos":{"1.10.2-latest":"1.10.2-5.5.2","1.10.2-recommended":"1.10.2-5.5.2","1.11-latest":"1.11-5.4.6","1.11-recommended":"1.11-5.4.6","1.11.2-latest":"1.11.2-5.5.2","1.11.2-recommended":"1.11.2-5.5.2","1.12-latest":"1.12-5.5.2","1.12-recommended":"1.12-5.5.2","1.12.1-latest":"1.12.1-5.5.2","1.12.1-recommended":"1.12.1-5.5.2","1.12.2-latest":"1.12.2-5.7.1p3","1.12.2-recommended":"1.12.2-5.7.1p3","1.14.4-latest":"5.7.0","1.14.4-recommended":"5.7.0","1.15.2-latest":"5.7.0","1.15.2-recommended":"5.7.0","1.16.2-latest":"5.7.3","1.16.2-recommended":"5.7.3","1.16.3-latest":"5.7.3","1.16.3-recommended":"5.7.3","1.16.4-latest":"5.7.3","1.16.4-recommended":"5.7.3","1.16.5-latest":"5.8.6","1.16.5-recommended":"5.8.6","1.17.1-latest":"5.8.0","1.17.1-recommended":"5.8.0","1.18-latest":"5.8.0alpha9","1.18.1-latest":"5.8.1","1.18.1-recommended":"5.8.1","1.18.2-latest":"5.9.8","1.18.2-recommended":"5.9.8","1.19-latest":"5.8.5","1.19-recommended":"5.8.5","1.19.1-latest":"5.9.0beta2","1.19.2-latest":"5.9.8","1.19.2-recommended":"5.9.8","1.19.3-latest":"5.9.7","1.19.3-recommended":"5.9.7","1.19.4-latest":"5.9.8","1.19.4-recommended":"5.9.8","1.20-latest":"5.9.8","1.20-recommended":"5.9.8","1.20.1-latest":"5.10.3","1.20.1-recommended":"5.10.3","1.20.2-latest":"5.9.21","1.20.2-recommended":"5.9.21","1.20.3-latest":"5.9.18","1.20.3-recommended":"5.9.18","1.20.4-latest":"5.10.0","1.20.4-recommended":"5.10.0","1.20.6-latest":"5.10.0","1.20.6-recommended":"5.10.0","1.21-latest":"1.21-6.0.0-beta.27","1.21.1-latest":"1.21.1-6.0.0-beta.52","1.21.4-latest":"1.21.4-6.0.0-beta.45","1.21.5-latest":"1.21.5-6.0.0-beta.52","1.21.6-latest":"1.21.6-6.0.0-beta.52","1.21.7-latest":"1.21.7-6.0.0-beta.53","1.21.8-latest":"1.21.7-6.0.0-beta.53","1.6.4-latest":"4.0.3","1.6.4-recommended":"4.0.3","1.7.10-latest":"5.2.10","1.7.10-recommended":"5.2.10","1.7.2-latest":"4.0.3","1.7.2-recommended":"4.0.3","1.8-latest":"1.8-5.1.3","1.8-recommended":"1.8-5.1.3","1.8.8-latest":"1.8.8-5.1.3","1.8.8-recommended":"1.8.8-5.1.3","1.8.9-latest":"1.8.9-5.2.4","1.8.9-recommended":"1.8.9-5.2.4","1.9-latest":"1.9-5.5.2","1.9-recommended":"1.9-5.5.2","1.9.4-latest":"1.9.4-5.5.2","1.9.4-recommended":"1.9.4-5.5.2"},"homepage":"https://www.curseforge.com/minecraft/mc-mods/journeymap"}
[12Aug2025 21:56:38.265] [Forge Version Check/INFO] [net.minecraftforge.fml.VersionChecker/]: [journeymap] Found status: UP_TO_DATE Current: 5.10.3 Target: null
[12Aug2025 21:56:38.265] [Forge Version Check/INFO] [net.minecraftforge.fml.VersionChecker/]: [travelersbackpack] Starting version check at https://gist.githubusercontent.com/Tiviacz1337/906937677aa472285dff9d6c2a189d5e/raw
[12Aug2025 21:56:38.306] [Forge Version Check/DEBUG] [net.minecraftforge.fml.VersionChecker/]: [travelersbackpack] Received version check data:
{ 
        "homepage": "https://www.curseforge.com/minecraft/mc-mods/travelers-backpack", 
        "promos": {
		"1.20.4-recommended": "9.4.2",
		"1.20.4-latest": "9.4.2",
		"1.20.2-recommended": "9.2.4",
		"1.20.2-latest": "9.2.4",
		"1.20.1-recommended": "9.1.16",
		"1.20.1-latest": "9.1.16",
		"1.20-recommended": "9.0.2",
		"1.20-latest": "9.0.2",
		"1.19.4-recommended": "8.4.20",
		"1.19.4-latest": "8.4.20",
		"1.19.3-recommended": "8.3.9",
		"1.19.3-latest": "8.3.9",
		"1.19.2-recommended": "8.2.40",
		"1.19.2-latest": "8.2.40",
		"1.19.1-recommended": "8.1.1",
		"1.19.1-latest": "8.1.1",
		"1.19-recommended": "8.0.8",
		"1.19-latest": "8.0.8",
		"1.18.2-recommended": "7.1.48",
		"1.18.2-latest": "7.1.48",
		"1.18.1-recommended": "7.0.4",
		"1.18.1-latest": "7.0.5",
		"1.17.1-recommended": "6.0.52",
		"1.17.1-latest": "6.0.52",
		"1.16.5-recommended": "5.4.51",
		"1.16.5-latest": "5.4.51",
		"1.16.4-recommended": "5.3.8",
		"1.16.4-latest": "5.3.8",
		"1.16.3-recommended": "5.2.1",
		"1.16.3-latest": "5.2.1",
		"1.16.2-recommended": "5.1.1",
		"1.16.2-latest": "5.1.1",
		"1.16.1-recommended": "5.0.1",
		"1.16.1-latest": "5.0.1",
		"1.15.2-recommended": "4.0.8",
		"1.15.2-latest": "4.0.8",
		"1.14.4-recommended": "3.0.8",
		"1.14.4-latest": "3.0.8",
                "1.12.2-recommended": "1.0.34",
		"1.12.2-latest": "1.0.34"
        }, 
        "1.12.2": {
			"0.0.3a": "Added sleeping bag",
			"0.0.4a": "Added ability to wear backpack on player's back!",
			"0.0.5a": "Implemented swapping between tools!",
			"0.0.6a": "Added missing recipe for sleeping bag",
			"0.0.7a": "Fixes for server",
			"0.0.8a": "Added backpack renderer on player's back!",
			"0.0.9a": "Added tools render on backpack",
			"0.1.0a": "Fixed tile entity data loading",
			"0.1.1a": "Added hose, bug fixes",
			"0.1.2a": "Fixed server crash",
			"0.1.3a": "Added more backpack types!",
			"0.1.4a": "Added fluid render to block and wearable model",
			"0.1.5a": "Fixed some bugs and added more custom backpacks",
			"0.1.6a": "Added potions as fluids!",
			"0.1.7a": "Fixed rendering-thing on server",
			"0.1.8a": "Fixed some minor issues",
			"1.0.19.19": "First beta release",
			"1.0.20.20": "Mainly bug fixes",
			"1.0.21.21": "Bug fixes",
			"1.0.22.22": "Added backpack abilities",
			"1.0.23.23": "Bug fixes",
			"1.0.24.24": "Bug fixes",
			"1.0.25.25": "Bug fixes",
			"1.0.26.26": "Fixed NPE",
			"1.0.27": "Capability code clean-up, bug fix",
			"1.0.28": "Mod ID change, see note in 1.0.28 on the site",
			"1.0.29": "Mod ID change, see note in 1.0.29 on the site",
			"1.0.30": "Bug fixes, standard backpack texture improvements",
			"1.0.31": "Fixed bug that causes buckets to dissapear",
			"1.0.32": "Added in-game warning about modid change and method to keep backpacks after updating to newer version",
			"1.0.33": "Fixed backpack dissapear in explosions",
			"1.0.34": "Mainly bug fixes",
			"1.0.35": "Misc bug fixes"
        },
	"1.14.4":  { 
			"3.0.7": "Initial port",
			"3.0.8": "Compatibility for modded tools"
	},
	"1.15.2":  {
      			"4.0.0": "Initial port",
			"4.0.1": "FPS bug fix",
			"4.0.2": "Fixed unwanted backpack placement after death",
			"4.0.3": "Fixed NPE while using sleeping bag",
			"4.0.4": "Fixed crash, updated few textures",
			"4.0.5": "Bug fixes",
			"4.0.6": "Fixed backpack dissapear in explosions",
			"4.0.7": "Keybind for tool cycle",
			"4.0.8": "Compatibility for modded tools"
	},
	"1.16.1":  { 
			"5.0.0": "Initial port",
			"5.0.1": "Fixed backpack not saving contents, compatibility for modded tools"
	},
	"1.16.2":  { 
			"5.1.0": "Initial port",
			"5.1.1": "Fixed server crashes, backpack not saving contents, compatibility for modded tools"
	},
	"1.16.3":  { 
			"5.2.1": "Initial port"
	},
	"1.16.4":  { 
			"5.3.1": "Initial port",
			"5.3.2": "Bug fixes, game-breaking change",
			"5.3.3": "A lot of bug fixes",
			"5.3.4": "Dupe bug fix",
			"5.3.5": "Curios integration",
			"5.3.6": "Crafting grid dupe bug fix",
			"5.3.7": "Crash fix, curiosIntegration option migration",
			"5.3.8": "Fixed item saving bug"
	},
	"1.16.5":  { 
			"5.3.8": "Fixed item saving bug",
			"5.4.0": "Few new custom backpacks",
			"5.4.1": "Fixed villager trades",
			"5.4.2": "Fixed crash with turkish language and small tweaks",
			"5.4.3": "Fixed dupe bug",
			"5.4.4": "JEI dupe bug fix and more",
			"5.4.5": "Dyeable backpacks update! :>",
			"5.4.6": "More backpacks and bug fixes",
			"5.4.7": "Exploit and bug fixes",
			"5.4.8": "Fixed spawn point setting",
			"5.4.9": "20 new backpacks",
			"5.4.10": "Added backpack abilties",
			"5.4.11": "Code cleanup",
			"5.4.12": "Fixed crash",
			"5.4.13": "Added sorting buttons",
			"5.4.14": "Fixed LAN crash",
			"5.4.15": "Fixed few bugs",
			"5.4.16": "Fixed crash",
			"5.4.17": "Fixed bugs",
			"5.4.18": "Fixed crash",
			"5.4.19": "Fixed curio dupe bug",
			"5.4.20": "Added 9 new abilities",
			"5.4.21": "Added too many backpacks slowness effect",
			"5.4.22": "Fixed abilities",
			"5.4.23": "Added colorable sleeping bags",
			"5.4.24": "Bug fixes",
			"5.4.25": "Added slot memory",
			"5.4.26": "Added dedicated settings menu",
			"5.4.28": "Added milk and milk effect",
			"5.4.29": "Mobs can spawn with backpack equipped",
			"5.4.31": "Added /restore command",
			"5.4.32": "Added void protection config option",
			"5.4.33": "Fixed bad coded coordinates",
			"5.4.35": "Tweaked config and commands",
			"5.4.36": "Added backpack tiers",
			"5.4.37": "Changed tier upgrades recipes",
			"5.4.38": "Added enableTierUpgrades config option",
			"5.4.39": "Added Crafting widget",
			"5.4.40": "Fixed dupe bug",
			"5.4.41": "Backpack can be placed in fluids after death",
			"5.4.42": "Added compat with gravestone mods",
			"5.4.43": "Tweaked some recipes",
			"5.4.44": "Misc",
			"5.4.45": "Misc",
			"5.4.46": "Misc",
			"5.4.47": "Added tool slots widget",
			"5.4.48": "Fixed few bugs",
			"5.4.49": "Shift + Right Click with Empty Hand allows to place backpack on the ground",
			"5.4.50": "Sleeping bag can be used without backpack",
			"5.4.51": "Added loot to chests and fixed bugs"
	},
	"1.17.1":  { 
			"6.0.0": "Initial Release",
			"6.0.1": "Fixed datapack issue",
			"6.0.2": "Fixed crash with newest Forge",
			"6.0.3": "Fixed backpack disappearing on death",
			"6.0.4": "JEI integration and more",
			"6.0.5": "Dyeable backpacks update! :>",
			"6.0.6": "More backpacks and bug fixes",
			"6.0.7": "Fixed significant FPS drop",
			"6.0.8": "Fixed dupe bug",
			"6.0.9": "Fixed spawn point setting",
			"6.0.10": "20 new backpacks",
			"6.0.11": "Added backpack abilties",
			"6.0.12": "Code cleanup",
			"6.0.13": "Fixed crash",
			"6.0.14": "Added sorting buttons",
			"6.0.15": "Fixed LAN crash",
			"6.0.16": "Fixed few bugs",
			"6.0.17": "Fixed crash",
			"6.0.18": "Fixed bugs",
			"6.0.19": "Fixed crash",
			"6.0.20": "Fixed curio dupe bug",
			"6.0.21": "Added 9 new abilities",
			"6.0.22": "Added too many backpacks slowness effect",
			"6.0.23": "Fixed abilities",
			"6.0.24": "Added colorable sleeping bags",
			"6.0.25": "Bug fixes",
			"6.0.26": "Added slot memory",
			"6.0.27": "Added dedicated settings menu",
			"6.0.29": "Added milk and milk effect",
			"6.0.30": "Mobs can spawn with backpack equipped",
			"6.0.32": "Added /restore command",
			"6.0.33": "Added void protection config option",
			"6.0.34": "Fixed bad coded coordinates",
			"6.0.36": "Tweaked config and commands",
			"6.0.37": "Added backpack Tiers",
			"6.0.38": "Changed tier upgrades recipes",
			"6.0.39": "Added enableTierUpgrades config option",
			"6.0.40": "Added Crafting widget",
			"6.0.41": "Fixed dupe bug",
			"6.0.42": "Backpack can be placed in fluids after death",
			"6.0.43": "Added compat with gravestone mods",
			"6.0.44": "Added inventory tooltip in preview",
			"6.0.45": "Misc",
			"6.0.46": "Misc",
			"6.0.47": "Misc",
			"6.0.48": "Added tool slots widget",
			"6.0.49": "Fixed few bugs",
			"6.0.50": "Shift + Right Click with Empty Hand allows to place backpack on the ground",
			"6.0.51": "Sleeping bag can be used without backpack",
			"6.0.52": "Added loot to chests and fixed bugs"
	},
	"1.18.1":  { 
			"7.0.0": "Initial Release",
			"7.0.1": "Backpack lose items bug fix",
			"7.0.2": "New backpacks",
			"7.0.3": "Fixed dupe bug",
			"7.0.4": "Fixed spawn point setting"
	},
	"1.18.2":  { 
			"7.1.0": "Initial Release",
			"7.1.1": "Fixed spawn point setting",
			"7.1.2": "20 new backpacks",
			"7.1.3": "Added backpack abilties",
			"7.1.4": "Code cleanup",
			"7.1.5": "Fixed bug with duplicating buckets",
			"7.1.6": "Fixed crash",
			"7.1.7": "Added sorting buttons",
			"7.1.8": "Fixed LAN crash",
			"7.1.9": "Fixed few bugs",
			"7.1.10": "Fixed crash",
			"7.1.11": "Fixed bugs",
			"7.1.12": "Fixed crash",
			"7.1.13": "Fixed curio dupe bug",
			"7.1.14": "Added 9 new abilities",
			"7.1.15": "Added too many backpacks slowness effect",
			"7.1.16": "Fixed abilities",
			"7.1.17": "Added colorable sleeping bags",
			"7.1.18": "Bug fixes",
			"7.1.20": "Added slot memory",
			"7.1.21": "Added dedicated settings menu",
			"7.1.23": "Added milk and milk effect",
			"7.1.24": "Mobs can spawn with backpack equipped",
			"7.1.26": "Added /restore command",
			"7.1.27": "Added void protection config option",
			"7.1.28": "Fixed bad coded coordinates",
			"7.1.30": "Tweaked config and commands",
			"7.1.31": "Added backpack Tiers",
			"7.1.32": "Changed tier upgrades recipes",
			"7.1.33": "Added enableTierUpgrades config option",
			"7.1.34": "Added Crafting widget",
			"7.1.35": "Fixed dupe bug",
			"7.1.36": "Backpack can be placed in fluids after death",
			"7.1.37": "Added compat with gravestone mods",
			"7.1.38": "Added inventory preview in tooltip",
			"7.1.39": "Misc",
			"7.1.40": "Misc",
			"7.1.41": "Misc",
			"7.1.42": "Added tool slots widget",
			"7.1.43": "Fixed few bugs",
			"7.1.44": "Shift + Right Click with Empty Hand allows to place backpack on the ground",
			"7.1.45": "Sleeping bag can be used without backpack",
			"7.1.46": "Added loot to chests and fixed bugs",
			"7.1.47": "Configuration for backpack slots",
			"7.1.48": "Added recipes to recipe book"
			
	},
	"1.19":  { 
			"8.0.0": "Initial Release",
			"8.0.1": "Fixed crashes",
			"8.0.2": "20 new backpacks",
			"8.0.3": "Added backpack abilties",
			"8.0.4": "Updated Forge",
			"8.0.5": "Fixed few bugs",
			"8.0.6": "Code cleanup",
			"8.0.7": "Fixed crash",
			"8.0.8": "Added sorting buttons"
	},
	"1.19.1":  { 
			"8.1.0": "Initial Release",
			"8.1.1": "Fixed LAN crash"
	},
	"1.19.2":  { 
			"8.2.0": "Initial Release",
			"8.2.1": "Fixed few bugs",
			"8.2.2": "Fixed crash",
			"8.2.3": "Fixed bugs",
			"8.2.4": "Fixed crash",
			"8.2.5": "Fixed curio dupe bug",
			"8.2.6": "Added 9 new abilities",
			"8.2.7": "Added too many backpacks slowness effect",
			"8.2.8": "Fixed abilities",
			"8.2.9": "Added colorable sleeping bags",
			"8.2.10": "Bug fixes",
			"8.2.11": "Added slot memory",
			"8.2.12": "Added dedicated settings menu",
			"8.2.14": "Added milk and milk effect",
			"8.2.15": "Mobs can spawn with backpack equipped",
			"8.2.17": "Added /restore command",
			"8.2.18": "Added void protection config option",
			"8.2.19": "Fixed bad coded coordinates",
			"8.2.21": "Tweaked config and commands",
			"8.2.22": "Added backpack tiers",
			"8.2.23": "Changed tier upgrades recipes",
			"8.2.24": "Missing texture hotfix",
			"8.2.25": "Added enableTierUpgrades config option",
			"8.2.26": "Added Crafting widget",
			"8.2.27": "Fixed dupe bug",
			"8.2.28": "Backpack can be placed in fluids after death",
			"8.2.29": "Added compat with gravestone mods",
			"8.2.30": "Added inventory preview in tooltip",
			"8.2.31": "Misc",
			"8.2.32": "Misc",
			"8.2.33": "Misc",
			"8.2.34": "Added tool slots widget",
			"8.2.35": "Fixed few bugs",
			"8.2.36": "Shift + Right Click with Empty Hand allows to place backpack on the ground",
			"8.2.37": "Sleeping bag can be used without backpack",
			"8.2.38": "Added loot to chests and fixed bugs",
			"8.2.39": "Configuration for backpack slots",
			"8.2.40": "Added recipes to recipe book"
	},
	"1.19.3":  { 
			"8.3.0": "Initial Release",
			"8.3.2": "Added milk and milk effect",
			"8.3.3": "Mobs can spawn with backpack equipped",
			"8.3.5": "Added /restore command",
			"8.2.6": "Added void protection config option",
			"8.2.7": "Fixed bad coded coordinates",
			"8.2.9": "Tweaked config and commands"
	},
	"1.19.4":  { 
			"8.4.2": "Tweaked config and commands",
			"8.4.3": "Added backpack tiers",
			"8.4.4": "Changed tier upgrades recipes",
			"8.4.5": "Added enableTierUpgrades config option",
			"8.4.6": "Added support for new smithing table",
			"8.4.7": "Added support for new smithing table",
			"8.4.8": "Added Crafting widget",
			"8.4.9": "Fixed dupe bug",
			"8.4.10": "Backpack can be placed in fluids after death",
			"8.4.11": "Added compat with gravestone mods",
			"8.4.12": "Added inventory preview in tooltip",
			"8.4.13": "Misc",
			"8.4.14": "Misc",
			"8.4.15": "Misc",
			"8.4.16": "Added tool slots widget",
			"8.4.17": "Fixed few bugs",
			"8.4.18": "Shift + Right Click with Empty Hand allows to place backpack on the ground",
			"8.4.19": "Sleeping bag can be used without backpack",
			"8.4.20": "Added loot to chests and fixed bugs"
	},
	"1.20":  { 
			"9.0.0": "Initial update",
			"9.0.1": "Fixed disappearing backpack on contact with water",
			"9.0.2": "Fixed smithing bug and restored Curios compat"
	},
	"1.20.1":  { 
			"9.1.0": "Initial update",
			"9.1.1": "Initial update",
			"9.1.2": "Fixed dupe bug",
			"9.1.3": "Added compat with gravestone mods",
			"9.1.4": "Added inventory preview in tooltip",
			"9.1.5": "Misc",
			"9.1.6": "Misc",
			"9.1.7": "Misc",
			"9.1.8": "Added tool slots widget",
			"9.1.9": "Fixed few bugs",
			"9.1.10": "Shift + Right Click with Empty Hand allows to place backpack on the ground",
			"9.1.11": "Sleeping bag can be used without backpack",
			"9.1.12": "Configuration for backpack slots",
			"9.1.13": "Added loot to chests and fixed bugs",
			"9.1.14": "Added recipes to recipe book",
			"9.1.15": "Improvements",
			"9.1.16": "Stopped excessive drops of backpack from mob farms, added visibility button, fixed some bugs"
	},
	"1.20.2":  { 
			"9.2.0": "Initial update",
			"9.2.1": "Fixed few bugs",
			"9.2.2": "Shift + Right Click with Empty Hand allows to place backpack on the ground",
			"9.2.3": "Sleeping bag can be used without backpack",
			"9.2.4": "Added loot to chests and fixed bugs"
	},
	"1.20.4":  { 
			"9.4.0": "Initial update",
			"9.4.1": "Configuration for backpack slots",
			"9.4.2": "Added recipes to recipe book"
	}
}
[12Aug2025 21:56:38.307] [Forge Version Check/INFO] [net.minecraftforge.fml.VersionChecker/]: [travelersbackpack] Found status: AHEAD Current: 9.1.39 Target: null
[12Aug2025 21:56:38.308] [Forge Version Check/INFO] [net.minecraftforge.fml.VersionChecker/]: [guideapi_vp] Starting version check at https://maxanier.de/projects/guideapi/versions.json
[12Aug2025 21:56:38.542] [modloading-worker-0/INFO] [com.sk89q.worldedit.extension.platform.PlatformManager/]: Got request to register class com.sk89q.worldedit.forge.ForgePlatform with WorldEdit [com.sk89q.worldedit.extension.platform.PlatformManager@1006c7fa]
[12Aug2025 21:56:38.547] [modloading-worker-0/INFO] [com.sk89q.worldedit.forge.ForgeWorldEdit/]: WorldEdit for Forge (version 7.2.15+6463-5ca4dff) is loaded
[12Aug2025 21:56:38.560] [main/DEBUG] [net.minecraftforge.fml.DeferredWorkQueue/LOADING]: Dispatching synchronous work for work queue COMMON_SETUP: 24 jobs
[12Aug2025 21:56:38.562] [main/INFO] [journeymap/]: Initializing Packet Registries
[12Aug2025 21:56:38.599] [Thread-5/INFO] [de.teamlapen.lib.lib.util.VersionChecker/]: Did not find a version of type RELEASE for 1.20.1 (null)
[12Aug2025 21:56:38.608] [main/INFO] [com.tiviacz.travelersbackpack.TravelersBackpack/]: Registered the FluidEffect with Unique ID of minecraft:water for Water (Fluid Amount Required: 1000) with the ID 0
[12Aug2025 21:56:38.608] [main/INFO] [com.tiviacz.travelersbackpack.TravelersBackpack/]: Registered the FluidEffect with Unique ID of minecraft:lava for Lava (Fluid Amount Required: 1000) with the ID 1
[12Aug2025 21:56:38.608] [main/INFO] [com.tiviacz.travelersbackpack.TravelersBackpack/]: Registered the FluidEffect with Unique ID of travelersbackpack:potion for Uncraftable Potion (Fluid Amount Required: 250) with the ID 2
[12Aug2025 21:56:38.609] [main/INFO] [com.tiviacz.travelersbackpack.TravelersBackpack/]: Registered the FluidEffect with Unique ID of minecraft:milk for Milk (Fluid Amount Required: 1000) with the ID 3
[12Aug2025 21:56:38.656] [main/INFO] [de.teamlapen.vampirism.core.ModEffects/]: Fixing vanilla night vision potion types
[12Aug2025 21:56:38.658] [main/DEBUG] [mixin/]: Mixing EntitySubPredicateTypesAccessor from vampirism.mixins.json into net.minecraft.advancements.critereon.EntitySubPredicate$Types
[12Aug2025 21:56:38.658] [main/DEBUG] [mixin/]: Renaming @Accessor method setTypes(Lcom/google/common/collect/BiMap;)V to setTypes_$md$8ce68a$0 in vampirism.mixins.json:EntitySubPredicateTypesAccessor
[12Aug2025 21:56:38.675] [main/DEBUG] [net.minecraftforge.fml.DeferredWorkQueue/LOADING]: Synchronous work queue completed in 113.6 ms
[12Aug2025 21:56:38.716] [Forge Version Check/DEBUG] [net.minecraftforge.fml.VersionChecker/]: [guideapi_vp] Received version check data:
{
  "comment": "Stores version info and changelog",
  "homepage": "https://maxanier.de/projects/guideapi",
  "promos": {
    "1.19.2-recommended":"2.2.4-beta.1",
    "1.19.2-latest":"2.2.4-beta.1",
    "1.18.2-recommended":"2.2.3",
    "1.18.2-latest":"2.2.3",
    "1.16.5-recommended":"2.2.2",
    "1.16.5-latest":"2.2.2",
    "1.16.1-latest":"2.2.0-alpha+20200819-2011",
    "1.16.1-recommended":"2.2.0-alpha+20200819-2011",
    "1.15.2-latest":"2.2.1",
    "1.15.2-recommended":"2.2.1",
    "1.14.4-latest": "2.2.1",
    "1.14.4-recommended": "2.2.1"
  },
  "1.16.5":{
    "2.2.1":"Adjust code to avoid potential ClassNotFound errors on servers"
  },
  "1.16.1":{
    "2.2.0-alpha+20200819-2011":"Fixes"
  },
  "1.15.2":{
    "2.2.1":"+ Add entity page type",
    "2.2.0":"First full 1.15 release",
    "2.2.0-beta.1": "+ Update to 1.15\n+ Fix search"
  },
  "1.14.4": {
    "2.2.1":"+ Add entity page type",
    "2.2.0":"First full 1.14 release",
    "2.2.0-beta.1": "+ Update to 1.14"
  },
  "downloads": {
    "1.16.5":{
      "2.2.1":"https://www.curseforge.com/minecraft/mc-mods/guide-api-village-and-pillage/files/3368119"
    },
    "1.16.1":{
      "2.2.0-alpha+20200819-2011":"https://www.curseforge.com/minecraft/mc-mods/guide-api-village-and-pillage/files/3036956"
    },
    "1.15.2":{
      "2.2.1":"https://www.curseforge.com/minecraft/mc-mods/guide-api-village-and-pillage/files/3049035",
      "2.2.0":"https://www.curseforge.com/minecraft/mc-mods/guide-api-village-and-pillage/files/2953102",
      "2.2.0-beta.1":"https://www.curseforge.com/minecraft/mc-mods/guide-api-village-and-pillage/files/2949053"
    },
    "1.14.4": {
      "2.2.1": "https://www.curseforge.com/minecraft/mc-mods/guide-api-village-and-pillage/files/3021910",
      "2.2.0": "https://www.curseforge.com/minecraft/mc-mods/guide-api-village-and-pillage/files/2953100",
      "2.2.0-beta.1": "http://minecraft.curseforge.com/projects/vampirism-become-a-vampire/files/2316368/download"
    }
  }
}
[12Aug2025 21:56:38.717] [Forge Version Check/INFO] [net.minecraftforge.fml.VersionChecker/]: [guideapi_vp] Found status: BETA Current: 2.2.6 Target: null
[12Aug2025 21:56:38.717] [Forge Version Check/INFO] [net.minecraftforge.fml.VersionChecker/]: [forge] Starting version check at https://files.minecraftforge.net/net/minecraftforge/forge/promotions_slim.json
[12Aug2025 21:56:38.882] [Forge Version Check/DEBUG] [net.minecraftforge.fml.VersionChecker/]: [forge] Received version check data:
{
  "homepage": "https://files.minecraftforge.net/net/minecraftforge/forge/",
  "promos": {
    "1.1-latest": "1.3.4.29",
    "1.2.3-latest": "1.4.1.64",
    "1.2.4-latest": "2.0.0.68",
    "1.2.5-latest": "3.4.9.171",
    "1.3.2-latest": "4.3.5.318",
    "1.4.0-latest": "5.0.0.326",
    "1.4.1-latest": "6.0.0.329",
    "1.4.2-latest": "6.0.1.355",
    "1.4.3-latest": "6.2.1.358",
    "1.4.4-latest": "6.3.0.378",
    "1.4.5-latest": "6.4.2.448",
    "1.4.6-latest": "6.5.0.489",
    "1.4.7-latest": "6.6.2.534",
    "1.5-latest": "7.7.0.598",
    "1.5.1-latest": "7.7.2.682",
    "1.5.2-latest": "7.8.1.738",
    "1.5.2-recommended": "7.8.1.738",
    "1.6.1-latest": "8.9.0.775",
    "1.6.2-latest": "9.10.1.871",
    "1.6.2-recommended": "9.10.1.871",
    "1.6.3-latest": "9.11.0.878",
    "1.6.4-latest": "9.11.1.1345",
    "1.6.4-recommended": "9.11.1.1345",
    "1.7.2-latest": "10.12.2.1161",
    "1.7.2-recommended": "10.12.2.1161",
    "1.7.10_pre4-latest": "10.12.2.1149",
    "1.7.10-latest": "10.13.4.1614",
    "1.7.10-recommended": "10.13.4.1614",
    "1.8-latest": "11.14.4.1577",
    "1.8-recommended": "11.14.4.1563",
    "1.8.8-latest": "11.15.0.1655",
    "1.8.9-latest": "11.15.1.2318",
    "1.8.9-recommended": "11.15.1.2318",
    "1.9-latest": "12.16.1.1938",
    "1.9-recommended": "12.16.1.1887",
    "1.9.4-latest": "12.17.0.2317",
    "1.9.4-recommended": "12.17.0.2317",
    "1.10-latest": "12.18.0.2000",
    "1.10.2-latest": "12.18.3.2511",
    "1.10.2-recommended": "12.18.3.2511",
    "1.11-latest": "13.19.1.2199",
    "1.11-recommended": "13.19.1.2189",
    "1.11.2-latest": "13.20.1.2588",
    "1.11.2-recommended": "13.20.1.2588",
    "1.12-latest": "14.21.1.2443",
    "1.12-recommended": "14.21.1.2387",
    "1.12.1-latest": "14.22.1.2485",
    "1.12.1-recommended": "14.22.1.2478",
    "1.12.2-latest": "14.23.5.2860",
    "1.12.2-recommended": "14.23.5.2859",
    "1.13.2-latest": "25.0.223",
    "1.14.2-latest": "26.0.63",
    "1.14.3-latest": "27.0.60",
    "1.14.4-latest": "28.2.26",
    "1.14.4-recommended": "28.2.26",
    "1.15-latest": "29.0.4",
    "1.15.1-latest": "30.0.51",
    "1.15.2-latest": "31.2.60",
    "1.15.2-recommended": "31.2.57",
    "1.16.1-latest": "32.0.108",
    "1.16.2-latest": "33.0.61",
    "1.16.3-latest": "34.1.42",
    "1.16.3-recommended": "34.1.0",
    "1.16.4-latest": "35.1.37",
    "1.16.4-recommended": "35.1.4",
    "1.16.5-latest": "36.2.42",
    "1.16.5-recommended": "36.2.34",
    "1.17.1-latest": "37.1.1",
    "1.17.1-recommended": "37.1.1",
    "1.18-latest": "38.0.17",
    "1.18.1-latest": "39.1.2",
    "1.18.1-recommended": "39.1.0",
    "1.18.2-recommended": "40.3.0",
    "1.18.2-latest": "40.3.11",
    "1.19-latest": "41.1.0",
    "1.19-recommended": "41.1.0",
    "1.19.1-latest": "42.0.9",
    "1.19.2-recommended": "43.5.0",
    "1.19.2-latest": "43.5.1",
    "1.19.3-latest": "44.1.23",
    "1.19.3-recommended": "44.1.0",
    "1.19.4-recommended": "45.4.0",
    "1.19.4-latest": "45.4.2",
    "1.20-latest": "46.0.14",
    "1.20.1-recommended": "47.4.0",
    "1.20.1-latest": "47.4.6",
    "1.20.2-latest": "48.1.0",
    "1.20.2-recommended": "48.1.0",
    "1.20.3-latest": "49.0.2",
    "1.20.4-latest": "49.2.0",
    "1.20.4-recommended": "49.2.0",
    "1.20.6-latest": "50.2.1",
    "1.20.6-recommended": "50.2.0",
    "1.21-latest": "51.0.33",
    "1.21.1-latest": "52.1.3",
    "1.21.1-recommended": "52.1.0",
    "1.21.3-latest": "53.1.2",
    "1.21.3-recommended": "53.1.0",
    "1.21.4-latest": "54.1.6",
    "1.21.4-recommended": "54.1.0",
    "1.21.5-latest": "55.0.24",
    "1.21.6-latest": "56.0.9",
    "1.21.7-latest": "57.0.3",
    "1.21.8-latest": "58.0.5"
  }
}
[12Aug2025 21:56:38.882] [Forge Version Check/INFO] [net.minecraftforge.fml.VersionChecker/]: [forge] Found status: OUTDATED Current: 47.3.7 Target: 47.4.0
[12Aug2025 21:56:38.883] [Forge Version Check/INFO] [net.minecraftforge.fml.VersionChecker/]: [jeiintegration] Starting version check at https://cdn.snowshock35.com/mods/jei-integration/update.json
[12Aug2025 21:56:38.965] [Forge Version Check/DEBUG] [net.minecraftforge.fml.VersionChecker/]: [jeiintegration] Received version check data:
{
  "homepage": "https://www.curseforge.com/minecraft/mc-mods/jei-integration/",
  "1.10.2": {
    "1.0.0": "https://www.curseforge.com/minecraft/mc-mods/jei-integration/files/2454700",
    "1.1.0": "https://www.curseforge.com/minecraft/mc-mods/jei-integration/files/2455411",
    "1.2.0": "https://www.curseforge.com/minecraft/mc-mods/jei-integration/files/2455429"
  },
  "1.11.2": {
    "1.0.0": "https://www.curseforge.com/minecraft/mc-mods/jei-integration/files/2454635",
    "1.1.0": "https://www.curseforge.com/minecraft/mc-mods/jei-integration/files/2454679",
    "1.2.0": "https://www.curseforge.com/minecraft/mc-mods/jei-integration/files/2455436"
  },
  "1.12": {
    "1.1.0": "https://www.curseforge.com/minecraft/mc-mods/jei-integration/files/2454209",
    "1.1.1": "https://www.curseforge.com/minecraft/mc-mods/jei-integration/files/2454685",
    "1.2.0": "https://www.curseforge.com/minecraft/mc-mods/jei-integration/files/2455444",
    "1.3.0": "https://www.curseforge.com/minecraft/mc-mods/jei-integration/files/2457723"
  },
  "1.12.1": {
    "1.4.0": "https://www.curseforge.com/minecraft/mc-mods/jei-integration/files/2460251",
    "1.4.1": "https://www.curseforge.com/minecraft/mc-mods/jei-integration/files/2460952",
    "1.4.2": "https://www.curseforge.com/minecraft/mc-mods/jei-integration/files/2463596"
  },
  "1.12.2": {
    "1.5.0": "https://www.curseforge.com/minecraft/mc-mods/jei-integration/files/2490763",
    "1.5.1": "https://www.curseforge.com/minecraft/mc-mods/jei-integration/files/2491927"
  },
  "promos": {
    "1.12.2-latest": "1.6.0",
    "1.12.2-recommended": "1.6.0"
  }
}
[12Aug2025 21:56:38.965] [Forge Version Check/INFO] [net.minecraftforge.fml.VersionChecker/]: [jeiintegration] Found status: BETA Current: 10.0.0 Target: null
[12Aug2025 21:56:38.965] [Forge Version Check/INFO] [net.minecraftforge.fml.VersionChecker/]: [gravestone] Starting version check at https://update.maxhenkel.de/forge/gravestone
[12Aug2025 21:56:39.081] [modloading-worker-0/INFO] [Jade/]: Start loading plugin at net.blay09.mods.waystones.compat.JadeIntegration
[12Aug2025 21:56:39.086] [modloading-worker-0/INFO] [Jade/]: Start loading plugin at net.blay09.mods.balm.forge.compat.hudinfo.ForgeJadeModCompat
[12Aug2025 21:56:39.086] [modloading-worker-0/INFO] [Jade/]: Start loading plugin at snownee.jade.addon.vanilla.VanillaPlugin
[12Aug2025 21:56:39.094] [modloading-worker-0/INFO] [Jade/]: Start loading plugin at snownee.jade.addon.universal.UniversalPlugin
[12Aug2025 21:56:39.097] [modloading-worker-0/INFO] [Jade/]: Start loading plugin at snownee.jade.addon.core.CorePlugin
[12Aug2025 21:56:39.098] [modloading-worker-0/INFO] [Jade/]: Start loading plugin at de.maxhenkel.gravestone.integration.waila.PluginGraveStone
[12Aug2025 21:56:39.098] [modloading-worker-0/INFO] [Jade/]: Start loading plugin at de.teamlapen.vampirism_integrations.jade.JadePlugin
[12Aug2025 21:56:39.129] [main/DEBUG] [net.minecraftforge.fml.DeferredWorkQueue/LOADING]: Dispatching synchronous work for work queue COMPLETE: 5 jobs
[12Aug2025 21:56:39.132] [main/INFO] [de.teamlapen.vampirism.core.ModEffects/]: Fixing vanilla night vision potion types
[12Aug2025 21:56:39.133] [main/DEBUG] [net.minecraftforge.fml.DeferredWorkQueue/LOADING]: Synchronous work queue completed in 4.225 ms
[12Aug2025 21:56:39.454] [Forge Version Check/DEBUG] [net.minecraftforge.fml.VersionChecker/]: [gravestone] Received version check data:
{"1.9.4":{"1.3.6":"Bugfixes"},"1.8.8":{"1.1.7":"Bugfixes"},"1.20":{"1.20-1.0.3":"Updated to 1.20"},"1.8.9":{"1.1.7":"Bugfixes"},"1.18":{"1.18-1.0.3":"Fixed loader version requirement"},"1.19":{"1.19-1.0.3":"Fixed crash when opening the obituary"},"promos":{"1.14.4-recommended":"1.15.3","1.14.3-recommended":"1.14.3","1.20-recommended":"1.20-1.0.3","1.19.3-recommended":"1.19.3-1.0.3","1.19.1-recommended":"1.19.1-1.0.0","1.8.8-latest":"1.1.7","1.8.9-latest":"1.1.7","1.19.4-recommended":"1.19.4-1.0.3","1.19.2-recommended":"1.19.2-1.0.10","1.10.2-latest":"1.5.13","1.14.2-recommended":"1.13.3","1.14.3-latest":"1.14.3","1.20-latest":"1.20-1.0.3","1.11-latest":"1.6.6","1.10.2-recommended":"1.5.13","1.20.1-latest":"1.20.1-1.0.32","1.16.4-latest":"1.16.4-1.0.9","1.11.2-recommended":"1.7.4.1","1.19.3-latest":"1.19.3-1.0.3","1.8-latest":"1.0.5","1.16.2-latest":"1.16.2-1.0.6","1.7.10-latest":"0.7.10.3","1.15.2-recommended":"1.17.6","1.8-recommended":"1.0.5","1.19.1-latest":"1.19.1-1.0.0","1.15.1-recommended":"1.16.2","1.9-recommended":"1.2.10","1.11.2-latest":"1.7.4.1","1.18.1-latest":"1.18.1-1.0.2","1.15.1-latest":"1.16.2","1.18.2-latest":"1.18.2-1.0.2","1.11-recommended":"1.6.6","1.10-recommended":"1.4.9","1.12.2-latest":"1.10.2","1.12.1-latest":"1.9.0","1.12.2-recommended":"1.10.2","1.7.10-recommended":"0.7.10.3","1.19-latest":"1.19-1.0.3","1.17.1-recommended":"1.17.1-1.0.4","1.16.1-recommended":"1.16.1-1.0.6","1.16.2-recommended":"1.16.2-1.0.6","1.18-latest":"1.18-1.0.3","1.16.5-recommended":"1.16.5-1.0.6","1.16.4-recommended":"1.16.4-1.0.9","1.12.1-recommended":"1.9.0","1.20.1-recommended":"1.20.1-1.0.10","1.16.3-recommended":"1.16.3-1.0.2","1.15.2-latest":"1.17.6","1.20.2-recommended":"1.20.2-1.0.10","1.12-recommended":"1.8.4","1.10-latest":"1.4.9","1.14.4-latest":"1.15.3","1.13.2-recommended":"1.12.7","1.9.4-recommended":"1.3.6","1.12-latest":"1.8.4","1.18.2-recommended":"1.18.2-1.0.2","1.17.1-latest":"1.17.1-1.0.4","1.13.2-latest":"1.12.7","1.18.1-recommended":"1.18.1-1.0.2","1.16.3-latest":"1.16.3-2.0.4","1.20.2-latest":"1.20.2-1.0.10","1.19.2-latest":"1.19.2-1.0.23","1.19.4-latest":"1.19.4-1.0.3","1.16.5-latest":"1.16.5-1.0.7","1.19-recommended":"1.19-1.0.3","1.16.1-latest":"1.16.1-1.0.6","1.9-latest":"1.2.10","1.18-recommended":"1.18-1.0.3","1.14.2-latest":"1.13.3","1.8.8-recommended":"1.1.7","1.8.9-recommended":"1.1.7","1.9.4-latest":"1.3.6"},"1.20.2":{"1.20.2-1.0.10":"Improved mod icon\nUpdated corelib"},"1.20.1":{"1.20.1-1.0.32":"Add Hungarian translation","1.20.1-1.0.10":"Improved mod icon\nUpdated corelib"},"1.12":{"1.8.4":"Added recipe for recipe book"},"1.10":{"1.4.9":"Bugfixes"},"1.11":{"1.6.6":"Bugfixes"},"1.7.10":{"0.7.10.3":"Bugfixes"},"1.16.4":{"1.16.4-1.0.9":"Update chinese translation"},"1.18.2":{"1.18.2-1.0.2":"Fixed ukrainian locale code"},"1.19.1":{"1.19.1-1.0.0":"Updated to 1.19.1"},"1.16.5":{"1.16.5-1.0.7":"Fixed freeze with epic fight mod","1.16.5-1.0.6":"Fixed grave names"},"1.19.2":{"1.19.2-1.0.10":"Improved mod icon\nUpdated corelib","1.19.2-1.0.23":"Updated Traditional Chinese translation"},"1.19.3":{"1.19.3-1.0.3":"Fixed creative tabs because Forge broke everything again"},"1.19.4":{"1.19.4-1.0.3":"Updated to 1.19.4"},"1.14.2":{"1.13.3":"Improved en_us language and added pl_pl language"},"1.15.1":{"1.16.2":"Fixed crash with forge 30.0.17+"},"1.14.3":{"1.14.3":"Improved en_us language and added pl_pl language"},"1.16.1":{"1.16.1-1.0.6":"Fixed gravestone items can be picked up with a hopper"},"1.15.2":{"1.17.6":"Updated polish translation"},"1.14.4":{"1.15.3":"Fixed config reset issue"},"1.16.2":{"1.16.2-1.0.6":"Fixed nether dimension name\nUpdated russian translation\nFixed remove death note option"},"1.17.1":{"1.17.1-1.0.4":"Fixed crash with epic fight mod"},"1.8":{"1.0.5":"Bugfixes"},"1.16.3":{"1.16.3-1.0.2":"Updated mods.toml","1.16.3-2.0.4":"Fixed grave disappearing when having sneaking on toggle"},"1.18.1":{"1.18.1-1.0.2":"Added Brazilian Portuguese language"},"1.9":{"1.2.10":"Bugfixes"},"1.10.2":{"1.5.13":"Bugfixes"},"1.11.2":{"1.7.4.1":"Improved version checking"},"1.12.1":{"1.9.0":"Updated to 1.12.1"},"1.12.2":{"1.10.2":"Updated Forge version"},"1.13.2":{"1.12.7":"Improved en_us language and added pl_pl language"},"homepage":"https://www.curseforge.com/minecraft/mc-mods/gravestone-mod"}
[12Aug2025 21:56:39.455] [Forge Version Check/INFO] [net.minecraftforge.fml.VersionChecker/]: [gravestone] Found status: AHEAD Current: 1.20.1-1.0.32 Target: null
[12Aug2025 21:56:39.455] [Forge Version Check/INFO] [net.minecraftforge.fml.VersionChecker/]: [vampirism] Starting version check at https://api.modrinth.com/updates/vampirism/forge_updates.json
[12Aug2025 21:56:39.661] [Forge Version Check/DEBUG] [net.minecraftforge.fml.VersionChecker/]: [vampirism] Received version check data:
{"homepage":"https://modrinth.com/mod/vampirism","promos":{"1.14.4-latest":"1.14.4-1.7.1","1.19.2-latest":"1.19.2-1.9.5","1.20.1-latest":"1.10.13","1.15.2-recommended":"1.15.2-1.7.2","1.20.1-recommended":"1.10.13","1.18.1-recommended":"1.18.1-1.8.1","1.17.1-latest":"1.17.1-1.8.4-beta.1","1.18.2-recommended":"1.18.2-1.8.8","1.19.4-recommended":"1.19.4-1.9.3","1.18.1-latest":"1.18.1-1.8.1","1.19.3-recommended":"1.19.3-1.9.1","1.12.2-latest":"1.12.2-1.6.2","1.16.4-recommended":"1.16.4-1.7.12","1.19.2-recommended":"1.19.2-1.9.5","1.16.5-recommended":"1.16.5-1.9.10","1.19.4-latest":"1.19.4-1.9.3","1.15.2-latest":"1.15.2-1.7.2","1.16.4-latest":"1.16.4-1.7.12","1.19.3-latest":"1.19.3-1.9.1","1.18.2-latest":"1.18.2-1.8.8","1.12.2-recommended":"1.12.2-1.6.2","1.14.4-recommended":"1.14.4-1.7.1","1.16.5-latest":"1.16.5-1.9.10","1.19.1-latest":"1.19.1-1.8.0-alpha+20220729-2305"}}
[12Aug2025 21:56:39.662] [Forge Version Check/INFO] [net.minecraftforge.fml.VersionChecker/]: [vampirism] Found status: UP_TO_DATE Current: 1.10.13 Target: null
[12Aug2025 21:56:39.662] [Forge Version Check/INFO] [net.minecraftforge.fml.VersionChecker/]: [vampirism_integrations] Starting version check at https://api.modrinth.com/updates/vampirism-integrations/forge_updates.json
[12Aug2025 21:56:39.687] [main/INFO] [com.mojang.authlib.yggdrasil.YggdrasilAuthenticationService/]: Environment: authHost='https://authserver.mojang.com', accountsHost='https://api.mojang.com', sessionHost='https://sessionserver.mojang.com', servicesHost='https://api.minecraftservices.com', name='PROD'
[12Aug2025 21:56:39.705] [main/DEBUG] [mixin/]: Mixing bugfix.removed_dimensions.LevelStorageSourceMixin from modernfix-forge.mixins.json into net.minecraft.world.level.storage.LevelStorageSource
[12Aug2025 21:56:39.783] [Forge Version Check/DEBUG] [net.minecraftforge.fml.VersionChecker/]: [vampirism_integrations] Received version check data:
{"homepage":"https://modrinth.com/mod/vampirism-integrations","promos":{"1.12.2-recommended":"1.12.2-1.3.0","1.16.4-recommended":"1.16.4-1.5.0","1.19.2-latest":"1.19.2-1.8.0","1.16.5-latest":"1.16.5-1.6.1","1.16.5-recommended":"1.16.5-1.6.1","1.18.2-latest":"1.18.2-1.7.0-beta.1","1.12.2-latest":"1.12.2-1.3.0","1.20.1-latest":"1.20.1-1.8.1","1.19.2-recommended":"1.19.2-1.8.0","1.19.3-latest":"1.19.3-1.8.0-beta.1","1.16.4-latest":"1.16.4-1.5.0","1.20.1-recommended":"1.20.1-1.8.1"}}
[12Aug2025 21:56:39.784] [Forge Version Check/INFO] [net.minecraftforge.fml.VersionChecker/]: [vampirism_integrations] Found status: OUTDATED Current: 1.8.0 Target: 1.20.1-1.8.1
[12Aug2025 21:56:40.108] [main/DEBUG] [mixin/]: Mixing perf.dynamic_dfu.DataFixTypesMixin from modernfix-common.mixins.json into net.minecraft.util.datafix.DataFixTypes
[12Aug2025 21:56:40.121] [main/WARN] [net.minecraft.server.packs.VanillaPackResourcesBuilder/]: Assets URL 'union:/workspaces/VxW-Next-Gen/servidor_minecraft/libraries/net/minecraft/server/1.20.1-20230612.114412/server-1.20.1-20230612.114412-srg.jar%23205!/assets/.mcassetsroot' uses unexpected schema
[12Aug2025 21:56:40.122] [main/WARN] [net.minecraft.server.packs.VanillaPackResourcesBuilder/]: Assets URL 'union:/workspaces/VxW-Next-Gen/servidor_minecraft/libraries/net/minecraft/server/1.20.1-20230612.114412/server-1.20.1-20230612.114412-srg.jar%23205!/data/.mcassetsroot' uses unexpected schema
[12Aug2025 21:56:40.149] [main/DEBUG] [mixin/]: Mixing feature.measure_time.WorldLoaderMixin from modernfix-common.mixins.json into net.minecraft.server.WorldLoader
[12Aug2025 21:56:40.150] [main/DEBUG] [mixin/]: Renaming synthetic method lambda$finishStopwatch$0(Lcom/google/common/base/Stopwatch;Ljava/lang/Object;Ljava/lang/Throwable;)V to md8ce68a$lambda$finishStopwatch$0$0 in modernfix-common.mixins.json:feature.measure_time.WorldLoaderMixin
[12Aug2025 21:56:40.150] [main/DEBUG] [mixin/]: Mixing core.WorldLoaderMixin from modernfix-forge.mixins.json into net.minecraft.server.WorldLoader
[12Aug2025 21:56:40.150] [main/DEBUG] [mixin/]: Renaming synthetic method lambda$trackEndReload$0(Ljava/lang/Object;)Ljava/lang/Object; to md8ce68a$lambda$trackEndReload$0$1 in modernfix-forge.mixins.json:core.WorldLoaderMixin
[12Aug2025 21:56:40.157] [main/DEBUG] [mixin/]: Mixing tool_swap.MixinServerPlayerGameModeStart from dragonsurvival.mixins.json into net.minecraft.server.level.ServerPlayerGameMode
[12Aug2025 21:56:40.158] [main/DEBUG] [mixin/]: Mixing MixinServerPlayerGameMode from dragonsurvival.mixins.json into net.minecraft.server.level.ServerPlayerGameMode
[12Aug2025 21:56:40.158] [main/DEBUG] [mixin/]: Mixing tool_swap.MixinServerPlayerGameModeEnd from dragonsurvival.mixins.json into net.minecraft.server.level.ServerPlayerGameMode
[12Aug2025 21:56:40.178] [main/DEBUG] [net.minecraftforge.server.ServerLifecycleHooks/CORE]: Generating PackInfo named mod:mowziesmobs for mod file /workspaces/VxW-Next-Gen/servidor_minecraft/mods/mowziesmobs-1.7.3.jar
[12Aug2025 21:56:40.178] [main/DEBUG] [net.minecraftforge.server.ServerLifecycleHooks/CORE]: Generating PackInfo named mod:kuma_api for mod file 
[12Aug2025 21:56:40.179] [main/DEBUG] [net.minecraftforge.server.ServerLifecycleHooks/CORE]: Generating PackInfo named mod:raccompat for mod file /workspaces/VxW-Next-Gen/servidor_minecraft/mods/raccompat-1.20.1-0.1.3.jar
[12Aug2025 21:56:40.179] [main/DEBUG] [net.minecraftforge.server.ServerLifecycleHooks/CORE]: Generating PackInfo named mod:jmi for mod file /workspaces/VxW-Next-Gen/servidor_minecraft/mods/jmi-forge-1.20.1-0.14-48.jar
[12Aug2025 21:56:40.179] [main/DEBUG] [net.minecraftforge.server.ServerLifecycleHooks/CORE]: Generating PackInfo named mod:parcool_compat_addon for mod file /workspaces/VxW-Next-Gen/servidor_minecraft/mods/ParCool-CompatibilityAddon-1.20.1-3.3.1.0-1.0.jar
[12Aug2025 21:56:40.179] [main/DEBUG] [net.minecraftforge.server.ServerLifecycleHooks/CORE]: Generating PackInfo named mod:geckolib for mod file /workspaces/VxW-Next-Gen/servidor_minecraft/mods/geckolib-forge-1.20.1-4.7.3.jar
[12Aug2025 21:56:40.179] [main/DEBUG] [net.minecraftforge.server.ServerLifecycleHooks/CORE]: Generating PackInfo named mod:jei for mod file /workspaces/VxW-Next-Gen/servidor_minecraft/mods/jei-1.20.1-forge-15.20.0.112.jar
[12Aug2025 21:56:40.180] [main/DEBUG] [net.minecraftforge.server.ServerLifecycleHooks/CORE]: Generating PackInfo named mod:prefab for mod file /workspaces/VxW-Next-Gen/servidor_minecraft/mods/prefab-1.10.0.1.jar
[12Aug2025 21:56:40.180] [main/DEBUG] [net.minecraftforge.server.ServerLifecycleHooks/CORE]: Generating PackInfo named mod:waystones for mod file /workspaces/VxW-Next-Gen/servidor_minecraft/mods/waystones-forge-1.20.1-14.1.16.jar
[12Aug2025 21:56:40.180] [main/DEBUG] [net.minecraftforge.server.ServerLifecycleHooks/CORE]: Generating PackInfo named mod:journeymap for mod file /workspaces/VxW-Next-Gen/servidor_minecraft/mods/journeymap-1.20.1-5.10.3-forge.jar
[12Aug2025 21:56:40.180] [main/DEBUG] [net.minecraftforge.server.ServerLifecycleHooks/CORE]: Generating PackInfo named mod:modernfix for mod file /workspaces/VxW-Next-Gen/servidor_minecraft/mods/modernfix-forge-5.24.3+mc1.20.1.jar
[12Aug2025 21:56:40.180] [main/DEBUG] [net.minecraftforge.server.ServerLifecycleHooks/CORE]: Generating PackInfo named mod:citadel for mod file /workspaces/VxW-Next-Gen/servidor_minecraft/mods/citadel-2.6.2-1.20.1.jar
[12Aug2025 21:56:40.180] [main/DEBUG] [net.minecraftforge.server.ServerLifecycleHooks/CORE]: Generating PackInfo named mod:alexsmobs for mod file /workspaces/VxW-Next-Gen/servidor_minecraft/mods/alexsmobs-1.22.9.jar
[12Aug2025 21:56:40.181] [main/DEBUG] [net.minecraftforge.server.ServerLifecycleHooks/CORE]: Generating PackInfo named mod:travelersbackpack for mod file /workspaces/VxW-Next-Gen/servidor_minecraft/mods/travelersbackpack-forge-1.20.1-9.1.39.jar
[12Aug2025 21:56:40.181] [main/DEBUG] [net.minecraftforge.server.ServerLifecycleHooks/CORE]: Generating PackInfo named mod:artifacts for mod file /workspaces/VxW-Next-Gen/servidor_minecraft/mods/artifacts-forge-9.5.16.jar
[12Aug2025 21:56:40.181] [main/DEBUG] [net.minecraftforge.server.ServerLifecycleHooks/CORE]: Generating PackInfo named mod:mixinextras for mod file 
[12Aug2025 21:56:40.181] [main/DEBUG] [net.minecraftforge.server.ServerLifecycleHooks/CORE]: Generating PackInfo named mod:myserveriscompatible for mod file /workspaces/VxW-Next-Gen/servidor_minecraft/mods/MyServerIsCompatible-1.20-1.0.jar
[12Aug2025 21:56:40.181] [main/DEBUG] [net.minecraftforge.server.ServerLifecycleHooks/CORE]: Generating PackInfo named mod:vampiricageing for mod file /workspaces/VxW-Next-Gen/servidor_minecraft/mods/vampiricageing-1.20.1-1.3.26.jar
[12Aug2025 21:56:40.182] [main/DEBUG] [net.minecraftforge.server.ServerLifecycleHooks/CORE]: Generating PackInfo named mod:guideapi_vp for mod file /workspaces/VxW-Next-Gen/servidor_minecraft/mods/Guide-API-VP-1.20.1-2.2.6.jar
[12Aug2025 21:56:40.182] [main/DEBUG] [net.minecraftforge.server.ServerLifecycleHooks/CORE]: Generating PackInfo named mod:relics for mod file /workspaces/VxW-Next-Gen/servidor_minecraft/mods/relics-1.20.1-0.8.0.9.jar
[12Aug2025 21:56:40.182] [main/DEBUG] [net.minecraftforge.server.ServerLifecycleHooks/CORE]: Generating PackInfo named mod:iceandfire for mod file /workspaces/VxW-Next-Gen/servidor_minecraft/mods/iceandfire-2.1.13-1.20.1-beta-5.jar
[12Aug2025 21:56:40.182] [main/DEBUG] [net.minecraftforge.server.ServerLifecycleHooks/CORE]: Generating PackInfo named mod:balm for mod file /workspaces/VxW-Next-Gen/servidor_minecraft/mods/balm-forge-1.20.1-7.3.33-all.jar
[12Aug2025 21:56:40.182] [main/DEBUG] [net.minecraftforge.server.ServerLifecycleHooks/CORE]: Generating PackInfo named mod:ramcompat for mod file /workspaces/VxW-Next-Gen/servidor_minecraft/mods/ramcompat-1.20.1-0.1.4.jar
[12Aug2025 21:56:40.183] [main/DEBUG] [net.minecraftforge.server.ServerLifecycleHooks/CORE]: Generating PackInfo named mod:carryon for mod file /workspaces/VxW-Next-Gen/servidor_minecraft/mods/carryon-forge-1.20.1-2.1.2.7.jar
[12Aug2025 21:56:40.183] [main/DEBUG] [net.minecraftforge.server.ServerLifecycleHooks/CORE]: Generating PackInfo named mod:cloth_config for mod file /workspaces/VxW-Next-Gen/servidor_minecraft/mods/cloth-config-11.1.136-forge.jar
[12Aug2025 21:56:40.183] [main/DEBUG] [net.minecraftforge.server.ServerLifecycleHooks/CORE]: Generating PackInfo named mod:forge for mod file /workspaces/VxW-Next-Gen/servidor_minecraft/libraries/net/minecraftforge/forge/1.20.1-47.3.7/forge-1.20.1-47.3.7-universal.jar
[12Aug2025 21:56:40.183] [main/DEBUG] [net.minecraftforge.server.ServerLifecycleHooks/CORE]: Generating PackInfo named mod:dungeons_arise for mod file /workspaces/VxW-Next-Gen/servidor_minecraft/mods/DungeonsArise-1.20.x-2.1.58-release.jar
[12Aug2025 21:56:40.183] [main/DEBUG] [net.minecraftforge.server.ServerLifecycleHooks/CORE]: Generating PackInfo named mod:iaf_patcher for mod file /workspaces/VxW-Next-Gen/servidor_minecraft/mods/iaf_patcher-1.0-all.jar
[12Aug2025 21:56:40.184] [main/DEBUG] [net.minecraftforge.server.ServerLifecycleHooks/CORE]: Generating PackInfo named mod:alexscaves for mod file /workspaces/VxW-Next-Gen/servidor_minecraft/mods/alexscaves-2.0.2.jar
[12Aug2025 21:56:40.184] [main/DEBUG] [net.minecraftforge.server.ServerLifecycleHooks/CORE]: Generating PackInfo named mod:aerlunerpg for mod file /workspaces/VxW-Next-Gen/servidor_minecraft/mods/aerlunerpg-1.0.3.jar
[12Aug2025 21:56:40.184] [main/DEBUG] [net.minecraftforge.server.ServerLifecycleHooks/CORE]: Generating PackInfo named mod:jade for mod file /workspaces/VxW-Next-Gen/servidor_minecraft/mods/Jade-1.20.1-Forge-11.13.1.jar
[12Aug2025 21:56:40.184] [main/DEBUG] [net.minecraftforge.server.ServerLifecycleHooks/CORE]: Generating PackInfo named mod:lionfishapi for mod file /workspaces/VxW-Next-Gen/servidor_minecraft/mods/lionfishapi-2.4-Fix.jar
[12Aug2025 21:56:40.184] [main/DEBUG] [net.minecraftforge.server.ServerLifecycleHooks/CORE]: Generating PackInfo named mod:world for mod file /workspaces/VxW-Next-Gen/servidor_minecraft/mods/Actual_mod_AerluneRPG0.0.4.jar
[12Aug2025 21:56:40.184] [main/DEBUG] [net.minecraftforge.server.ServerLifecycleHooks/CORE]: Generating PackInfo named mod:spark for mod file /workspaces/VxW-Next-Gen/servidor_minecraft/mods/spark-1.10.53-forge.jar
[12Aug2025 21:56:40.184] [main/DEBUG] [net.minecraftforge.server.ServerLifecycleHooks/CORE]: Generating PackInfo named mod:rogcontinued for mod file /workspaces/VxW-Next-Gen/servidor_minecraft/mods/ROGContinued-forge-1.2.8.jar
[12Aug2025 21:56:40.185] [main/DEBUG] [net.minecraftforge.server.ServerLifecycleHooks/CORE]: Generating PackInfo named mod:jeiintegration for mod file /workspaces/VxW-Next-Gen/servidor_minecraft/mods/jeiintegration_1.20.1-10.0.0.jar
[12Aug2025 21:56:40.185] [main/DEBUG] [net.minecraftforge.server.ServerLifecycleHooks/CORE]: Generating PackInfo named mod:enchantmentmachine for mod file /workspaces/VxW-Next-Gen/servidor_minecraft/mods/EnchantmentMachine-1.20.1-1.1.4.jar
[12Aug2025 21:56:40.185] [main/DEBUG] [net.minecraftforge.server.ServerLifecycleHooks/CORE]: Generating PackInfo named mod:curios for mod file /workspaces/VxW-Next-Gen/servidor_minecraft/mods/curios-forge-5.14.1+1.20.1.jar
[12Aug2025 21:56:40.185] [main/DEBUG] [net.minecraftforge.server.ServerLifecycleHooks/CORE]: Generating PackInfo named mod:gravestone for mod file /workspaces/VxW-Next-Gen/servidor_minecraft/mods/gravestone-forge-1.20.1-1.0.32.jar
[12Aug2025 21:56:40.185] [main/DEBUG] [net.minecraftforge.server.ServerLifecycleHooks/CORE]: Generating PackInfo named mod:parcool for mod file /workspaces/VxW-Next-Gen/servidor_minecraft/mods/ParCool-1.20.1-3.4.1.1.jar
[12Aug2025 21:56:40.185] [main/DEBUG] [net.minecraftforge.server.ServerLifecycleHooks/CORE]: Generating PackInfo named mod:ftbultimine for mod file /workspaces/VxW-Next-Gen/servidor_minecraft/mods/ftb-ultimine-forge-2001.1.6.jar
[12Aug2025 21:56:40.185] [main/DEBUG] [net.minecraftforge.server.ServerLifecycleHooks/CORE]: Generating PackInfo named mod:worldedit for mod file /workspaces/VxW-Next-Gen/servidor_minecraft/mods/worldedit-mod-7.2.15.jar
[12Aug2025 21:56:40.186] [main/DEBUG] [net.minecraftforge.server.ServerLifecycleHooks/CORE]: Generating PackInfo named mod:architectury for mod file /workspaces/VxW-Next-Gen/servidor_minecraft/mods/architectury-9.2.14-forge.jar
[12Aug2025 21:56:40.186] [main/DEBUG] [net.minecraftforge.server.ServerLifecycleHooks/CORE]: Generating PackInfo named mod:ftblibrary for mod file /workspaces/VxW-Next-Gen/servidor_minecraft/mods/ftb-library-forge-2001.2.10.jar
[12Aug2025 21:56:40.186] [main/DEBUG] [net.minecraftforge.server.ServerLifecycleHooks/CORE]: Generating PackInfo named mod:mca for mod file /workspaces/VxW-Next-Gen/servidor_minecraft/mods/minecraft-comes-alive-7.6.11+1.20.1-universal.jar
[12Aug2025 21:56:40.186] [main/DEBUG] [net.minecraftforge.server.ServerLifecycleHooks/CORE]: Generating PackInfo named mod:octolib for mod file /workspaces/VxW-Next-Gen/servidor_minecraft/mods/OctoLib-FORGE-0.5.0.1+1.20.1.jar
[12Aug2025 21:56:40.186] [main/DEBUG] [net.minecraftforge.server.ServerLifecycleHooks/CORE]: Generating PackInfo named mod:vampirism for mod file /workspaces/VxW-Next-Gen/servidor_minecraft/mods/Vampirism-1.20.1-1.10.13.jar
[12Aug2025 21:56:40.186] [main/DEBUG] [net.minecraftforge.server.ServerLifecycleHooks/CORE]: Generating PackInfo named mod:vampirism_integrations for mod file /workspaces/VxW-Next-Gen/servidor_minecraft/mods/vampirism_integrations-1.20.1-1.8.0.jar
[12Aug2025 21:56:40.186] [main/DEBUG] [net.minecraftforge.server.ServerLifecycleHooks/CORE]: Generating PackInfo named mod:werewolves for mod file /workspaces/VxW-Next-Gen/servidor_minecraft/mods/Werewolves-1.20.1-2.0.2.7.jar
[12Aug2025 21:56:40.186] [main/DEBUG] [net.minecraftforge.server.ServerLifecycleHooks/CORE]: Generating PackInfo named mod:godly_vampirism for mod file /workspaces/VxW-Next-Gen/servidor_minecraft/mods/GodlyVampirism-1.20.1-1.10.0.jar
[12Aug2025 21:56:40.187] [main/DEBUG] [net.minecraftforge.server.ServerLifecycleHooks/CORE]: Generating PackInfo named mod:ferritecore for mod file /workspaces/VxW-Next-Gen/servidor_minecraft/mods/ferritecore-6.0.1-forge.jar
[12Aug2025 21:56:40.187] [main/DEBUG] [net.minecraftforge.server.ServerLifecycleHooks/CORE]: Generating PackInfo named mod:cupboard for mod file /workspaces/VxW-Next-Gen/servidor_minecraft/mods/cupboard-1.20.1-2.7.jar
[12Aug2025 21:56:40.187] [main/DEBUG] [net.minecraftforge.server.ServerLifecycleHooks/CORE]: Generating PackInfo named mod:rarcompat for mod file /workspaces/VxW-Next-Gen/servidor_minecraft/mods/rarcompat-1.20.1-0.1.7.jar
[12Aug2025 21:56:40.187] [main/DEBUG] [net.minecraftforge.server.ServerLifecycleHooks/CORE]: Generating PackInfo named mod:wings for mod file /workspaces/VxW-Next-Gen/servidor_minecraft/mods/wings-2.1.4-all.jar
[12Aug2025 21:56:40.187] [main/DEBUG] [net.minecraftforge.server.ServerLifecycleHooks/CORE]: Generating PackInfo named mod:expandability for mod file 
[12Aug2025 21:56:40.187] [main/DEBUG] [net.minecraftforge.server.ServerLifecycleHooks/CORE]: Generating PackInfo named mod:dragonsurvival for mod file /workspaces/VxW-Next-Gen/servidor_minecraft/mods/dragonsurvival-1.20.1-28.05.2025.jar
[12Aug2025 21:56:40.232] [main/DEBUG] [ModernFix/]: Generated cache for /assets in 10.69 ms
[12Aug2025 21:56:40.233] [main/DEBUG] [ModernFix/]: Generated cache for /assets in 174.6 μs
[12Aug2025 21:56:40.262] [main/DEBUG] [ModernFix/]: Generated cache for /assets in 28.62 ms
[12Aug2025 21:56:40.264] [main/DEBUG] [ModernFix/]: Generated cache for /assets in 1.891 ms
[12Aug2025 21:56:40.283] [main/DEBUG] [ModernFix/]: Generated cache for /assets in 18.48 ms
[12Aug2025 21:56:40.284] [main/DEBUG] [ModernFix/]: Generated cache for /assets in 1.316 ms
[12Aug2025 21:56:40.285] [main/DEBUG] [ModernFix/]: Generated cache for /assets in 935.8 μs
[12Aug2025 21:56:40.286] [main/DEBUG] [ModernFix/]: Generated cache for /assets in 651.6 μs
[12Aug2025 21:56:40.291] [main/DEBUG] [ModernFix/]: Generated cache for /assets in 4.803 ms
[12Aug2025 21:56:40.330] [main/DEBUG] [ModernFix/]: Generated cache for /assets in 38.21 ms
[12Aug2025 21:56:40.333] [main/DEBUG] [ModernFix/]: Generated cache for /assets in 2.602 ms
[12Aug2025 21:56:40.338] [main/DEBUG] [ModernFix/]: Generated cache for /assets in 4.879 ms
[12Aug2025 21:56:40.338] [main/DEBUG] [ModernFix/]: Generated cache for /assets in 127.2 μs
[12Aug2025 21:56:40.339] [main/DEBUG] [ModernFix/]: Generated cache for /assets in 588.2 μs
[12Aug2025 21:56:40.344] [main/DEBUG] [ModernFix/]: Generated cache for /assets in 4.889 ms
[12Aug2025 21:56:40.346] [main/DEBUG] [ModernFix/]: Generated cache for /assets in 2.022 ms
[12Aug2025 21:56:40.347] [main/DEBUG] [ModernFix/]: Generated cache for /assets in 512.5 μs
[12Aug2025 21:56:40.347] [main/DEBUG] [ModernFix/]: Generated cache for /assets in 318.7 μs
[12Aug2025 21:56:40.351] [main/DEBUG] [ModernFix/]: Generated cache for /assets in 3.529 ms
[12Aug2025 21:56:40.352] [main/DEBUG] [ModernFix/]: Generated cache for /assets in 409.5 μs
[12Aug2025 21:56:40.379] [main/DEBUG] [ModernFix/]: Generated cache for /assets in 27.32 ms
[12Aug2025 21:56:40.380] [main/DEBUG] [ModernFix/]: Generated cache for /assets in 512.3 μs
[12Aug2025 21:56:40.380] [main/DEBUG] [ModernFix/]: Generated cache for /assets in 228.0 μs
[12Aug2025 21:56:40.384] [main/DEBUG] [ModernFix/]: Generated cache for /assets in 3.359 ms
[12Aug2025 21:56:40.391] [main/DEBUG] [ModernFix/]: Generated cache for /assets in 7.213 ms
[12Aug2025 21:56:40.411] [main/DEBUG] [ModernFix/]: Generated cache for /assets in 19.93 ms
[12Aug2025 21:56:40.418] [main/DEBUG] [ModernFix/]: Generated cache for /assets in 6.390 ms
[12Aug2025 21:56:40.536] [main/DEBUG] [ModernFix/]: Generated cache for /assets in 117.8 ms
[12Aug2025 21:56:40.546] [main/DEBUG] [ModernFix/]: Generated cache for /assets in 9.821 ms
[12Aug2025 21:56:40.548] [main/DEBUG] [ModernFix/]: Generated cache for /assets in 115.7 μs
[12Aug2025 21:56:40.556] [main/DEBUG] [ModernFix/]: Generated cache for /assets in 7.725 ms
[12Aug2025 21:56:40.561] [main/DEBUG] [ModernFix/]: Generated cache for /assets in 4.894 ms
[12Aug2025 21:56:40.561] [main/DEBUG] [ModernFix/]: Generated cache for /assets in 481.2 μs
[12Aug2025 21:56:40.562] [main/DEBUG] [ModernFix/]: Generated cache for /assets in 418.0 μs
[12Aug2025 21:56:40.564] [main/DEBUG] [ModernFix/]: Generated cache for /assets in 276.4 μs
[12Aug2025 21:56:40.564] [main/DEBUG] [ModernFix/]: Generated cache for /assets in 137.1 μs
[12Aug2025 21:56:40.565] [main/DEBUG] [ModernFix/]: Generated cache for /assets in 53.49 μs
[12Aug2025 21:56:40.565] [main/DEBUG] [ModernFix/]: Generated cache for /assets in 649.6 μs
[12Aug2025 21:56:40.566] [main/DEBUG] [ModernFix/]: Generated cache for /assets in 367.0 μs
[12Aug2025 21:56:40.567] [main/DEBUG] [ModernFix/]: Generated cache for /assets in 420.1 μs
[12Aug2025 21:56:40.567] [main/DEBUG] [ModernFix/]: Generated cache for /assets in 381.6 μs
[12Aug2025 21:56:40.568] [main/DEBUG] [ModernFix/]: Generated cache for /assets in 1.243 ms
[12Aug2025 21:56:40.569] [main/DEBUG] [ModernFix/]: Generated cache for /assets in 142.2 μs
[12Aug2025 21:56:40.569] [main/DEBUG] [ModernFix/]: Generated cache for /assets in 54.40 μs
[12Aug2025 21:56:40.569] [main/DEBUG] [ModernFix/]: Generated cache for /assets in 72.23 μs
[12Aug2025 21:56:40.570] [main/DEBUG] [ModernFix/]: Generated cache for /assets in 380.9 μs
[12Aug2025 21:56:41.361] [main/DEBUG] [de.teamlapen.werewolves.world.gen.OverworldModifications/]: Removing biome ResourceKey[minecraft:worldgen/biome / minecraft:plains] from parameter point ParameterPoint[temperature=[-1500-2000], humidity=[-3500--1000], continentalness=[300-10000], erosion=[-3750-500], depth=0, weirdness=[-2666--500], offset=0] in overworld preset
[12Aug2025 21:56:41.362] [main/DEBUG] [de.teamlapen.werewolves.world.gen.OverworldModifications/]: Removing biome ResourceKey[minecraft:worldgen/biome / minecraft:forest] from parameter point ParameterPoint[temperature=[-1500-2000], humidity=[-1000-1000], continentalness=[300-10000], erosion=[-3750-500], depth=0, weirdness=[-2666--500], offset=0] in overworld preset
[12Aug2025 21:56:41.362] [main/DEBUG] [de.teamlapen.werewolves.world.gen.OverworldModifications/]: Removing biome ResourceKey[minecraft:worldgen/biome / minecraft:birch_forest] from parameter point ParameterPoint[temperature=[-1500-2000], humidity=[1000-3000], continentalness=[300-10000], erosion=[-3750-500], depth=0, weirdness=[-2666--500], offset=0] in overworld preset
[12Aug2025 21:56:41.362] [main/DEBUG] [de.teamlapen.werewolves.world.gen.OverworldModifications/]: Removing biome ResourceKey[minecraft:worldgen/biome / minecraft:savanna] from parameter point ParameterPoint[temperature=[2000-5500], humidity=[-3500--1000], continentalness=[300-10000], erosion=[-3750-500], depth=0, weirdness=[-2666--500], offset=0] in overworld preset
[12Aug2025 21:56:41.362] [main/DEBUG] [de.teamlapen.werewolves.world.gen.OverworldModifications/]: Removing biome ResourceKey[minecraft:worldgen/biome / minecraft:forest] from parameter point ParameterPoint[temperature=[2000-5500], humidity=[-1000-1000], continentalness=[300-10000], erosion=[-3750-500], depth=0, weirdness=[-2666--500], offset=0] in overworld preset
[12Aug2025 21:56:41.363] [main/DEBUG] [de.teamlapen.werewolves.world.gen.OverworldModifications/]: Removing biome ResourceKey[minecraft:worldgen/biome / minecraft:jungle] from parameter point ParameterPoint[temperature=[2000-5500], humidity=[1000-3000], continentalness=[300-10000], erosion=[-3750-500], depth=0, weirdness=[-2666--500], offset=0] in overworld preset
[12Aug2025 21:56:41.363] [main/DEBUG] [de.teamlapen.werewolves.world.gen.OverworldModifications/]: Removing biome ResourceKey[minecraft:worldgen/biome / minecraft:river] from parameter point ParameterPoint[temperature=[-4500-10000], humidity=[-10000-10000], continentalness=[-1900-10000], erosion=[-3750-5500], depth=0, weirdness=[-500-500], offset=0] in overworld preset
[12Aug2025 21:56:41.364] [main/DEBUG] [de.teamlapen.werewolves.world.gen.OverworldModifications/]: Removing biome ResourceKey[minecraft:worldgen/biome / minecraft:plains] from parameter point ParameterPoint[temperature=[-1500-2000], humidity=[-3500--1000], continentalness=[300-10000], erosion=[-3750-500], depth=0, weirdness=[500-2666], offset=0] in overworld preset
[12Aug2025 21:56:41.364] [main/DEBUG] [de.teamlapen.werewolves.world.gen.OverworldModifications/]: Removing biome ResourceKey[minecraft:worldgen/biome / minecraft:forest] from parameter point ParameterPoint[temperature=[-1500-2000], humidity=[-1000-1000], continentalness=[300-10000], erosion=[-3750-500], depth=0, weirdness=[500-2666], offset=0] in overworld preset
[12Aug2025 21:56:41.364] [main/DEBUG] [de.teamlapen.werewolves.world.gen.OverworldModifications/]: Removing biome ResourceKey[minecraft:worldgen/biome / minecraft:old_growth_birch_forest] from parameter point ParameterPoint[temperature=[-1500-2000], humidity=[1000-3000], continentalness=[300-10000], erosion=[-3750-500], depth=0, weirdness=[500-2666], offset=0] in overworld preset
[12Aug2025 21:56:41.364] [main/DEBUG] [de.teamlapen.werewolves.world.gen.OverworldModifications/]: Removing biome ResourceKey[minecraft:worldgen/biome / minecraft:savanna] from parameter point ParameterPoint[temperature=[2000-5500], humidity=[-3500--1000], continentalness=[300-10000], erosion=[-3750-500], depth=0, weirdness=[500-2666], offset=0] in overworld preset
[12Aug2025 21:56:41.364] [main/DEBUG] [de.teamlapen.werewolves.world.gen.OverworldModifications/]: Removing biome ResourceKey[minecraft:worldgen/biome / minecraft:plains] from parameter point ParameterPoint[temperature=[2000-5500], humidity=[-1000-1000], continentalness=[300-10000], erosion=[-3750-500], depth=0, weirdness=[500-2666], offset=0] in overworld preset
[12Aug2025 21:56:41.365] [main/DEBUG] [de.teamlapen.werewolves.world.gen.OverworldModifications/]: Removing biome ResourceKey[minecraft:worldgen/biome / minecraft:sparse_jungle] from parameter point ParameterPoint[temperature=[2000-5500], humidity=[1000-3000], continentalness=[300-10000], erosion=[-3750-500], depth=0, weirdness=[500-2666], offset=0] in overworld preset
[12Aug2025 21:56:41.365] [main/DEBUG] [de.teamlapen.werewolves.world.gen.OverworldModifications/]: Removing biome ResourceKey[minecraft:worldgen/biome / minecraft:plains] from parameter point ParameterPoint[temperature=[-1500-2000], humidity=[-3500--1000], continentalness=[300-3000], erosion=[-3750--2225], depth=0, weirdness=[2666-4000], offset=0] in overworld preset
[12Aug2025 21:56:41.365] [main/DEBUG] [de.teamlapen.werewolves.world.gen.OverworldModifications/]: Removing biome ResourceKey[minecraft:worldgen/biome / minecraft:cherry_grove] from parameter point ParameterPoint[temperature=[-1500-2000], humidity=[-3500--1000], continentalness=[3000-10000], erosion=[-3750--2225], depth=0, weirdness=[2666-4000], offset=0] in overworld preset
[12Aug2025 21:56:41.365] [main/DEBUG] [de.teamlapen.werewolves.world.gen.OverworldModifications/]: Removing biome ResourceKey[minecraft:worldgen/biome / minecraft:forest] from parameter point ParameterPoint[temperature=[-1500-2000], humidity=[-1000-1000], continentalness=[300-3000], erosion=[-3750--2225], depth=0, weirdness=[2666-4000], offset=0] in overworld preset
[12Aug2025 21:56:41.365] [main/DEBUG] [de.teamlapen.werewolves.world.gen.OverworldModifications/]: Removing biome ResourceKey[minecraft:worldgen/biome / minecraft:forest] from parameter point ParameterPoint[temperature=[-1500-2000], humidity=[-1000-1000], continentalness=[3000-10000], erosion=[-3750--2225], depth=0, weirdness=[2666-4000], offset=0] in overworld preset
[12Aug2025 21:56:41.366] [main/DEBUG] [de.teamlapen.werewolves.world.gen.OverworldModifications/]: Removing biome ResourceKey[minecraft:worldgen/biome / minecraft:old_growth_birch_forest] from parameter point ParameterPoint[temperature=[-1500-2000], humidity=[1000-3000], continentalness=[300-3000], erosion=[-3750--2225], depth=0, weirdness=[2666-4000], offset=0] in overworld preset
[12Aug2025 21:56:41.366] [main/DEBUG] [de.teamlapen.werewolves.world.gen.OverworldModifications/]: Removing biome ResourceKey[minecraft:worldgen/biome / minecraft:birch_forest] from parameter point ParameterPoint[temperature=[-1500-2000], humidity=[1000-3000], continentalness=[3000-10000], erosion=[-3750--2225], depth=0, weirdness=[2666-4000], offset=0] in overworld preset
[12Aug2025 21:56:41.366] [main/DEBUG] [de.teamlapen.werewolves.world.gen.OverworldModifications/]: Removing biome ResourceKey[minecraft:worldgen/biome / minecraft:savanna] from parameter point ParameterPoint[temperature=[2000-5500], humidity=[-3500--1000], continentalness=[300-3000], erosion=[-3750--2225], depth=0, weirdness=[2666-4000], offset=0] in overworld preset
[12Aug2025 21:56:41.366] [main/DEBUG] [de.teamlapen.werewolves.world.gen.OverworldModifications/]: Removing biome ResourceKey[minecraft:worldgen/biome / minecraft:savanna_plateau] from parameter point ParameterPoint[temperature=[2000-5500], humidity=[-3500--1000], continentalness=[3000-10000], erosion=[-3750--2225], depth=0, weirdness=[2666-4000], offset=0] in overworld preset
[12Aug2025 21:56:41.366] [main/DEBUG] [de.teamlapen.werewolves.world.gen.OverworldModifications/]: Removing biome ResourceKey[minecraft:worldgen/biome / minecraft:plains] from parameter point ParameterPoint[temperature=[2000-5500], humidity=[-1000-1000], continentalness=[300-3000], erosion=[-3750--2225], depth=0, weirdness=[2666-4000], offset=0] in overworld preset
[12Aug2025 21:56:41.366] [main/DEBUG] [de.teamlapen.werewolves.world.gen.OverworldModifications/]: Removing biome ResourceKey[minecraft:worldgen/biome / minecraft:forest] from parameter point ParameterPoint[temperature=[2000-5500], humidity=[-1000-1000], continentalness=[3000-10000], erosion=[-3750--2225], depth=0, weirdness=[2666-4000], offset=0] in overworld preset
[12Aug2025 21:56:41.367] [main/DEBUG] [de.teamlapen.werewolves.world.gen.OverworldModifications/]: Removing biome ResourceKey[minecraft:worldgen/biome / minecraft:sparse_jungle] from parameter point ParameterPoint[temperature=[2000-5500], humidity=[1000-3000], continentalness=[300-3000], erosion=[-3750--2225], depth=0, weirdness=[2666-4000], offset=0] in overworld preset
[12Aug2025 21:56:41.367] [main/DEBUG] [de.teamlapen.werewolves.world.gen.OverworldModifications/]: Removing biome ResourceKey[minecraft:worldgen/biome / minecraft:forest] from parameter point ParameterPoint[temperature=[2000-5500], humidity=[1000-3000], continentalness=[3000-10000], erosion=[-3750--2225], depth=0, weirdness=[2666-4000], offset=0] in overworld preset
[12Aug2025 21:56:41.367] [main/DEBUG] [de.teamlapen.werewolves.world.gen.OverworldModifications/]: Removing biome ResourceKey[minecraft:worldgen/biome / minecraft:cherry_grove] from parameter point ParameterPoint[temperature=[-1500-2000], humidity=[-3500--1000], continentalness=[300-10000], erosion=[-3750--2225], depth=0, weirdness=[4000-5666], offset=0] in overworld preset
[12Aug2025 21:56:41.368] [main/DEBUG] [de.teamlapen.werewolves.world.gen.OverworldModifications/]: Removing biome ResourceKey[minecraft:worldgen/biome / minecraft:forest] from parameter point ParameterPoint[temperature=[-1500-2000], humidity=[-1000-1000], continentalness=[300-10000], erosion=[-3750--2225], depth=0, weirdness=[4000-5666], offset=0] in overworld preset
[12Aug2025 21:56:41.368] [main/DEBUG] [de.teamlapen.werewolves.world.gen.OverworldModifications/]: Removing biome ResourceKey[minecraft:worldgen/biome / minecraft:birch_forest] from parameter point ParameterPoint[temperature=[-1500-2000], humidity=[1000-3000], continentalness=[300-10000], erosion=[-3750--2225], depth=0, weirdness=[4000-5666], offset=0] in overworld preset
[12Aug2025 21:56:41.368] [main/DEBUG] [de.teamlapen.werewolves.world.gen.OverworldModifications/]: Removing biome ResourceKey[minecraft:worldgen/biome / minecraft:savanna_plateau] from parameter point ParameterPoint[temperature=[2000-5500], humidity=[-3500--1000], continentalness=[300-10000], erosion=[-3750--2225], depth=0, weirdness=[4000-5666], offset=0] in overworld preset
[12Aug2025 21:56:41.368] [main/DEBUG] [de.teamlapen.werewolves.world.gen.OverworldModifications/]: Removing biome ResourceKey[minecraft:worldgen/biome / minecraft:forest] from parameter point ParameterPoint[temperature=[2000-5500], humidity=[-1000-1000], continentalness=[300-10000], erosion=[-3750--2225], depth=0, weirdness=[4000-5666], offset=0] in overworld preset
[12Aug2025 21:56:41.368] [main/DEBUG] [de.teamlapen.werewolves.world.gen.OverworldModifications/]: Removing biome ResourceKey[minecraft:worldgen/biome / minecraft:forest] from parameter point ParameterPoint[temperature=[2000-5500], humidity=[1000-3000], continentalness=[300-10000], erosion=[-3750--2225], depth=0, weirdness=[4000-5666], offset=0] in overworld preset
[12Aug2025 21:56:41.369] [main/DEBUG] [de.teamlapen.werewolves.world.gen.OverworldModifications/]: Removing biome ResourceKey[minecraft:worldgen/biome / minecraft:cherry_grove] from parameter point ParameterPoint[temperature=[-1500-2000], humidity=[-3500--1000], continentalness=[300-10000], erosion=[-3750--2225], depth=0, weirdness=[5666-7666], offset=0] in overworld preset
[12Aug2025 21:56:41.369] [main/DEBUG] [de.teamlapen.werewolves.world.gen.OverworldModifications/]: Removing biome ResourceKey[minecraft:worldgen/biome / minecraft:forest] from parameter point ParameterPoint[temperature=[-1500-2000], humidity=[-1000-1000], continentalness=[300-10000], erosion=[-3750--2225], depth=0, weirdness=[5666-7666], offset=0] in overworld preset
[12Aug2025 21:56:41.369] [main/DEBUG] [de.teamlapen.werewolves.world.gen.OverworldModifications/]: Removing biome ResourceKey[minecraft:worldgen/biome / minecraft:birch_forest] from parameter point ParameterPoint[temperature=[-1500-2000], humidity=[1000-3000], continentalness=[300-10000], erosion=[-3750--2225], depth=0, weirdness=[5666-7666], offset=0] in overworld preset
[12Aug2025 21:56:41.369] [main/DEBUG] [de.teamlapen.werewolves.world.gen.OverworldModifications/]: Removing biome ResourceKey[minecraft:worldgen/biome / minecraft:savanna_plateau] from parameter point ParameterPoint[temperature=[2000-5500], humidity=[-3500--1000], continentalness=[300-10000], erosion=[-3750--2225], depth=0, weirdness=[5666-7666], offset=0] in overworld preset
[12Aug2025 21:56:41.370] [main/DEBUG] [de.teamlapen.werewolves.world.gen.OverworldModifications/]: Removing biome ResourceKey[minecraft:worldgen/biome / minecraft:forest] from parameter point ParameterPoint[temperature=[2000-5500], humidity=[-1000-1000], continentalness=[300-10000], erosion=[-3750--2225], depth=0, weirdness=[5666-7666], offset=0] in overworld preset
[12Aug2025 21:56:41.370] [main/DEBUG] [de.teamlapen.werewolves.world.gen.OverworldModifications/]: Removing biome ResourceKey[minecraft:worldgen/biome / minecraft:forest] from parameter point ParameterPoint[temperature=[2000-5500], humidity=[1000-3000], continentalness=[300-10000], erosion=[-3750--2225], depth=0, weirdness=[5666-7666], offset=0] in overworld preset
[12Aug2025 21:56:41.371] [main/DEBUG] [de.teamlapen.werewolves.world.gen.OverworldModifications/]: Removed a total of 37 points from 7593
[12Aug2025 21:56:41.372] [main/INFO] [de.teamlapen.werewolves.world.gen.OverworldModifications/]: Adding biome ResourceKey[minecraft:worldgen/biome / werewolves:werewolf_heaven] to ParameterPoints [ParameterPoint[temperature=[1900-4000], humidity=[-2500-2500], continentalness=[2000-5500], erosion=[-3750--2225], depth=0, weirdness=[-2000-2000], offset=0], ParameterPoint[temperature=[1900-4000], humidity=[-2500-2500], continentalness=[2000-5500], erosion=[-3750--2225], depth=0, weirdness=[2000-6000], offset=0]] in Preset.OVERWORLD
[12Aug2025 21:56:41.484] [main/DEBUG] [de.teamlapen.vampirism.world.biome.OverworldModifications/]: Removing biome ResourceKey[minecraft:worldgen/biome / minecraft:taiga] from parameter point ParameterPoint[temperature=[-4500--1500], humidity=[1000-3000], continentalness=[-1900-300], erosion=[-3750-500], depth=0, weirdness=[-5666--4000], offset=0] in overworld preset
[12Aug2025 21:56:41.485] [main/DEBUG] [de.teamlapen.vampirism.world.biome.OverworldModifications/]: Removing biome ResourceKey[minecraft:worldgen/biome / minecraft:taiga] from parameter point ParameterPoint[temperature=[-4500--1500], humidity=[1000-3000], continentalness=[300-10000], erosion=[-3750--2225], depth=0, weirdness=[-5666--4000], offset=0] in overworld preset
[12Aug2025 21:56:41.485] [main/DEBUG] [de.teamlapen.vampirism.world.biome.OverworldModifications/]: Removing biome ResourceKey[minecraft:worldgen/biome / minecraft:taiga] from parameter point ParameterPoint[temperature=[-4500--1500], humidity=[1000-3000], continentalness=[-1100-300], erosion=[-3750--2225], depth=0, weirdness=[-4000--2666], offset=0] in overworld preset
[12Aug2025 21:56:41.485] [main/DEBUG] [de.teamlapen.vampirism.world.biome.OverworldModifications/]: Removing biome ResourceKey[minecraft:worldgen/biome / minecraft:taiga] from parameter point ParameterPoint[temperature=[-4500--1500], humidity=[1000-3000], continentalness=[300-3000], erosion=[-3750--2225], depth=0, weirdness=[-4000--2666], offset=0] in overworld preset
[12Aug2025 21:56:41.486] [main/DEBUG] [de.teamlapen.vampirism.world.biome.OverworldModifications/]: Removing biome ResourceKey[minecraft:worldgen/biome / minecraft:taiga] from parameter point ParameterPoint[temperature=[-4500--1500], humidity=[1000-3000], continentalness=[3000-10000], erosion=[-3750--2225], depth=0, weirdness=[-4000--2666], offset=0] in overworld preset
[12Aug2025 21:56:41.486] [main/DEBUG] [de.teamlapen.vampirism.world.biome.OverworldModifications/]: Removing biome ResourceKey[minecraft:worldgen/biome / minecraft:taiga] from parameter point ParameterPoint[temperature=[-4500--1500], humidity=[1000-3000], continentalness=[-1100-300], erosion=[-3750-500], depth=0, weirdness=[-2666--500], offset=0] in overworld preset
[12Aug2025 21:56:41.486] [main/DEBUG] [de.teamlapen.vampirism.world.biome.OverworldModifications/]: Removing biome ResourceKey[minecraft:worldgen/biome / minecraft:taiga] from parameter point ParameterPoint[temperature=[-4500--1500], humidity=[1000-3000], continentalness=[300-10000], erosion=[-3750-500], depth=0, weirdness=[-2666--500], offset=0] in overworld preset
[12Aug2025 21:56:41.487] [main/DEBUG] [de.teamlapen.vampirism.world.biome.OverworldModifications/]: Removing biome ResourceKey[minecraft:worldgen/biome / minecraft:taiga] from parameter point ParameterPoint[temperature=[-4500--1500], humidity=[1000-3000], continentalness=[-1100-300], erosion=[-3750-500], depth=0, weirdness=[500-2666], offset=0] in overworld preset
[12Aug2025 21:56:41.487] [main/DEBUG] [de.teamlapen.vampirism.world.biome.OverworldModifications/]: Removing biome ResourceKey[minecraft:worldgen/biome / minecraft:taiga] from parameter point ParameterPoint[temperature=[-4500--1500], humidity=[1000-3000], continentalness=[300-10000], erosion=[-3750-500], depth=0, weirdness=[500-2666], offset=0] in overworld preset
[12Aug2025 21:56:41.488] [main/DEBUG] [de.teamlapen.vampirism.world.biome.OverworldModifications/]: Removing biome ResourceKey[minecraft:worldgen/biome / minecraft:taiga] from parameter point ParameterPoint[temperature=[-4500--1500], humidity=[1000-3000], continentalness=[-1100-300], erosion=[-3750--2225], depth=0, weirdness=[2666-4000], offset=0] in overworld preset
[12Aug2025 21:56:41.488] [main/DEBUG] [de.teamlapen.vampirism.world.biome.OverworldModifications/]: Removing biome ResourceKey[minecraft:worldgen/biome / minecraft:taiga] from parameter point ParameterPoint[temperature=[-4500--1500], humidity=[1000-3000], continentalness=[300-3000], erosion=[-3750--2225], depth=0, weirdness=[2666-4000], offset=0] in overworld preset
[12Aug2025 21:56:41.488] [main/DEBUG] [de.teamlapen.vampirism.world.biome.OverworldModifications/]: Removing biome ResourceKey[minecraft:worldgen/biome / minecraft:meadow] from parameter point ParameterPoint[temperature=[-4500--1500], humidity=[1000-3000], continentalness=[3000-10000], erosion=[-3750--2225], depth=0, weirdness=[2666-4000], offset=0] in overworld preset
[12Aug2025 21:56:41.489] [main/DEBUG] [de.teamlapen.vampirism.world.biome.OverworldModifications/]: Removed a total of 12 points from 7558
[12Aug2025 21:56:41.489] [main/INFO] [de.teamlapen.vampirism.world.biome.OverworldModifications/]: Adding biome vampirism:vampire_forest to ParameterPoints [ParameterPoint[temperature=[-4000--1900], humidity=[1000-3000], continentalness=[-1100-5500], erosion=[-3750--2225], depth=0, weirdness=[-5666--500], offset=0], ParameterPoint[temperature=[-4000--1900], humidity=[1000-3000], continentalness=[-1100-5500], erosion=[-3750--2225], depth=0, weirdness=[500-4000], offset=0]] in Preset.OVERWORLD
[12Aug2025 21:56:41.590] [main/DEBUG] [mixin/]: Mixing bugfix.registry_ops_cme.RegistryOpsMemoizedMixin from modernfix-common.mixins.json into net.minecraft.resources.RegistryOps$1
[12Aug2025 21:56:41.974] [main/DEBUG] [mixin/]: Mixing PrimaryLevelDataMixin from citadel.mixins.json into net.minecraft.world.level.storage.PrimaryLevelData
[12Aug2025 21:56:41.993] [main/DEBUG] [mixin/]: Mixing MixinLootDataManager from architectury.mixins.json into net.minecraft.world.level.storage.loot.LootDataManager
[12Aug2025 21:56:41.999] [main/DEBUG] [mixin/]: Mixing TagManagerAccessor from vampirism.mixins.json into net.minecraft.tags.TagManager
[12Aug2025 21:56:42.001] [main/DEBUG] [mixin/]: Mixing CommandExceptionLoggingMixin from cupboard.mixins.json into net.minecraft.commands.Commands
[12Aug2025 21:56:42.176] [main/DEBUG] [net.minecraftforge.coremod.transformer.CoreModBaseTransformer/COREMOD]: Transforming net/minecraft/server/commands/SummonCommand
[12Aug2025 21:56:42.285] [main/DEBUG] [mixin/]: Mixing perf.potential_spawns_alloc.ForgeEventFactoryMixin from modernfix-forge.mixins.json into net.minecraftforge.event.ForgeEventFactory
[12Aug2025 21:56:42.298] [main/DEBUG] [mixin/]: Mixing perf.potential_spawns_alloc.PotentialSpawnsMixin from modernfix-forge.mixins.json into net.minecraftforge.event.level.LevelEvent$PotentialSpawns
[12Aug2025 21:56:42.360] [main/INFO] [com.sk89q.worldedit.extension.platform.PlatformCommandManager/]: Registering commands with com.sk89q.worldedit.forge.ForgePlatform
[12Aug2025 21:56:42.404] [main/INFO] [Dragon Survival/]: Registered commands
[12Aug2025 21:56:42.405] [main/INFO] [Dragon Survival/]: Registered commands
[12Aug2025 21:56:42.408] [main/DEBUG] [mixin/]: Mixing debug.TagLoaderMixin from mixins.artifacts.common.json into net.minecraft.tags.TagLoader
[12Aug2025 21:56:42.417] [main/DEBUG] [mixin/]: Mixing RecipeManagerAccessor from vampirism.mixins.json into net.minecraft.world.item.crafting.RecipeManager
[12Aug2025 21:56:42.418] [main/DEBUG] [mixin/]: Mixing perf.datapack_reload_exceptions.RecipeManagerMixin from modernfix-forge.mixins.json into net.minecraft.world.item.crafting.RecipeManager
[12Aug2025 21:56:42.422] [main/INFO] [com.github.alexthe666.alexsmobs.AlexsMobs/]: Adding datapack listener capsid_recipes
[12Aug2025 21:56:42.423] [main/DEBUG] [mixin/]: Mixing feature.measure_time.AddReloadListenerEventWrapperMixin from modernfix-forge.mixins.json into net.minecraftforge.event.AddReloadListenerEvent$WrappedStateAwareListener
[12Aug2025 21:56:42.439] [main/DEBUG] [mixin/]: Mixing feature.measure_time.SimpleReloadInstanceMixin from modernfix-common.mixins.json into net.minecraft.server.packs.resources.SimpleReloadInstance
[12Aug2025 21:56:42.455] [Worker-Main-5/DEBUG] [mixin/]: Mixing perf.tag_id_caching.TagEntryMixin from modernfix-forge.mixins.json into net.minecraft.tags.TagEntry
[12Aug2025 21:56:42.883] [Worker-Main-5/DEBUG] [mixin/]: Mixing MixinNbtPredicate from curios.mixins.json into net.minecraft.advancements.critereon.NbtPredicate
[12Aug2025 21:56:42.892] [Worker-Main-5/DEBUG] [net.minecraftforge.coremod.transformer.CoreModBaseTransformer/COREMOD]: Transforming net/minecraft/world/entity/raid/Raid
[12Aug2025 21:56:43.196] [Worker-Main-5/ERROR] [net.minecraftforge.common.ForgeHooks/]: Couldn't parse element loot_tables:parcool:grant_parcool_guide
com.google.gson.JsonSyntaxException: Expected name to be an item, was unknown string 'patchouli:guide_book'
	at net.minecraft.util.GsonHelper.m_13866_(GsonHelper.java:145) ~[server-1.20.1-20230612.114412-srg.jar%23205!/:?]
	at java.util.Optional.orElseThrow(Optional.java:403) ~[?:?]
	at net.minecraft.util.GsonHelper.m_13874_(GsonHelper.java:145) ~[server-1.20.1-20230612.114412-srg.jar%23205!/:?]
	at net.minecraft.util.GsonHelper.m_13909_(GsonHelper.java:153) ~[server-1.20.1-20230612.114412-srg.jar%23205!/:?]
	at net.minecraft.world.level.storage.loot.entries.LootItem$Serializer.m_7267_(LootItem.java:55) ~[server-1.20.1-20230612.114412-srg.jar%23205!/:?]
	at net.minecraft.world.level.storage.loot.entries.LootItem$Serializer.m_7267_(LootItem.java:40) ~[server-1.20.1-20230612.114412-srg.jar%23205!/:?]
	at net.minecraft.world.level.storage.loot.entries.LootPoolSingletonContainer$Serializer.m_5921_(LootPoolSingletonContainer.java:151) ~[server-1.20.1-20230612.114412-srg.jar%23205!/:?]
	at net.minecraft.world.level.storage.loot.entries.LootPoolSingletonContainer$Serializer.m_5921_(LootPoolSingletonContainer.java:129) ~[server-1.20.1-20230612.114412-srg.jar%23205!/:?]
	at net.minecraft.world.level.storage.loot.entries.LootPoolEntryContainer$Serializer.m_7561_(LootPoolEntryContainer.java:86) ~[server-1.20.1-20230612.114412-srg.jar%23205!/:?]
	at net.minecraft.world.level.storage.loot.entries.LootPoolEntryContainer$Serializer.m_7561_(LootPoolEntryContainer.java:74) ~[server-1.20.1-20230612.114412-srg.jar%23205!/:?]
	at net.minecraft.world.level.storage.loot.GsonAdapterFactory$JsonAdapter.deserialize(GsonAdapterFactory.java:102) ~[server-1.20.1-20230612.114412-srg.jar%23205!/:?]
	at com.google.gson.internal.bind.TreeTypeAdapter.read(TreeTypeAdapter.java:76) ~[gson-2.10.jar%2372!/:?]
	at com.google.gson.internal.bind.TypeAdapterRuntimeTypeWrapper.read(TypeAdapterRuntimeTypeWrapper.java:40) ~[gson-2.10.jar%2372!/:?]
	at com.google.gson.internal.bind.ArrayTypeAdapter.read(ArrayTypeAdapter.java:72) ~[gson-2.10.jar%2372!/:?]
	at com.google.gson.Gson.fromJson(Gson.java:1214) ~[gson-2.10.jar%2372!/:?]
	at com.google.gson.Gson.fromJson(Gson.java:1319) ~[gson-2.10.jar%2372!/:?]
	at com.google.gson.Gson.fromJson(Gson.java:1290) ~[gson-2.10.jar%2372!/:?]
	at com.google.gson.internal.bind.TreeTypeAdapter$GsonContextImpl.deserialize(TreeTypeAdapter.java:179) ~[gson-2.10.jar%2372!/:?]
	at net.minecraft.util.GsonHelper.m_13808_(GsonHelper.java:463) ~[server-1.20.1-20230612.114412-srg.jar%23205!/:?]
	at net.minecraft.util.GsonHelper.m_13836_(GsonHelper.java:471) ~[server-1.20.1-20230612.114412-srg.jar%23205!/:?]
	at net.minecraft.world.level.storage.loot.LootPool$Serializer.deserialize(LootPool.java:192) ~[server-1.20.1-20230612.114412-srg.jar%23205!/:?]
	at net.minecraft.world.level.storage.loot.LootPool$Serializer.deserialize(LootPool.java:189) ~[server-1.20.1-20230612.114412-srg.jar%23205!/:?]
	at com.google.gson.internal.bind.TreeTypeAdapter.read(TreeTypeAdapter.java:76) ~[gson-2.10.jar%2372!/:?]
	at com.google.gson.internal.bind.TypeAdapterRuntimeTypeWrapper.read(TypeAdapterRuntimeTypeWrapper.java:40) ~[gson-2.10.jar%2372!/:?]
	at com.google.gson.internal.bind.ArrayTypeAdapter.read(ArrayTypeAdapter.java:72) ~[gson-2.10.jar%2372!/:?]
	at com.google.gson.Gson.fromJson(Gson.java:1214) ~[gson-2.10.jar%2372!/:?]
	at com.google.gson.Gson.fromJson(Gson.java:1319) ~[gson-2.10.jar%2372!/:?]
	at com.google.gson.Gson.fromJson(Gson.java:1290) ~[gson-2.10.jar%2372!/:?]
	at com.google.gson.internal.bind.TreeTypeAdapter$GsonContextImpl.deserialize(TreeTypeAdapter.java:179) ~[gson-2.10.jar%2372!/:?]
	at net.minecraft.util.GsonHelper.m_13808_(GsonHelper.java:463) ~[server-1.20.1-20230612.114412-srg.jar%23205!/:?]
	at net.minecraft.util.GsonHelper.m_13845_(GsonHelper.java:481) ~[server-1.20.1-20230612.114412-srg.jar%23205!/:?]
	at net.minecraft.world.level.storage.loot.LootTable$Serializer.deserialize(LootTable.java:294) ~[server-1.20.1-20230612.114412-srg.jar%23205!/:?]
	at net.minecraft.world.level.storage.loot.LootTable$Serializer.deserialize(LootTable.java:291) ~[server-1.20.1-20230612.114412-srg.jar%23205!/:?]
	at com.google.gson.internal.bind.TreeTypeAdapter.read(TreeTypeAdapter.java:76) ~[gson-2.10.jar%2372!/:?]
	at com.google.gson.Gson.fromJson(Gson.java:1214) ~[gson-2.10.jar%2372!/:?]
	at com.google.gson.Gson.fromJson(Gson.java:1319) ~[gson-2.10.jar%2372!/:?]
	at com.google.gson.Gson.fromJson(Gson.java:1261) ~[gson-2.10.jar%2372!/:?]
	at net.minecraftforge.common.ForgeHooks.loadLootTable(ForgeHooks.java:871) ~[forge-1.20.1-47.3.7-universal.jar%23210!/:?]
	at net.minecraftforge.common.ForgeHooks.lambda$getLootTableDeserializer$3(ForgeHooks.java:848) ~[forge-1.20.1-47.3.7-universal.jar%23210!/:?]
	at net.minecraft.world.level.storage.loot.LootDataType.deserialize(LootDataType.java:45) ~[server-1.20.1-20230612.114412-srg.jar%23205!/:?]
	at net.minecraft.world.level.storage.loot.LootDataManager.lambda$scheduleElementParse$4(LootDataManager.java:56) ~[server-1.20.1-20230612.114412-srg.jar%23205!/:?]
	at java.util.HashMap.forEach(HashMap.java:1421) ~[?:?]
	at net.minecraft.world.level.storage.loot.LootDataManager.m_278660_(LootDataManager.java:55) ~[server-1.20.1-20230612.114412-srg.jar%23205!/:?]
	at java.util.concurrent.CompletableFuture$AsyncRun.run(CompletableFuture.java:1804) ~[?:?]
	at java.util.concurrent.CompletableFuture$AsyncRun.exec(CompletableFuture.java:1796) ~[?:?]
	at java.util.concurrent.ForkJoinTask.doExec(ForkJoinTask.java:373) ~[?:?]
	at java.util.concurrent.ForkJoinPool$WorkQueue.topLevelExec(ForkJoinPool.java:1182) ~[?:?]
	at java.util.concurrent.ForkJoinPool.scan(ForkJoinPool.java:1655) ~[?:?]
	at java.util.concurrent.ForkJoinPool.runWorker(ForkJoinPool.java:1622) ~[?:?]
	at java.util.concurrent.ForkJoinWorkerThread.run(ForkJoinWorkerThread.java:165) ~[?:?]
[12Aug2025 21:56:43.277] [main/INFO] [net.minecraft.world.item.crafting.RecipeManager/]: Skipping loading recipe vampirism:general/umbrella as it's serializer returned null
[12Aug2025 21:56:43.282] [main/INFO] [net.minecraft.world.item.crafting.RecipeManager/]: Skipping loading recipe dragonsurvival:charged_coal_2 as it's serializer returned null
[12Aug2025 21:56:43.291] [main/ERROR] [net.minecraft.world.item.crafting.RecipeManager/]: Parsing error loading recipe aerlunerpg:bait_22: com.google.gson.JsonSyntaxException: Unknown item 'aerlunerpg:deleted_mod_element'
[12Aug2025 21:56:43.304] [main/INFO] [net.minecraft.world.item.crafting.RecipeManager/]: Skipping loading recipe vampirism:vampire/blood_bottle as it's serializer returned null
[12Aug2025 21:56:43.305] [main/ERROR] [net.minecraft.world.item.crafting.RecipeManager/]: Parsing error loading recipe parcool:parcool_guide: com.google.gson.JsonSyntaxException: Unknown item 'patchouli:guide_book'
[12Aug2025 21:56:43.338] [main/INFO] [net.minecraft.world.item.crafting.RecipeManager/]: Loaded 12 recipes
[12Aug2025 21:56:43.344] [main/DEBUG] [mixin/]: Mixing DisplayInfoMixin from ftblibrary-common.mixins.json into net.minecraft.advancements.DisplayInfo
[12Aug2025 21:56:43.344] [main/DEBUG] [mixin/]: ftblibrary-common.mixins.json:DisplayInfoMixin: Class version 61 required is higher than the class version supported by the current version of Mixin (JAVA_8 supports class version 52)
[12Aug2025 21:56:43.448] [main/INFO] [net.minecraft.advancements.AdvancementList/]: Loaded 2794 advancements
[12Aug2025 21:56:43.464] [main/INFO] [top.theillusivec4.curios.Curios/]: Loaded 11 curio slots
[12Aug2025 21:56:43.466] [main/ERROR] [top.theillusivec4.curios.Curios/]: talisman is not a registered slot type!
[12Aug2025 21:56:43.466] [main/INFO] [top.theillusivec4.curios.Curios/]: Loaded 11 curio entities
[12Aug2025 21:56:43.523] [main/INFO] [de.teamlapen.vampirism.entity.player.skills.SkillTree/]: Loaded 82 skill nodes
[12Aug2025 21:56:43.526] [main/DEBUG] [de.teamlapen.vampirism.entity.converted.VampirismEntityRegistry/]: Registering convertible Donkey with blood 13 and handler de.teamlapen.vampirism.entity.converted.SpecialConvertingHandler
[12Aug2025 21:56:43.527] [main/DEBUG] [de.teamlapen.vampirism.entity.converted.VampirismEntityRegistry/]: Registering convertible Goat with blood 7 and handler de.teamlapen.vampirism.entity.converted.SpecialConvertingHandler
[12Aug2025 21:56:43.527] [main/DEBUG] [de.teamlapen.vampirism.entity.converted.VampirismEntityRegistry/]: Registering convertible Panda with blood 13 and handler de.teamlapen.vampirism.entity.converted.DefaultConvertingHandler
[12Aug2025 21:56:43.527] [main/DEBUG] [de.teamlapen.vampirism.entity.converted.VampirismEntityRegistry/]: Registering convertible Fox with blood 4 and handler de.teamlapen.vampirism.entity.converted.SpecialConvertingHandler
[12Aug2025 21:56:43.527] [main/DEBUG] [de.teamlapen.vampirism.entity.converted.VampirismEntityRegistry/]: Registering convertible Pig with blood 5 and handler de.teamlapen.vampirism.entity.converted.DefaultConvertingHandler
[12Aug2025 21:56:43.527] [main/DEBUG] [de.teamlapen.vampirism.entity.converted.VampirismEntityRegistry/]: Registering convertible Llama with blood 10 and handler de.teamlapen.vampirism.entity.converted.DefaultConvertingHandler
[12Aug2025 21:56:43.527] [main/DEBUG] [de.teamlapen.vampirism.entity.converted.VampirismEntityRegistry/]: Registering convertible Mule with blood 13 and handler de.teamlapen.vampirism.entity.converted.SpecialConvertingHandler
[12Aug2025 21:56:43.527] [main/DEBUG] [de.teamlapen.vampirism.entity.converted.VampirismEntityRegistry/]: Registering convertible entity.mca.female_villager with blood 15 and handler de.teamlapen.vampirism_integrations.mca.ConvertedVillagerEntityMCA$ConvertingHandler
[12Aug2025 21:56:43.527] [main/DEBUG] [de.teamlapen.vampirism.entity.converted.VampirismEntityRegistry/]: Registering convertible Polar Bear with blood 10 and handler de.teamlapen.vampirism.entity.converted.DefaultConvertingHandler
[12Aug2025 21:56:43.527] [main/DEBUG] [de.teamlapen.vampirism.entity.converted.VampirismEntityRegistry/]: Registering convertible Cow with blood 10 and handler de.teamlapen.vampirism.entity.converted.SpecialConvertingHandler
[12Aug2025 21:56:43.527] [main/DEBUG] [de.teamlapen.vampirism.entity.converted.VampirismEntityRegistry/]: Registering convertible entity.mca.male_villager with blood 15 and handler de.teamlapen.vampirism_integrations.mca.ConvertedVillagerEntityMCA$ConvertingHandler
[12Aug2025 21:56:43.527] [main/DEBUG] [de.teamlapen.vampirism.entity.converted.VampirismEntityRegistry/]: Registering convertible Horse with blood 13 and handler de.teamlapen.vampirism.entity.converted.SpecialConvertingHandler
[12Aug2025 21:56:43.527] [main/DEBUG] [de.teamlapen.vampirism.entity.converted.VampirismEntityRegistry/]: Registering convertible Sheep with blood 5 and handler de.teamlapen.vampirism.entity.converted.SpecialConvertingHandler
[12Aug2025 21:56:43.528] [main/DEBUG] [de.teamlapen.vampirism.entity.converted.VampirismEntityRegistry/]: Registering convertible Rabbit with blood 2 and handler de.teamlapen.vampirism.entity.converted.DefaultConvertingHandler
[12Aug2025 21:56:43.528] [main/DEBUG] [de.teamlapen.vampirism.entity.converted.VampirismEntityRegistry/]: Registering convertible Villager with blood 15 and handler de.teamlapen.vampirism.entity.converted.SpecialConvertingHandler
[12Aug2025 21:56:43.528] [main/DEBUG] [de.teamlapen.vampirism.entity.converted.VampirismEntityRegistry/]: Registering convertible Ocelot with blood 4 and handler de.teamlapen.vampirism.entity.converted.DefaultConvertingHandler
[12Aug2025 21:56:43.528] [main/INFO] [de.teamlapen.vampirism.entity.converted.VampirismEntityRegistry/]: Registered 16 convertibles
[12Aug2025 21:56:43.563] [main/WARN] [ModernFix/]: Initial datapack load took 3.410 s
[12Aug2025 21:56:43.778] [main/INFO] [citadel/]: merged 6 surface rules with vanilla rule SequenceRuleSource
[12Aug2025 21:56:43.778] [main/DEBUG] [citadel/]: surface rule recursive depth: 8
[12Aug2025 21:56:43.789] [main/INFO] [citadel/]: merged 6 surface rules with vanilla rule SequenceRuleSource
[12Aug2025 21:56:43.789] [main/DEBUG] [citadel/]: surface rule recursive depth: 9
[12Aug2025 21:56:43.798] [main/INFO] [citadel/]: merged 6 surface rules with vanilla rule SequenceRuleSource
[12Aug2025 21:56:43.799] [main/DEBUG] [citadel/]: surface rule recursive depth: 9
[12Aug2025 21:56:43.803] [main/INFO] [citadel/]: merged 6 surface rules with vanilla rule SequenceRuleSource
[12Aug2025 21:56:43.803] [main/DEBUG] [citadel/]: surface rule recursive depth: 8
[12Aug2025 21:56:43.816] [main/DEBUG] [net.minecraftforge.common.ForgeHooks/WP]: Gathering id map for writing to world save world
[12Aug2025 21:56:43.838] [main/DEBUG] [net.minecraftforge.common.ForgeHooks/WP]: ID Map collection complete world
[12Aug2025 21:56:43.949] [main/DEBUG] [mixin/]: Mixing feature.mcfunction_profiling.ServerFunctionManagerMixin from modernfix-common.mixins.json into net.minecraft.server.ServerFunctionManager
[12Aug2025 21:56:43.949] [main/DEBUG] [mixin/]: Renaming synthetic method lambda$mfix$getProfilingResults$2(Ljava/util/Map$Entry;)Ljava/time/Duration; to md8ce68a$lambda$mfix$getProfilingResults$2$0 in modernfix-common.mixins.json:feature.mcfunction_profiling.ServerFunctionManagerMixin
[12Aug2025 21:56:43.949] [main/DEBUG] [mixin/]: Renaming synthetic method lambda$pruneUnusedWatches$1(Lcom/google/common/base/Stopwatch;)Z to md8ce68a$lambda$pruneUnusedWatches$1$1 in modernfix-common.mixins.json:feature.mcfunction_profiling.ServerFunctionManagerMixin
[12Aug2025 21:56:43.949] [main/DEBUG] [mixin/]: Renaming synthetic method lambda$startWatch$0(Lnet/minecraft/resources/ResourceLocation;)Lcom/google/common/base/Stopwatch; to md8ce68a$lambda$startWatch$0$2 in modernfix-common.mixins.json:feature.mcfunction_profiling.ServerFunctionManagerMixin
[12Aug2025 21:56:43.959] [Server thread/INFO] [net.minecraft.server.dedicated.DedicatedServer/]: Starting minecraft server version 1.20.1
[12Aug2025 21:56:43.960] [Server thread/INFO] [net.minecraft.server.dedicated.DedicatedServer/]: Loading properties
[12Aug2025 21:56:43.960] [Server thread/INFO] [net.minecraft.server.dedicated.DedicatedServer/]: Default game type: SURVIVAL
[12Aug2025 21:56:43.960] [Server thread/INFO] [net.minecraft.server.MinecraftServer/]: Generating keypair
[12Aug2025 21:56:44.015] [Server thread/INFO] [net.minecraft.server.dedicated.DedicatedServer/]: Starting Minecraft server on *:25565
[12Aug2025 21:56:44.015] [Server thread/DEBUG] [net.minecraftforge.network.DualStackUtils/]: Detected IPv6 address: "0:0:0:0:0:0:0:0"
[12Aug2025 21:56:44.023] [Server thread/DEBUG] [io.netty.util.internal.NativeLibraryLoader/]: -Dio.netty.native.workdir: /tmp (io.netty.tmpdir)
[12Aug2025 21:56:44.023] [Server thread/DEBUG] [io.netty.util.internal.NativeLibraryLoader/]: -Dio.netty.native.deleteLibAfterLoading: true
[12Aug2025 21:56:44.023] [Server thread/DEBUG] [io.netty.util.internal.NativeLibraryLoader/]: -Dio.netty.native.tryPatchShadedId: true
[12Aug2025 21:56:44.023] [Server thread/DEBUG] [io.netty.util.internal.NativeLibraryLoader/]: -Dio.netty.native.detectNativeLibraryDuplicates: true
[12Aug2025 21:56:44.032] [Server thread/DEBUG] [io.netty.util.internal.NativeLibraryLoader/]: Successfully loaded the library /tmp/libnetty_transport_native_epoll_x86_648858949479308269546.so
[12Aug2025 21:56:44.035] [Server thread/DEBUG] [io.netty.util.NetUtil/]: -Djava.net.preferIPv4Stack: false
[12Aug2025 21:56:44.035] [Server thread/DEBUG] [io.netty.util.NetUtil/]: -Djava.net.preferIPv6Addresses: true
[12Aug2025 21:56:44.036] [Server thread/DEBUG] [io.netty.util.NetUtilInitializations/]: Loopback interface: lo (lo, 0:0:0:0:0:0:0:1%lo)
[12Aug2025 21:56:44.038] [Server thread/DEBUG] [io.netty.util.NetUtil/]: /proc/sys/net/core/somaxconn: 4096
[12Aug2025 21:56:44.042] [Server thread/INFO] [net.minecraft.server.network.ServerConnectionListener/]: Using epoll channel type
[12Aug2025 21:56:44.052] [Server thread/DEBUG] [mixin/]: Mixing perf.smart_ingredient_sync.ConnectionMixin from modernfix-forge.mixins.json into net.minecraft.network.Connection
[12Aug2025 21:56:44.059] [Server thread/DEBUG] [io.netty.channel.MultithreadEventLoopGroup/]: -Dio.netty.eventLoopThreads: 8
[12Aug2025 21:56:44.075] [Server thread/DEBUG] [io.netty.util.internal.PlatformDependent/]: org.jctools-core.MpscChunkedArrayQueue: available
[12Aug2025 21:56:44.082] [Server thread/DEBUG] [io.netty.channel.DefaultChannelId/]: -Dio.netty.processId: 4520 (auto-detected)
[12Aug2025 21:56:44.083] [Server thread/DEBUG] [io.netty.channel.DefaultChannelId/]: -Dio.netty.machineId: 7c:1e:52:ff:fe:90:47:ee (auto-detected)
[12Aug2025 21:56:44.105] [Server thread/DEBUG] [io.netty.buffer.PooledByteBufAllocator/]: -Dio.netty.allocator.numHeapArenas: 8
[12Aug2025 21:56:44.105] [Server thread/DEBUG] [io.netty.buffer.PooledByteBufAllocator/]: -Dio.netty.allocator.numDirectArenas: 8
[12Aug2025 21:56:44.105] [Server thread/DEBUG] [io.netty.buffer.PooledByteBufAllocator/]: -Dio.netty.allocator.pageSize: 8192
[12Aug2025 21:56:44.106] [Server thread/DEBUG] [io.netty.buffer.PooledByteBufAllocator/]: -Dio.netty.allocator.maxOrder: 9
[12Aug2025 21:56:44.106] [Server thread/DEBUG] [io.netty.buffer.PooledByteBufAllocator/]: -Dio.netty.allocator.chunkSize: 4194304
[12Aug2025 21:56:44.106] [Server thread/DEBUG] [io.netty.buffer.PooledByteBufAllocator/]: -Dio.netty.allocator.smallCacheSize: 256
[12Aug2025 21:56:44.106] [Server thread/DEBUG] [io.netty.buffer.PooledByteBufAllocator/]: -Dio.netty.allocator.normalCacheSize: 64
[12Aug2025 21:56:44.106] [Server thread/DEBUG] [io.netty.buffer.PooledByteBufAllocator/]: -Dio.netty.allocator.maxCachedBufferCapacity: 32768
[12Aug2025 21:56:44.106] [Server thread/DEBUG] [io.netty.buffer.PooledByteBufAllocator/]: -Dio.netty.allocator.cacheTrimInterval: 8192
[12Aug2025 21:56:44.106] [Server thread/DEBUG] [io.netty.buffer.PooledByteBufAllocator/]: -Dio.netty.allocator.cacheTrimIntervalMillis: 0
[12Aug2025 21:56:44.106] [Server thread/DEBUG] [io.netty.buffer.PooledByteBufAllocator/]: -Dio.netty.allocator.useCacheForAllThreads: false
[12Aug2025 21:56:44.106] [Server thread/DEBUG] [io.netty.buffer.PooledByteBufAllocator/]: -Dio.netty.allocator.maxCachedByteBuffersPerChunk: 1023
[12Aug2025 21:56:44.112] [Server thread/DEBUG] [io.netty.buffer.ByteBufUtil/]: -Dio.netty.allocator.type: pooled
[12Aug2025 21:56:44.112] [Server thread/DEBUG] [io.netty.buffer.ByteBufUtil/]: -Dio.netty.threadLocalDirectBufferSize: 0
[12Aug2025 21:56:44.112] [Server thread/DEBUG] [io.netty.buffer.ByteBufUtil/]: -Dio.netty.maxThreadLocalCharBufferSize: 16384
[12Aug2025 21:56:44.121] [Server thread/WARN] [net.minecraft.server.dedicated.DedicatedServer/]: **** SERVER IS RUNNING IN OFFLINE/INSECURE MODE!
[12Aug2025 21:56:44.121] [Server thread/WARN] [net.minecraft.server.dedicated.DedicatedServer/]: The server will make no attempt to authenticate usernames. Beware.
[12Aug2025 21:56:44.121] [Server thread/WARN] [net.minecraft.server.dedicated.DedicatedServer/]: While this makes the game possible to play without internet access, it also opens up the ability for hackers to connect with any username they choose.
[12Aug2025 21:56:44.121] [Server thread/WARN] [net.minecraft.server.dedicated.DedicatedServer/]: To change this, set "online-mode" to "true" in the server.properties file.
[12Aug2025 21:56:44.135] [Server thread/WARN] [net.minecraft.server.dedicated.DedicatedPlayerList/]: Failed to load white-list: 
com.google.gson.JsonSyntaxException: com.google.gson.stream.MalformedJsonException: Use JsonReader.setLenient(true) to accept malformed JSON at line 1 column 4 path $
	at com.google.gson.Gson.assertFullConsumption(Gson.java:1135) ~[gson-2.10.jar%2372!/:?]
	at com.google.gson.Gson.fromJson(Gson.java:1125) ~[gson-2.10.jar%2372!/:?]
	at com.google.gson.Gson.fromJson(Gson.java:1062) ~[gson-2.10.jar%2372!/:?]
	at net.minecraft.server.players.StoredUserList.m_11399_(StoredUserList.java:118) ~[server-1.20.1-20230612.114412-srg.jar%23205!/:?]
	at net.minecraft.server.dedicated.DedicatedPlayerList.m_139578_(DedicatedPlayerList.java:109) ~[server-1.20.1-20230612.114412-srg.jar%23205!/:?]
	at net.minecraft.server.dedicated.DedicatedPlayerList.<init>(DedicatedPlayerList.java:29) ~[server-1.20.1-20230612.114412-srg.jar%23205!/:?]
	at net.minecraft.server.dedicated.DedicatedServer.m_7038_(DedicatedServer.java:158) ~[server-1.20.1-20230612.114412-srg.jar%23205!/:?]
	at net.minecraft.server.MinecraftServer.m_130011_(MinecraftServer.java:634) ~[server-1.20.1-20230612.114412-srg.jar%23205!/:?]
	at net.minecraft.server.MinecraftServer.m_206580_(MinecraftServer.java:251) ~[server-1.20.1-20230612.114412-srg.jar%23205!/:?]
	at java.lang.Thread.run(Thread.java:840) ~[?:?]
Caused by: com.google.gson.stream.MalformedJsonException: Use JsonReader.setLenient(true) to accept malformed JSON at line 1 column 4 path $
	at com.google.gson.stream.JsonReader.syntaxError(JsonReader.java:1657) ~[gson-2.10.jar%2372!/:?]
	at com.google.gson.stream.JsonReader.checkLenient(JsonReader.java:1463) ~[gson-2.10.jar%2372!/:?]
	at com.google.gson.stream.JsonReader.doPeek(JsonReader.java:551) ~[gson-2.10.jar%2372!/:?]
	at com.google.gson.stream.JsonReader.peek(JsonReader.java:433) ~[gson-2.10.jar%2372!/:?]
	at com.google.gson.Gson.assertFullConsumption(Gson.java:1131) ~[gson-2.10.jar%2372!/:?]
	... 9 more
[12Aug2025 21:56:44.137] [Server thread/DEBUG] [net.minecraftforge.fml.config.ConfigTracker/CONFIG]: Loading configs type SERVER
[12Aug2025 21:56:44.137] [Server thread/DEBUG] [net.minecraftforge.fml.config.ConfigFileTypeHandler/CONFIG]: Built TOML config for ./world/serverconfig/jei-server.toml
[12Aug2025 21:56:44.137] [Server thread/DEBUG] [net.minecraftforge.fml.config.ConfigFileTypeHandler/CONFIG]: Loaded TOML config file ./world/serverconfig/jei-server.toml
[12Aug2025 21:56:44.138] [Server thread/DEBUG] [net.minecraftforge.fml.config.ConfigFileTypeHandler/CONFIG]: Watching TOML config file ./world/serverconfig/jei-server.toml for changes
[12Aug2025 21:56:44.138] [Server thread/DEBUG] [net.minecraftforge.fml.config.ConfigFileTypeHandler/CONFIG]: Built TOML config for ./world/serverconfig/journeymap-server.toml
[12Aug2025 21:56:44.138] [Server thread/DEBUG] [net.minecraftforge.fml.config.ConfigFileTypeHandler/CONFIG]: Loaded TOML config file ./world/serverconfig/journeymap-server.toml
[12Aug2025 21:56:44.138] [Server thread/DEBUG] [net.minecraftforge.fml.config.ConfigFileTypeHandler/CONFIG]: Watching TOML config file ./world/serverconfig/journeymap-server.toml for changes
[12Aug2025 21:56:44.139] [Server thread/INFO] [journeymap/]: Loading JourneyMap Forge Configs
[12Aug2025 21:56:44.139] [Server thread/DEBUG] [net.minecraftforge.fml.config.ConfigFileTypeHandler/CONFIG]: Built TOML config for ./world/serverconfig/travelersbackpack-server.toml
[12Aug2025 21:56:44.140] [Server thread/DEBUG] [net.minecraftforge.fml.config.ConfigFileTypeHandler/CONFIG]: Loaded TOML config file ./world/serverconfig/travelersbackpack-server.toml
[12Aug2025 21:56:44.140] [Server thread/DEBUG] [net.minecraftforge.fml.config.ConfigFileTypeHandler/CONFIG]: Watching TOML config file ./world/serverconfig/travelersbackpack-server.toml for changes
[12Aug2025 21:56:44.146] [Server thread/DEBUG] [net.minecraftforge.fml.config.ConfigFileTypeHandler/CONFIG]: Built TOML config for ./world/serverconfig/forge-server.toml
[12Aug2025 21:56:44.146] [Server thread/DEBUG] [net.minecraftforge.fml.config.ConfigFileTypeHandler/CONFIG]: Loaded TOML config file ./world/serverconfig/forge-server.toml
[12Aug2025 21:56:44.147] [Server thread/DEBUG] [net.minecraftforge.fml.config.ConfigFileTypeHandler/CONFIG]: Watching TOML config file ./world/serverconfig/forge-server.toml for changes
[12Aug2025 21:56:44.147] [Server thread/DEBUG] [net.minecraftforge.common.ForgeConfig/FORGEMOD]: Loaded forge config file forge-server.toml
[12Aug2025 21:56:44.147] [Server thread/DEBUG] [net.minecraftforge.fml.config.ConfigFileTypeHandler/CONFIG]: Built TOML config for ./world/serverconfig/enchantmentmachine-server.toml
[12Aug2025 21:56:44.147] [Server thread/DEBUG] [net.minecraftforge.fml.config.ConfigFileTypeHandler/CONFIG]: Loaded TOML config file ./world/serverconfig/enchantmentmachine-server.toml
[12Aug2025 21:56:44.148] [Server thread/DEBUG] [net.minecraftforge.fml.config.ConfigFileTypeHandler/CONFIG]: Watching TOML config file ./world/serverconfig/enchantmentmachine-server.toml for changes
[12Aug2025 21:56:44.148] [Server thread/DEBUG] [net.minecraftforge.fml.config.ConfigFileTypeHandler/CONFIG]: Built TOML config for ./world/serverconfig/curios-server.toml
[12Aug2025 21:56:44.149] [Server thread/DEBUG] [net.minecraftforge.fml.config.ConfigFileTypeHandler/CONFIG]: Loaded TOML config file ./world/serverconfig/curios-server.toml
[12Aug2025 21:56:44.149] [Server thread/DEBUG] [net.minecraftforge.fml.config.ConfigFileTypeHandler/CONFIG]: Watching TOML config file ./world/serverconfig/curios-server.toml for changes
[12Aug2025 21:56:44.149] [Server thread/DEBUG] [net.minecraftforge.fml.config.ConfigFileTypeHandler/CONFIG]: Built TOML config for ./world/serverconfig/gravestone-server.toml
[12Aug2025 21:56:44.149] [Server thread/DEBUG] [net.minecraftforge.fml.config.ConfigFileTypeHandler/CONFIG]: Loaded TOML config file ./world/serverconfig/gravestone-server.toml
[12Aug2025 21:56:44.149] [Server thread/DEBUG] [net.minecraftforge.fml.config.ConfigFileTypeHandler/CONFIG]: Watching TOML config file ./world/serverconfig/gravestone-server.toml for changes
[12Aug2025 21:56:44.151] [Server thread/DEBUG] [net.minecraftforge.fml.config.ConfigFileTypeHandler/CONFIG]: Built TOML config for ./world/serverconfig/parcool-server.toml
[12Aug2025 21:56:44.152] [Server thread/DEBUG] [net.minecraftforge.fml.config.ConfigFileTypeHandler/CONFIG]: Loaded TOML config file ./world/serverconfig/parcool-server.toml
[12Aug2025 21:56:44.152] [Server thread/DEBUG] [net.minecraftforge.fml.config.ConfigFileTypeHandler/CONFIG]: Watching TOML config file ./world/serverconfig/parcool-server.toml for changes
[12Aug2025 21:56:44.152] [Server thread/DEBUG] [net.minecraftforge.fml.config.ConfigFileTypeHandler/CONFIG]: Built TOML config for ./world/serverconfig/werewolves-server.toml
[12Aug2025 21:56:44.153] [Server thread/DEBUG] [net.minecraftforge.fml.config.ConfigFileTypeHandler/CONFIG]: Loaded TOML config file ./world/serverconfig/werewolves-server.toml
[12Aug2025 21:56:44.153] [Server thread/DEBUG] [net.minecraftforge.fml.config.ConfigFileTypeHandler/CONFIG]: Watching TOML config file ./world/serverconfig/werewolves-server.toml for changes
[12Aug2025 21:56:44.154] [Server thread/DEBUG] [net.minecraftforge.fml.config.ConfigFileTypeHandler/CONFIG]: Built TOML config for ./world/serverconfig/werewolves-balance.toml
[12Aug2025 21:56:44.154] [Server thread/DEBUG] [net.minecraftforge.fml.config.ConfigFileTypeHandler/CONFIG]: Loaded TOML config file ./world/serverconfig/werewolves-balance.toml
[12Aug2025 21:56:44.154] [Server thread/DEBUG] [net.minecraftforge.fml.config.ConfigFileTypeHandler/CONFIG]: Watching TOML config file ./world/serverconfig/werewolves-balance.toml for changes
[12Aug2025 21:56:44.155] [Server thread/DEBUG] [net.minecraftforge.fml.config.ConfigFileTypeHandler/CONFIG]: Built TOML config for ./world/serverconfig/dragonsurvival-server.toml
[12Aug2025 21:56:44.158] [Server thread/DEBUG] [net.minecraftforge.fml.config.ConfigFileTypeHandler/CONFIG]: Loaded TOML config file ./world/serverconfig/dragonsurvival-server.toml
[12Aug2025 21:56:44.158] [Server thread/DEBUG] [net.minecraftforge.fml.config.ConfigFileTypeHandler/CONFIG]: Watching TOML config file ./world/serverconfig/dragonsurvival-server.toml for changes
[12Aug2025 21:56:44.165] [Server thread/DEBUG] [Dragon Survival/]: Rebuilding food map...
[12Aug2025 21:56:44.170] [Server thread/INFO] [Dragon Survival/]: Rebuilding configuration...
[12Aug2025 21:56:44.185] [Server thread/DEBUG] [net.minecraftforge.fml.config.ConfigFileTypeHandler/CONFIG]: Built TOML config for ./world/serverconfig/vampirism-server.toml
[12Aug2025 21:56:44.185] [Server thread/DEBUG] [net.minecraftforge.fml.config.ConfigFileTypeHandler/CONFIG]: Loaded TOML config file ./world/serverconfig/vampirism-server.toml
[12Aug2025 21:56:44.185] [Server thread/DEBUG] [net.minecraftforge.fml.config.ConfigFileTypeHandler/CONFIG]: Watching TOML config file ./world/serverconfig/vampirism-server.toml for changes
[12Aug2025 21:56:44.187] [Server thread/DEBUG] [net.minecraftforge.fml.config.ConfigFileTypeHandler/CONFIG]: Built TOML config for ./world/serverconfig/vampirism-balance.toml
[12Aug2025 21:56:44.189] [Server thread/DEBUG] [net.minecraftforge.fml.config.ConfigFileTypeHandler/CONFIG]: Loaded TOML config file ./world/serverconfig/vampirism-balance.toml
[12Aug2025 21:56:44.189] [Server thread/DEBUG] [net.minecraftforge.fml.config.ConfigFileTypeHandler/CONFIG]: Watching TOML config file ./world/serverconfig/vampirism-balance.toml for changes
[12Aug2025 21:56:44.208] [Server thread/DEBUG] [com.github.alexthe666.iceandfire.IceAndFire/]: Added the following features to the biome [minecraft:badlands]: 
	- iceandfire:silver_ore
	- iceandfire:lightning_dragon_roost
	- iceandfire:lightning_dragon_cave
[12Aug2025 21:56:44.210] [Server thread/DEBUG] [com.github.alexthe666.iceandfire.IceAndFire/]: Added the following features to the biome [minecraft:bamboo_jungle]: 
	- iceandfire:fire_lily
	- iceandfire:silver_ore
	- iceandfire:lightning_dragon_roost
	- iceandfire:lightning_dragon_cave
	- iceandfire:myrmex_hive_jungle
[12Aug2025 21:56:44.213] [Server thread/DEBUG] [com.github.alexthe666.iceandfire.IceAndFire/]: Added the following features to the biome [minecraft:beach]: 
	- iceandfire:silver_ore
	- iceandfire:cyclops_cave
[12Aug2025 21:56:44.215] [Server thread/DEBUG] [com.github.alexthe666.iceandfire.IceAndFire/]: Added the following features to the biome [minecraft:birch_forest]: 
	- iceandfire:silver_ore
[12Aug2025 21:56:44.218] [Server thread/DEBUG] [com.github.alexthe666.iceandfire.IceAndFire/]: Added the following features to the biome [minecraft:cherry_grove]: 
	- iceandfire:silver_ore
[12Aug2025 21:56:44.220] [Server thread/DEBUG] [com.github.alexthe666.iceandfire.IceAndFire/]: Added the following features to the biome [minecraft:cold_ocean]: 
	- iceandfire:silver_ore
	- iceandfire:ice_dragon_roost
	- iceandfire:ice_dragon_cave
	- iceandfire:siren_island
	- iceandfire:spawn_hippocampus
	- iceandfire:spawn_sea_serpent
[12Aug2025 21:56:44.223] [Server thread/DEBUG] [com.github.alexthe666.iceandfire.IceAndFire/]: Added the following features to the biome [minecraft:dark_forest]: 
	- iceandfire:silver_ore
	- iceandfire:pixie_village
[12Aug2025 21:56:44.225] [Server thread/DEBUG] [com.github.alexthe666.iceandfire.IceAndFire/]: Added the following features to the biome [minecraft:deep_cold_ocean]: 
	- iceandfire:silver_ore
	- iceandfire:ice_dragon_roost
	- iceandfire:ice_dragon_cave
	- iceandfire:siren_island
	- iceandfire:spawn_hippocampus
	- iceandfire:spawn_sea_serpent
[12Aug2025 21:56:44.226] [Server thread/DEBUG] [com.github.alexthe666.iceandfire.IceAndFire/]: Added the following features to the biome [minecraft:deep_dark]: 
	- iceandfire:silver_ore
[12Aug2025 21:56:44.228] [Server thread/DEBUG] [com.github.alexthe666.iceandfire.IceAndFire/]: Added the following features to the biome [minecraft:deep_frozen_ocean]: 
	- iceandfire:silver_ore
	- iceandfire:ice_dragon_roost
	- iceandfire:ice_dragon_cave
	- iceandfire:siren_island
	- iceandfire:spawn_hippocampus
	- iceandfire:spawn_sea_serpent
[12Aug2025 21:56:44.230] [Server thread/DEBUG] [com.github.alexthe666.iceandfire.IceAndFire/]: Added the following features to the biome [minecraft:deep_lukewarm_ocean]: 
	- iceandfire:silver_ore
	- iceandfire:siren_island
	- iceandfire:spawn_hippocampus
	- iceandfire:spawn_sea_serpent
[12Aug2025 21:56:44.232] [Server thread/DEBUG] [com.github.alexthe666.iceandfire.IceAndFire/]: Added the following features to the biome [minecraft:deep_ocean]: 
	- iceandfire:silver_ore
	- iceandfire:siren_island
	- iceandfire:spawn_hippocampus
	- iceandfire:spawn_sea_serpent
[12Aug2025 21:56:44.234] [Server thread/DEBUG] [com.github.alexthe666.iceandfire.IceAndFire/]: Added the following features to the biome [minecraft:desert]: 
	- iceandfire:fire_lily
	- iceandfire:silver_ore
	- iceandfire:fire_dragon_roost
	- iceandfire:fire_dragon_cave
	- iceandfire:myrmex_hive_desert
	- iceandfire:spawn_death_worm
	- iceandfire:spawn_dragon_skeleton_fire
[12Aug2025 21:56:44.237] [Server thread/DEBUG] [com.github.alexthe666.iceandfire.IceAndFire/]: Added the following features to the biome [minecraft:dripstone_caves]: 
	- iceandfire:silver_ore
[12Aug2025 21:56:44.244] [Server thread/DEBUG] [com.github.alexthe666.iceandfire.IceAndFire/]: Added the following features to the biome [minecraft:eroded_badlands]: 
	- iceandfire:fire_lily
	- iceandfire:silver_ore
	- iceandfire:lightning_dragon_roost
	- iceandfire:lightning_dragon_cave
[12Aug2025 21:56:44.247] [Server thread/DEBUG] [com.github.alexthe666.iceandfire.IceAndFire/]: Added the following features to the biome [minecraft:flower_forest]: 
	- iceandfire:silver_ore
[12Aug2025 21:56:44.250] [Server thread/DEBUG] [com.github.alexthe666.iceandfire.IceAndFire/]: Added the following features to the biome [minecraft:forest]: 
	- iceandfire:silver_ore
[12Aug2025 21:56:44.257] [Server thread/DEBUG] [com.github.alexthe666.iceandfire.IceAndFire/]: Added the following features to the biome [minecraft:frozen_ocean]: 
	- iceandfire:frost_lily
	- iceandfire:silver_ore
	- iceandfire:sapphire_ore
	- iceandfire:ice_dragon_roost
	- iceandfire:ice_dragon_cave
	- iceandfire:siren_island
	- iceandfire:spawn_dragon_skeleton_ice
	- iceandfire:spawn_hippocampus
	- iceandfire:spawn_sea_serpent
[12Aug2025 21:56:44.260] [Server thread/DEBUG] [com.github.alexthe666.iceandfire.IceAndFire/]: Added the following features to the biome [minecraft:frozen_peaks]: 
	- iceandfire:frost_lily
	- iceandfire:silver_ore
	- iceandfire:sapphire_ore
	- iceandfire:ice_dragon_roost
	- iceandfire:ice_dragon_cave
	- iceandfire:spawn_dragon_skeleton_ice
[12Aug2025 21:56:44.264] [Server thread/DEBUG] [com.github.alexthe666.iceandfire.IceAndFire/]: Added the following features to the biome [minecraft:frozen_river]: 
	- iceandfire:frost_lily
	- iceandfire:silver_ore
	- iceandfire:sapphire_ore
	- iceandfire:ice_dragon_roost
	- iceandfire:ice_dragon_cave
	- iceandfire:spawn_dragon_skeleton_ice
[12Aug2025 21:56:44.268] [Server thread/DEBUG] [com.github.alexthe666.iceandfire.IceAndFire/]: Added the following features to the biome [minecraft:grove]: 
	- iceandfire:frost_lily
	- iceandfire:silver_ore
	- iceandfire:sapphire_ore
	- iceandfire:ice_dragon_roost
	- iceandfire:ice_dragon_cave
	- iceandfire:spawn_dragon_skeleton_ice
[12Aug2025 21:56:44.271] [Server thread/DEBUG] [com.github.alexthe666.iceandfire.IceAndFire/]: Added the following features to the biome [minecraft:ice_spikes]: 
	- iceandfire:frost_lily
	- iceandfire:silver_ore
	- iceandfire:sapphire_ore
	- iceandfire:ice_dragon_roost
	- iceandfire:ice_dragon_cave
	- iceandfire:spawn_dragon_skeleton_ice
[12Aug2025 21:56:44.275] [Server thread/DEBUG] [com.github.alexthe666.iceandfire.IceAndFire/]: Added the following features to the biome [minecraft:jagged_peaks]: 
	- iceandfire:frost_lily
	- iceandfire:silver_ore
	- iceandfire:sapphire_ore
	- iceandfire:ice_dragon_roost
	- iceandfire:ice_dragon_cave
	- iceandfire:spawn_dragon_skeleton_ice
[12Aug2025 21:56:44.279] [Server thread/DEBUG] [com.github.alexthe666.iceandfire.IceAndFire/]: Added the following features to the biome [minecraft:jungle]: 
	- iceandfire:fire_lily
	- iceandfire:silver_ore
	- iceandfire:lightning_dragon_roost
	- iceandfire:lightning_dragon_cave
	- iceandfire:myrmex_hive_jungle
[12Aug2025 21:56:44.280] [Server thread/DEBUG] [com.github.alexthe666.iceandfire.IceAndFire/]: Added the following features to the biome [minecraft:lukewarm_ocean]: 
	- iceandfire:silver_ore
	- iceandfire:siren_island
	- iceandfire:spawn_hippocampus
	- iceandfire:spawn_sea_serpent
[12Aug2025 21:56:44.282] [Server thread/DEBUG] [com.github.alexthe666.iceandfire.IceAndFire/]: Added the following features to the biome [minecraft:lush_caves]: 
	- iceandfire:silver_ore
[12Aug2025 21:56:44.286] [Server thread/DEBUG] [com.github.alexthe666.iceandfire.IceAndFire/]: Added the following features to the biome [minecraft:mangrove_swamp]: 
	- iceandfire:fire_lily
	- iceandfire:silver_ore
	- iceandfire:fire_dragon_roost
	- iceandfire:fire_dragon_cave
	- iceandfire:hydra_cave
	- iceandfire:spawn_stymphalian_bird
[12Aug2025 21:56:44.288] [Server thread/DEBUG] [com.github.alexthe666.iceandfire.IceAndFire/]: Added the following features to the biome [minecraft:meadow]: 
	- iceandfire:silver_ore
	- iceandfire:fire_dragon_roost
	- iceandfire:fire_dragon_cave
	- iceandfire:spawn_wandering_cyclops
[12Aug2025 21:56:44.290] [Server thread/DEBUG] [com.github.alexthe666.iceandfire.IceAndFire/]: Added the following features to the biome [minecraft:mushroom_fields]: 
	- iceandfire:silver_ore
[12Aug2025 21:56:44.293] [Server thread/DEBUG] [com.github.alexthe666.iceandfire.IceAndFire/]: Added the following features to the biome [minecraft:ocean]: 
	- iceandfire:silver_ore
	- iceandfire:siren_island
	- iceandfire:spawn_hippocampus
	- iceandfire:spawn_sea_serpent
[12Aug2025 21:56:44.295] [Server thread/DEBUG] [com.github.alexthe666.iceandfire.IceAndFire/]: Added the following features to the biome [minecraft:old_growth_birch_forest]: 
	- iceandfire:silver_ore
	- iceandfire:pixie_village
[12Aug2025 21:56:44.297] [Server thread/DEBUG] [com.github.alexthe666.iceandfire.IceAndFire/]: Added the following features to the biome [minecraft:old_growth_pine_taiga]: 
	- iceandfire:silver_ore
	- iceandfire:ice_dragon_roost
	- iceandfire:ice_dragon_cave
[12Aug2025 21:56:44.300] [Server thread/DEBUG] [com.github.alexthe666.iceandfire.IceAndFire/]: Added the following features to the biome [minecraft:old_growth_spruce_taiga]: 
	- iceandfire:silver_ore
[12Aug2025 21:56:44.302] [Server thread/DEBUG] [com.github.alexthe666.iceandfire.IceAndFire/]: Added the following features to the biome [minecraft:plains]: 
	- iceandfire:silver_ore
	- iceandfire:fire_dragon_roost
	- iceandfire:fire_dragon_cave
	- iceandfire:spawn_wandering_cyclops
[12Aug2025 21:56:44.304] [Server thread/DEBUG] [com.github.alexthe666.iceandfire.IceAndFire/]: Added the following features to the biome [minecraft:river]: 
	- iceandfire:silver_ore
[12Aug2025 21:56:44.306] [Server thread/DEBUG] [com.github.alexthe666.iceandfire.IceAndFire/]: Added the following features to the biome [minecraft:savanna]: 
	- iceandfire:fire_lily
	- iceandfire:lightning_lily
	- iceandfire:silver_ore
	- iceandfire:lightning_dragon_roost
	- iceandfire:lightning_dragon_cave
	- iceandfire:spawn_dragon_skeleton_lightning
[12Aug2025 21:56:44.308] [Server thread/DEBUG] [com.github.alexthe666.iceandfire.IceAndFire/]: Added the following features to the biome [minecraft:savanna_plateau]: 
	- iceandfire:fire_lily
	- iceandfire:lightning_lily
	- iceandfire:silver_ore
	- iceandfire:lightning_dragon_roost
	- iceandfire:lightning_dragon_cave
	- iceandfire:spawn_dragon_skeleton_lightning
[12Aug2025 21:56:44.311] [Server thread/DEBUG] [com.github.alexthe666.iceandfire.IceAndFire/]: Added the following features to the biome [minecraft:snowy_beach]: 
	- iceandfire:frost_lily
	- iceandfire:silver_ore
	- iceandfire:sapphire_ore
	- iceandfire:ice_dragon_roost
	- iceandfire:ice_dragon_cave
	- iceandfire:cyclops_cave
	- iceandfire:spawn_dragon_skeleton_ice
[12Aug2025 21:56:44.313] [Server thread/DEBUG] [com.github.alexthe666.iceandfire.IceAndFire/]: Added the following features to the biome [minecraft:snowy_plains]: 
	- iceandfire:frost_lily
	- iceandfire:silver_ore
	- iceandfire:sapphire_ore
	- iceandfire:ice_dragon_roost
	- iceandfire:ice_dragon_cave
	- iceandfire:spawn_wandering_cyclops
	- iceandfire:spawn_dragon_skeleton_ice
[12Aug2025 21:56:44.315] [Server thread/DEBUG] [com.github.alexthe666.iceandfire.IceAndFire/]: Added the following features to the biome [minecraft:snowy_slopes]: 
	- iceandfire:frost_lily
	- iceandfire:silver_ore
	- iceandfire:sapphire_ore
	- iceandfire:ice_dragon_roost
	- iceandfire:ice_dragon_cave
	- iceandfire:spawn_dragon_skeleton_ice
[12Aug2025 21:56:44.317] [Server thread/DEBUG] [com.github.alexthe666.iceandfire.IceAndFire/]: Added the following features to the biome [minecraft:snowy_taiga]: 
	- iceandfire:frost_lily
	- iceandfire:silver_ore
	- iceandfire:sapphire_ore
	- iceandfire:ice_dragon_roost
	- iceandfire:ice_dragon_cave
	- iceandfire:spawn_dragon_skeleton_ice
[12Aug2025 21:56:44.320] [Server thread/DEBUG] [com.github.alexthe666.iceandfire.IceAndFire/]: Added the following features to the biome [minecraft:sparse_jungle]: 
	- iceandfire:fire_lily
	- iceandfire:silver_ore
	- iceandfire:lightning_dragon_roost
	- iceandfire:lightning_dragon_cave
	- iceandfire:myrmex_hive_jungle
[12Aug2025 21:56:44.322] [Server thread/DEBUG] [com.github.alexthe666.iceandfire.IceAndFire/]: Added the following features to the biome [minecraft:stony_peaks]: 
	- iceandfire:fire_lily
	- iceandfire:silver_ore
	- iceandfire:fire_dragon_roost
	- iceandfire:fire_dragon_cave
[12Aug2025 21:56:44.323] [Server thread/DEBUG] [com.github.alexthe666.iceandfire.IceAndFire/]: Added the following features to the biome [minecraft:stony_shore]: 
	- iceandfire:silver_ore
[12Aug2025 21:56:44.325] [Server thread/DEBUG] [com.github.alexthe666.iceandfire.IceAndFire/]: Added the following features to the biome [minecraft:sunflower_plains]: 
	- iceandfire:silver_ore
	- iceandfire:fire_dragon_roost
	- iceandfire:fire_dragon_cave
	- iceandfire:spawn_wandering_cyclops
[12Aug2025 21:56:44.327] [Server thread/DEBUG] [com.github.alexthe666.iceandfire.IceAndFire/]: Added the following features to the biome [minecraft:swamp]: 
	- iceandfire:silver_ore
	- iceandfire:hydra_cave
	- iceandfire:spawn_stymphalian_bird
[12Aug2025 21:56:44.329] [Server thread/DEBUG] [com.github.alexthe666.iceandfire.IceAndFire/]: Added the following features to the biome [minecraft:taiga]: 
	- iceandfire:silver_ore
	- iceandfire:ice_dragon_roost
	- iceandfire:ice_dragon_cave
[12Aug2025 21:56:44.338] [Server thread/DEBUG] [com.github.alexthe666.iceandfire.IceAndFire/]: Added the following features to the biome [vampirism:vampire_forest]: 
	- iceandfire:silver_ore
	- iceandfire:pixie_village
[12Aug2025 21:56:44.340] [Server thread/DEBUG] [com.github.alexthe666.iceandfire.IceAndFire/]: Added the following features to the biome [minecraft:warm_ocean]: 
	- iceandfire:fire_lily
	- iceandfire:silver_ore
	- iceandfire:fire_dragon_roost
	- iceandfire:fire_dragon_cave
	- iceandfire:siren_island
	- iceandfire:spawn_hippocampus
	- iceandfire:spawn_sea_serpent
[12Aug2025 21:56:44.344] [Server thread/DEBUG] [com.github.alexthe666.iceandfire.IceAndFire/]: Added the following features to the biome [werewolves:werewolf_heaven]: 
	- iceandfire:silver_ore
	- iceandfire:pixie_village
[12Aug2025 21:56:44.346] [Server thread/DEBUG] [com.github.alexthe666.iceandfire.IceAndFire/]: Added the following features to the biome [minecraft:windswept_forest]: 
	- iceandfire:silver_ore
[12Aug2025 21:56:44.347] [Server thread/DEBUG] [com.github.alexthe666.iceandfire.IceAndFire/]: Added the following features to the biome [minecraft:windswept_gravelly_hills]: 
	- iceandfire:silver_ore
[12Aug2025 21:56:44.349] [Server thread/DEBUG] [com.github.alexthe666.iceandfire.IceAndFire/]: Added the following features to the biome [minecraft:windswept_hills]: 
	- iceandfire:silver_ore
[12Aug2025 21:56:44.351] [Server thread/DEBUG] [com.github.alexthe666.iceandfire.IceAndFire/]: Added the following features to the biome [minecraft:windswept_savanna]: 
	- iceandfire:fire_lily
	- iceandfire:lightning_lily
	- iceandfire:silver_ore
	- iceandfire:lightning_dragon_roost
	- iceandfire:lightning_dragon_cave
	- iceandfire:spawn_dragon_skeleton_lightning
[12Aug2025 21:56:44.353] [Server thread/DEBUG] [com.github.alexthe666.iceandfire.IceAndFire/]: Added the following features to the biome [minecraft:wooded_badlands]: 
	- iceandfire:silver_ore
	- iceandfire:lightning_dragon_roost
	- iceandfire:lightning_dragon_cave
[12Aug2025 21:56:44.447] [Server thread/INFO] [citadel/]: merged 6 surface rules with vanilla rule SequenceRuleSource
[12Aug2025 21:56:44.447] [Server thread/DEBUG] [citadel/]: surface rule recursive depth: 15
[12Aug2025 21:56:44.515] [Server thread/INFO] [spark/]: Starting background profiler...
[12Aug2025 21:56:45.706] [Server thread/DEBUG] [mixin/]: Mixing ProcessorListsAccessor from vampirism.mixins.json into net.minecraft.data.worldgen.ProcessorLists
[12Aug2025 21:56:45.727] [Server thread/DEBUG] [io.netty.buffer.AbstractByteBuf/]: -Dio.netty.buffer.checkAccessible: true
[12Aug2025 21:56:45.727] [Server thread/DEBUG] [io.netty.buffer.AbstractByteBuf/]: -Dio.netty.buffer.checkBounds: true
[12Aug2025 21:56:45.728] [Server thread/DEBUG] [io.netty.util.ResourceLeakDetectorFactory/]: Loaded default ResourceLeakDetector: io.netty.util.ResourceLeakDetector@5c5d80ad
[12Aug2025 21:56:45.737] [Server thread/INFO] [net.minecraft.server.dedicated.DedicatedServer/]: Preparing level "world"
[12Aug2025 21:56:45.738] [Server thread/DEBUG] [mixin/]: Mixing feature.branding.BrandingControlMixin from modernfix-forge.mixins.json into net.minecraftforge.internal.BrandingControl
[12Aug2025 21:56:45.745] [Server thread/DEBUG] [net.minecraftforge.coremod.transformer.CoreModBaseTransformer/COREMOD]: Transforming net/minecraft/world/level/levelgen/PhantomSpawner
[12Aug2025 21:56:45.753] [Server thread/DEBUG] [net.minecraftforge.coremod.transformer.CoreModBaseTransformer/COREMOD]: Transforming net/minecraft/world/level/levelgen/PatrolSpawner
[12Aug2025 21:56:45.760] [Server thread/DEBUG] [net.minecraftforge.coremod.transformer.CoreModBaseTransformer/COREMOD]: Transforming net/minecraft/world/entity/npc/CatSpawner
[12Aug2025 21:56:45.768] [Server thread/DEBUG] [net.minecraftforge.coremod.transformer.CoreModBaseTransformer/COREMOD]: Transforming net/minecraft/world/entity/ai/village/VillageSiege
[12Aug2025 21:56:45.780] [Server thread/DEBUG] [mixin/]: Mixing ChunkLoadDebug from cupboard.mixins.json into net.minecraft.server.level.ServerChunkCache
[12Aug2025 21:56:45.781] [Server thread/DEBUG] [mixin/]: Mixing bugfix.chunk_deadlock.ServerChunkCache_CurrentLoadingMixin from modernfix-forge.mixins.json into net.minecraft.server.level.ServerChunkCache
[12Aug2025 21:56:45.816] [Server thread/DEBUG] [mixin/]: Mixing perf.ticking_chunk_alloc.ChunkHolderMixin from modernfix-common.mixins.json into net.minecraft.server.level.ChunkHolder
[12Aug2025 21:56:45.822] [Server thread/DEBUG] [mixin/]: Mixing bugfix.paper_chunk_patches.ChunkMapMixin from modernfix-common.mixins.json into net.minecraft.server.level.ChunkMap
[12Aug2025 21:56:45.822] [Server thread/DEBUG] [mixin/]: Renaming synthetic method lambda$useLegacySchedulingLogic$1(Lnet/minecraft/world/level/chunk/ChunkStatus;Lnet/minecraft/world/level/ChunkPos;Lnet/minecraft/server/level/ChunkHolder;Lcom/mojang/datafixers/util/Either;)Ljava/util/concurrent/CompletionStage; to md8ce68a$lambda$useLegacySchedulingLogic$1$0 in modernfix-common.mixins.json:bugfix.paper_chunk_patches.ChunkMapMixin
[12Aug2025 21:56:45.823] [Server thread/DEBUG] [mixin/]: Renaming synthetic method lambda$useLegacySchedulingLogic$0(Lnet/minecraft/server/level/ChunkHolder;Lnet/minecraft/world/level/chunk/ChunkAccess;)Ljava/util/concurrent/CompletableFuture; to md8ce68a$lambda$useLegacySchedulingLogic$0$1 in modernfix-common.mixins.json:bugfix.paper_chunk_patches.ChunkMapMixin
[12Aug2025 21:56:45.825] [Server thread/DEBUG] [mixin/]: Mixing bugfix.chunk_deadlock.ChunkMapLoadMixin from modernfix-forge.mixins.json into net.minecraft.server.level.ChunkMap
[12Aug2025 21:56:45.837] [Server thread/DEBUG] [mixin/]: Mixing MixinProtoChunk from forge-mca.mixin.json into net.minecraft.world.level.chunk.ProtoChunk
[12Aug2025 21:56:46.025] [Server thread/DEBUG] [mixin/]: Mixing perf.cache_strongholds.ChunkGeneratorMixin from modernfix-common.mixins.json into net.minecraft.world.level.chunk.ChunkGeneratorStructureState
[12Aug2025 21:56:46.026] [Server thread/DEBUG] [mixin/]: Renaming synthetic method lambda$saveCachedData$0(Ljava/util/List;)Ljava/util/List; to md8ce68a$lambda$saveCachedData$0$0 in modernfix-common.mixins.json:perf.cache_strongholds.ChunkGeneratorMixin
[12Aug2025 21:56:46.068] [Server thread/DEBUG] [mixin/]: Mixing perf.faster_structure_location.StructureCheckMixin from modernfix-common.mixins.json into net.minecraft.world.level.levelgen.structure.StructureCheck
[12Aug2025 21:56:46.074] [Server thread/DEBUG] [mixin/]: Mixing MixinSleepStatus from dragonsurvival.mixins.json into net.minecraft.server.players.SleepStatus
[12Aug2025 21:56:46.089] [Server thread/DEBUG] [ModernFix/]: Loaded stronghold cache for dimension minecraft:overworld with 128 positions
[12Aug2025 21:56:46.092] [Server thread/INFO] [de.teamlapen.vampirism.GeneralEventHandler/]: Replacing DistanceManager.chunksToUpdateFutures for level ResourceKey[minecraft:dimension / minecraft:overworld] with concurrent set.
[12Aug2025 21:56:46.106] [Server thread/INFO] [de.teamlapen.vampirism.GeneralEventHandler/]: Replacing DistanceManager.chunksToUpdateFutures for level ResourceKey[minecraft:dimension / minecraft:the_nether] with concurrent set.
[12Aug2025 21:56:46.115] [Server thread/INFO] [de.teamlapen.vampirism.GeneralEventHandler/]: Replacing DistanceManager.chunksToUpdateFutures for level ResourceKey[minecraft:dimension / aerlunerpg:crowdd] with concurrent set.
[12Aug2025 21:56:46.219] [Server thread/INFO] [de.teamlapen.vampirism.GeneralEventHandler/]: Replacing DistanceManager.chunksToUpdateFutures for level ResourceKey[minecraft:dimension / world:worldtest_1] with concurrent set.
[12Aug2025 21:56:46.230] [Server thread/INFO] [de.teamlapen.vampirism.GeneralEventHandler/]: Replacing DistanceManager.chunksToUpdateFutures for level ResourceKey[minecraft:dimension / minecraft:the_end] with concurrent set.
[12Aug2025 21:56:46.314] [Server thread/INFO] [de.teamlapen.vampirism.GeneralEventHandler/]: Replacing DistanceManager.chunksToUpdateFutures for level ResourceKey[minecraft:dimension / aerlunerpg:iced] with concurrent set.
[12Aug2025 21:56:46.317] [Server thread/INFO] [de.teamlapen.vampirism.GeneralEventHandler/]: Replacing DistanceManager.chunksToUpdateFutures for level ResourceKey[minecraft:dimension / world:madnessdimension] with concurrent set.
[12Aug2025 21:56:46.319] [Server thread/INFO] [net.minecraft.server.MinecraftServer/]: Preparing start region for dimension minecraft:overworld
[12Aug2025 21:56:46.320] [Server thread/DEBUG] [mixin/]: Mixing bugfix.paper_chunk_patches.SortedArraySetMixin from modernfix-common.mixins.json into net.minecraft.util.SortedArraySet
[12Aug2025 21:56:46.445] [Server thread/DEBUG] [mixin/]: Mixing MixinChunkSerializer from architectury.mixins.json into net.minecraft.world.level.chunk.storage.ChunkSerializer
[12Aug2025 21:56:46.454] [Server thread/DEBUG] [mixin/]: Mixing perf.compact_bit_storage.PalettedContainerMixin from modernfix-common.mixins.json into net.minecraft.world.level.chunk.PalettedContainer
[12Aug2025 21:56:46.468] [Server thread/DEBUG] [mixin/]: Mixing ThreadingDetectorMixin from cupboard.mixins.json into net.minecraft.util.ThreadingDetector
[12Aug2025 21:56:47.074] [Server thread/DEBUG] [net.minecraftforge.coremod.transformer.CoreModBaseTransformer/COREMOD]: Transforming net/minecraft/world/level/levelgen/structure/templatesystem/StructureTemplate
[12Aug2025 21:56:47.157] [Server thread/DEBUG] [mixin/]: Mixing perf.cache_blockstate_cache_arrays.AbstractBlockStateCacheMixin from modernfix-common.mixins.json into net.minecraft.world.level.block.state.BlockBehaviour$BlockStateBase$Cache
[12Aug2025 21:56:47.158] [Server thread/DEBUG] [mixin/]: Mixing BlockStateCacheMixin from ferritecore.blockstatecache.mixin.json into net.minecraft.world.level.block.state.BlockBehaviour$BlockStateBase$Cache
[12Aug2025 21:56:47.423] [Server thread/DEBUG] [ModernFix/]: Using cached upgraded version of world:mushroom3
[12Aug2025 21:56:47.427] [Server thread/DEBUG] [mixin/]: Mixing SubShapeAccess from ferritecore.blockstatecache.mixin.json into net.minecraft.world.phys.shapes.SubShape
[12Aug2025 21:56:47.485] [Server thread/DEBUG] [ModernFix/]: Using cached upgraded version of dungeons_arise:small_blimp/small_blimp_ladders_0
[12Aug2025 21:56:47.560] [Server thread/DEBUG] [ModernFix/]: Using cached upgraded version of dungeons_arise:small_blimp/small_blimp_part_0
[12Aug2025 21:56:47.670] [Server thread/DEBUG] [ModernFix/]: Using cached upgraded version of dungeons_arise:small_blimp/small_blimp_skeleton_0
[12Aug2025 21:56:47.825] [Server thread/DEBUG] [ModernFix/]: Using cached upgraded version of dungeons_arise:small_blimp/small_blimp_part_1
[12Aug2025 21:56:47.847] [Server thread/DEBUG] [ModernFix/]: Using cached upgraded version of dungeons_arise:small_blimp/small_blimp_skeleton_2
[12Aug2025 21:56:47.848] [Server thread/DEBUG] [ModernFix/]: Using cached upgraded version of dungeons_arise:small_blimp/small_blimp_skeleton_1
[12Aug2025 21:56:47.904] [Server thread/DEBUG] [ModernFix/]: Using cached upgraded version of world:dryad_houseee
[12Aug2025 21:56:48.011] [Server thread/DEBUG] [ModernFix/]: Using cached upgraded version of world:tree_elf_houses
[12Aug2025 21:56:48.086] [Server thread/DEBUG] [ModernFix/]: Using cached upgraded version of world:insane_tree
[12Aug2025 21:56:48.344] [Server thread/INFO] [net.minecraft.server.level.progress.LoggerChunkProgressListener/]: Preparing spawn area: 0%
[12Aug2025 21:56:48.397] [Server thread/INFO] [net.minecraft.server.level.progress.LoggerChunkProgressListener/]: Preparing spawn area: 0%
[12Aug2025 21:56:48.519] [Server thread/INFO] [net.minecraft.server.level.progress.LoggerChunkProgressListener/]: Preparing spawn area: 0%
[12Aug2025 21:56:48.565] [Server thread/INFO] [net.minecraft.server.level.progress.LoggerChunkProgressListener/]: Preparing spawn area: 0%
[12Aug2025 21:56:48.574] [Server thread/DEBUG] [ModernFix/]: Using cached upgraded version of world:goblin_houses1111
[12Aug2025 21:56:48.742] [Server thread/DEBUG] [ModernFix/]: Using cached upgraded version of world:big_root
[12Aug2025 21:56:48.758] [Server thread/INFO] [net.minecraft.server.level.progress.LoggerChunkProgressListener/]: Preparing spawn area: 0%
[12Aug2025 21:56:48.786] [Server thread/DEBUG] [ModernFix/]: Using cached upgraded version of mowziesmobs:wroughtnaut_chamber
[12Aug2025 21:56:48.933] [Server thread/INFO] [net.minecraft.server.level.progress.LoggerChunkProgressListener/]: Preparing spawn area: 0%
[12Aug2025 21:56:49.321] [Worker-Main-3/INFO] [net.minecraft.server.level.progress.LoggerChunkProgressListener/]: Preparing spawn area: 0%
[12Aug2025 21:56:49.447] [Worker-Main-3/DEBUG] [mixin/]: Mixing JigsawPlacementPlacerMixin from waystones.mixins.json into net.minecraft.world.level.levelgen.structure.pools.JigsawPlacement$Placer
[12Aug2025 21:56:49.448] [Worker-Main-3/DEBUG] [mixin/]: Mixing MixinJigsawPlacer from vampirism.mixins.json into net.minecraft.world.level.levelgen.structure.pools.JigsawPlacement$Placer
[12Aug2025 21:56:49.525] [Server thread/DEBUG] [mixin/]: Mixing WalkAnimationStateAccessor from vampirism.mixins.json into net.minecraft.world.entity.WalkAnimationState
[12Aug2025 21:56:49.536] [Server thread/DEBUG] [mixin/]: Mixing GoalSelectorMixin from vampirism.mixins.json into net.minecraft.world.entity.ai.goal.GoalSelector
[12Aug2025 21:56:49.536] [Server thread/DEBUG] [mixin/]: Mixing GoalSelectorAccessor from werewolves.mixins.json into net.minecraft.world.entity.ai.goal.GoalSelector
[12Aug2025 21:56:49.894] [Worker-Main-3/INFO] [net.minecraft.server.level.progress.LoggerChunkProgressListener/]: Preparing spawn area: 99%
[12Aug2025 21:56:50.325] [Worker-Main-5/INFO] [net.minecraft.server.level.progress.LoggerChunkProgressListener/]: Preparing spawn area: 99%
[12Aug2025 21:56:50.834] [Worker-Main-5/INFO] [net.minecraft.server.level.progress.LoggerChunkProgressListener/]: Preparing spawn area: 99%
[12Aug2025 21:56:51.361] [Worker-Main-5/INFO] [net.minecraft.server.level.progress.LoggerChunkProgressListener/]: Preparing spawn area: 99%
[12Aug2025 21:56:51.479] [Worker-Main-5/DEBUG] [mixin/]: Mixing gen.WorldGenRegionMixin from iceandfire.mixins.json into net.minecraft.server.level.WorldGenRegion
[12Aug2025 21:56:51.824] [Worker-Main-5/INFO] [net.minecraft.server.level.progress.LoggerChunkProgressListener/]: Preparing spawn area: 99%
[12Aug2025 21:56:52.352] [Worker-Main-4/INFO] [net.minecraft.server.level.progress.LoggerChunkProgressListener/]: Preparing spawn area: 99%
[12Aug2025 21:56:52.745] [Worker-Main-5/WARN] [net.minecraft.world.level.levelgen.heightproviders.TrapezoidHeight/]: Empty height range: triangle (-66 absolute--67 absolute)
[12Aug2025 21:56:52.837] [Worker-Main-5/INFO] [net.minecraft.server.level.progress.LoggerChunkProgressListener/]: Preparing spawn area: 99%
[12Aug2025 21:56:52.859] [Server thread/INFO] [net.minecraft.server.level.progress.LoggerChunkProgressListener/]: Time elapsed: 6539 ms
[12Aug2025 21:56:52.859] [Server thread/INFO] [net.minecraft.server.dedicated.DedicatedServer/]: Done (8.722s)! For help, type "help"
[12Aug2025 21:56:52.865] [Server thread/DEBUG] [net.minecraftforge.network.DualStackUtils/]: Detected IPv6 address: "0:0:0:0:0:0:0:0"
[12Aug2025 21:56:52.960] [Server thread/DEBUG] [net.minecraftforge.common.ForgeI18n/CORE]: Loading I18N data entries: 13425
[12Aug2025 21:56:52.966] [Server thread/INFO] [net.minecraftforge.server.permission.PermissionAPI/]: Successfully initialized permission handler forge:default_handler
[12Aug2025 21:56:53.003] [Server thread/INFO] [com.github.alexthe666.iceandfire.IceAndFire/]: {iceandfire:fire_dragon_roost=true, iceandfire:fire_lily=true, iceandfire:spawn_dragon_skeleton_fire=true, iceandfire:lightning_dragon_roost=true, iceandfire:spawn_dragon_skeleton_lightning=true, iceandfire:ice_dragon_roost=true, iceandfire:ice_dragon_cave=true, iceandfire:lightning_dragon_cave=true, iceandfire:cyclops_cave=true, iceandfire:spawn_wandering_cyclops=true, iceandfire:spawn_sea_serpent=true, iceandfire:frost_lily=true, iceandfire:hydra_cave=true, iceandfire:lightning_lily=true, iceandfire:pixie_village=true, iceandfire:myrmex_hive_jungle=true, iceandfire:myrmex_hive_desert=true, iceandfire:silver_ore=true, iceandfire:siren_island=true, iceandfire:spawn_dragon_skeleton_ice=true, iceandfire:spawn_stymphalian_bird=true, iceandfire:fire_dragon_cave=true, iceandfire:sapphire_ore=true, iceandfire:spawn_hippocampus=true, iceandfire:spawn_death_worm=true}
[12Aug2025 21:56:53.004] [Server thread/INFO] [com.github.alexthe666.iceandfire.IceAndFire/]: {TROLL_S=true, HIPPOGRYPH=true, AMPHITHERE=true, COCKATRICE=true, TROLL_M=true, DREAD_LICH=true, TROLL_F=true}
[12Aug2025 21:56:56.167] [Server thread/WARN] [ModernFix/]: Dedicated server took 41.898 seconds to load
[12Aug2025 21:56:56.209] [Server thread/DEBUG] [net.minecraftforge.coremod.transformer.CoreModBaseTransformer/COREMOD]: Transforming net/minecraft/world/level/NaturalSpawner
[12Aug2025 21:56:56.230] [Server thread/DEBUG] [mixin/]: Mixing item.wearable.NaturalSpawnerMixin from mixins.artifacts.common.json into net.minecraft.world.level.NaturalSpawner
[12Aug2025 21:56:56.230] [Server thread/DEBUG] [mixin/]: Renaming synthetic method lambda$spawnCategoryForPosition$0(Lnet/minecraft/world/entity/Mob;Lnet/minecraft/world/item/ItemStack;)V to md8ce68a$lambda$spawnCategoryForPosition$0$0 in mixins.artifacts.common.json:item.wearable.NaturalSpawnerMixin
[12Aug2025 21:56:56.231] [Server thread/DEBUG] [mixin/]: Mixing NaturalSpawnerMixin from alexscaves.mixins.json into net.minecraft.world.level.NaturalSpawner
[12Aug2025 21:56:56.308] [Server thread/DEBUG] [artifacts.Artifacts/]: Loaded artifacts.forge.platform.ForgePlatformHelper@2c9ccc83 for service interface artifacts.platform.PlatformHelper
[12Aug2025 21:56:56.311] [Server thread/DEBUG] [de.teamlapen.vampirism.entity.converted.BiteableEntryManager/]: Calculated size 0.32 and blood value 2 for entity alexsmobs:capuchin_monkey
[12Aug2025 21:56:56.316] [Server thread/DEBUG] [mixin/]: Mixing item.wearable.charmofsinking.EnchantmentHelperMixin from mixins.artifacts.common.json into net.minecraft.world.item.enchantment.EnchantmentHelper
[12Aug2025 21:56:56.317] [Server thread/DEBUG] [mixin/]: Mixing item.wearable.pendant.EnchantmentHelperMixin from mixins.artifacts.common.json into net.minecraft.world.item.enchantment.EnchantmentHelper
[12Aug2025 21:56:56.317] [Server thread/DEBUG] [mixin/]: Mixing MixinEnchantmentHelper from dragonsurvival.mixins.json into net.minecraft.world.item.enchantment.EnchantmentHelper
[12Aug2025 21:56:56.336] [Server thread/DEBUG] [de.teamlapen.vampirism.entity.converted.BiteableEntryManager/]: Calculated size 0.32 and blood value 2 for entity alexsmobs:capuchin_monkey
[12Aug2025 21:56:56.337] [Server thread/DEBUG] [de.teamlapen.vampirism.entity.converted.BiteableEntryManager/]: Calculated size 0.32 and blood value 2 for entity alexsmobs:capuchin_monkey
[12Aug2025 21:56:56.338] [Server thread/DEBUG] [de.teamlapen.vampirism.entity.converted.BiteableEntryManager/]: Calculated size 0.32 and blood value 2 for entity alexsmobs:leafcutter_ant
[12Aug2025 21:56:56.342] [Server thread/DEBUG] [de.teamlapen.vampirism.entity.converted.BiteableEntryManager/]: Calculated size 0.32 and blood value 2 for entity alexsmobs:capuchin_monkey
[12Aug2025 21:56:56.343] [Server thread/DEBUG] [de.teamlapen.vampirism.entity.converted.BiteableEntryManager/]: Calculated size 0.32 and blood value 2 for entity alexsmobs:capuchin_monkey
[12Aug2025 21:56:56.344] [Server thread/DEBUG] [de.teamlapen.vampirism.entity.converted.BiteableEntryManager/]: Calculated size 0.32 and blood value 2 for entity alexsmobs:capuchin_monkey
[12Aug2025 21:56:56.345] [Server thread/DEBUG] [de.teamlapen.vampirism.entity.converted.BiteableEntryManager/]: Calculated size 0.32 and blood value 2 for entity alexsmobs:capuchin_monkey
[12Aug2025 21:56:56.345] [Server thread/DEBUG] [de.teamlapen.vampirism.entity.converted.BiteableEntryManager/]: Calculated size 0.32 and blood value 2 for entity alexsmobs:capuchin_monkey
[12Aug2025 21:56:56.346] [Server thread/DEBUG] [de.teamlapen.vampirism.entity.converted.BiteableEntryManager/]: Calculated size 0.32 and blood value 2 for entity alexsmobs:capuchin_monkey
[12Aug2025 21:56:56.347] [Server thread/DEBUG] [de.teamlapen.vampirism.entity.converted.BiteableEntryManager/]: Calculated size 0.32 and blood value 2 for entity alexsmobs:capuchin_monkey
[12Aug2025 22:01:56.137] [Server thread/DEBUG] [citadel/]: saving unmodified surface rules as type SequenceRuleSource
[12Aug2025 22:01:56.272] [Server thread/DEBUG] [citadel/]: modified surface rules to type CitadelSurfaceRuleWrapper
[12Aug2025 22:01:56.272] [Server thread/DEBUG] [net.minecraftforge.common.ForgeHooks/WP]: Gathering id map for writing to world save world
[12Aug2025 22:01:56.294] [Server thread/DEBUG] [net.minecraftforge.common.ForgeHooks/WP]: ID Map collection complete world
